uid,resp_time,other_relaxing,other_working,relaxing,working,location
u00,2013-04-09 06:13:44,2.0,2.0,2.0,3.0,
u00,2013-04-09 20:11:32,1.0,4.0,1.0,1.0,
u00,2013-04-10 07:16:12,1.0,4.0,1.0,3.0,
u00,2013-04-17 20:27:22,1.0,5.0,1.0,1.0,
u00,2013-04-18 21:07:12,1.0,3.0,1.0,2.0,null
u00,2013-04-11 15:14:01,1.0,3.0,1.0,2.0,
u00,2013-04-14 06:48:33,4.0,3.0,2.0,2.0,
u00,2013-04-15 06:10:01,5.0,1.0,1.0,1.0,
u00,2013-04-24 22:07:22,1.0,1.0,4.0,3.0,"43.75923622,-72.32892739"
u00,2013-04-22 20:25:02,1.0,1.0,1.0,3.0,"43.70043872,-72.28947989"
u00,2013-04-28 19:23:48,1.0,5.0,3.0,2.0,Unknown
u00,2013-04-25 17:23:18,2.0,4.0,3.0,2.0,"43.70538232,-72.28829514"
u00,2013-04-26 17:21:00,1.0,3.0,1.0,2.0,"43.73657036,-72.31722019"
u00,2013-05-16 22:21:39,1.0,3.0,1.0,3.0,"41.86801662,-71.42865865"
u00,2013-05-15 22:16:13,1.0,2.0,1.0,2.0,"43.7063807,-72.28761844"
u00,2013-06-02 19:32:45,1.0,2.0,3.0,2.0,"43.75938059,-72.32893392"
u00,2013-06-04 19:44:20,1.0,1.0,1.0,1.0,"43.70027628,-72.29281137"
u00,2013-06-07 19:45:55,1.0,3.0,1.0,3.0,"43.7074347,-72.28743734"
u00,2013-08-10 03:43:54,1.0,1.0,1.0,1.0,"43.70579481,-72.28577693"
u01,2013-04-09 06:54:31,3.0,2.0,2.0,2.0,
u01,2013-04-18 20:56:51,3.0,2.0,4.0,1.0,null
u01,2013-04-12 08:21:35,4.0,2.0,1.0,2.0,
u02,2013-04-08 05:16:32,2.0,2.0,1.0,2.0,
u02,2013-04-10 09:45:01,1.0,3.0,1.0,3.0,
u02,2013-04-11 06:00:38,1.0,3.0,1.0,2.0,
u02,2013-04-12 06:02:09,2.0,3.0,1.0,2.0,
u02,2013-04-15 06:01:26,1.0,3.0,1.0,3.0,
u02,2013-04-14 06:28:59,3.0,2.0,1.0,1.0,
u02,2013-04-27 17:16:59,2.0,2.0,1.0,3.0,"43.70715614,-72.29313627"
u02,2013-05-06 07:34:28,4.0,1.0,1.0,2.0,"43.70728638,-72.29279535"
u03,2013-04-08 05:46:26,3.0,1.0,1.0,2.0,
u03,2013-04-10 16:01:30,1.0,1.0,2.0,3.0,
u03,2013-04-12 08:10:50,1.0,1.0,3.0,2.0,
u03,2013-04-15 06:00:07,1.0,1.0,3.0,3.0,
u03,2013-04-21 17:17:33,3.0,1.0,1.0,2.0,"43.70536261,-72.28318195"
u03,2013-04-22 15:23:11,1.0,2.0,1.0,3.0,"43.70535398,-72.28320533"
u03,2013-04-24 00:59:50,1.0,1.0,2.0,4.0,"43.70529062,-72.2832795"
u03,2013-04-28 18:35:43,2.0,1.0,1.0,4.0,"43.70520757,-72.28296334"
u03,2013-04-25 17:33:09,1.0,1.0,2.0,3.0,"43.70545245,-72.2829737"
u03,2013-05-06 01:18:33,3.0,1.0,2.0,1.0,"43.70534815,-72.28310122"
u03,2013-05-12 19:33:59,2.0,1.0,3.0,1.0,"43.70579533,-72.28356911"
u04,2013-04-08 04:19:24,3.0,2.0,3.0,1.0,
u04,2013-04-09 07:03:21,2.0,3.0,2.0,3.0,
u04,2013-04-12 02:04:45,3.0,1.0,3.0,2.0,
u04,2013-04-11 06:27:51,2.0,1.0,3.0,2.0,
u04,2013-04-12 04:39:24,2.0,1.0,3.0,2.0,
u04,2013-04-12 02:04:34,3.0,1.0,3.0,2.0,
u04,2013-04-12 16:58:07,3.0,1.0,3.0,2.0,
u04,2013-04-13 14:38:25,2.0,3.0,3.0,2.0,
u04,2013-04-22 23:01:29,2.0,2.0,3.0,2.0,"43.70623282,-72.28816572"
u04,2013-04-28 19:00:14,3.0,3.0,3.0,1.0,"43.70425558,-72.28583424"
u04,2013-04-27 17:26:33,3.0,2.0,2.0,2.0,"43.70427751,-72.28593045"
u04,2013-04-26 17:29:12,2.0,2.0,3.0,2.0,"43.70403989,-72.28593925"
u04,2013-05-15 23:19:09,2.0,2.0,3.0,2.0,"43.7026866,-72.28761377"
u07,2013-04-10 17:56:44,1.0,1.0,3.0,2.0,
u07,2013-04-11 09:31:26,2.0,1.0,2.0,3.0,
u07,2013-04-12 08:19:44,2.0,1.0,2.0,4.0,
u07,2013-04-17 08:10:54,1.0,3.0,2.0,2.0,
u07,2013-04-18 18:37:29,1.0,1.0,2.0,3.0,null
u07,2013-04-18 00:34:38,1.0,3.0,1.0,2.0,
u07,2013-04-20 06:50:46,2.0,1.0,2.0,2.0,"43.70392925,-72.28380701"
u07,2013-04-23 21:26:34,1.0,1.0,2.0,3.0,"43.70425769,-72.28391582"
u07,2013-04-26 17:25:42,1.0,1.0,1.0,1.0,"43.70410593,-72.28433421"
u08,2013-04-09 09:35:42,1.0,3.0,2.0,2.0,
u08,2013-04-10 10:32:55,2.0,2.0,2.0,3.0,
u08,2013-04-10 17:49:29,2.0,2.0,2.0,3.0,
u08,2013-04-18 20:32:15,2.0,3.0,2.0,3.0,null
u08,2013-04-13 01:57:21,2.0,3.0,2.0,3.0,
u08,2013-04-12 02:20:12,1.0,2.0,2.0,3.0,
u08,2013-04-13 11:33:42,2.0,2.0,2.0,3.0,
u08,2013-04-15 04:07:00,1.0,3.0,2.0,3.0,
u08,2013-04-15 07:02:26,2.0,2.0,2.0,3.0,
u08,2013-04-16 04:12:26,2.0,3.0,2.0,3.0,
u08,2013-04-17 03:56:37,2.0,3.0,2.0,3.0,
u08,2013-04-18 06:04:46,1.0,3.0,2.0,3.0,
u08,2013-04-20 20:19:28,1.0,1.0,1.0,4.0,"43.70518194,-72.28800233"
u08,2013-04-21 20:19:02,1.0,1.0,1.0,4.0,"43.70406215,-72.28755806"
u08,2013-04-21 20:19:07,1.0,1.0,1.0,4.0,"43.70406215,-72.28755806"
u08,2013-04-24 21:09:29,1.0,1.0,1.0,4.0,"43.70466963,-72.28690138"
u08,2013-04-23 22:43:55,1.0,1.0,1.0,5.0,"43.70522947,-72.29139506"
u08,2013-04-22 20:34:32,1.0,1.0,1.0,1.0,"43.7052687,-72.28811786"
u08,2013-04-23 06:28:05,1.0,1.0,1.0,5.0,"43.7052687,-72.28811786"
u08,2013-04-26 19:01:37,1.0,3.0,1.0,3.0,"43.7037697,-72.28671187"
u08,2013-05-01 19:01:52,1.0,1.0,1.0,5.0,"43.7052922,-72.2885156"
u08,2013-05-01 09:15:42,1.0,5.0,1.0,2.0,"43.70708811,-72.28767562"
u08,2013-05-05 09:18:43,1.0,1.0,1.0,5.0,"43.7037094,-72.28660102"
u08,2013-05-07 03:48:31,1.0,3.0,1.0,3.0,"43.7049437,-72.28880281"
u08,2013-05-15 18:09:01,1.0,1.0,1.0,5.0,"43.70386267,-72.288915"
u08,2013-05-19 22:36:31,1.0,1.0,1.0,5.0,"43.70573461,-72.28972765"
u08,2013-05-23 13:37:58,1.0,5.0,1.0,1.0,"43.70447785,-72.29155849"
u10,2013-04-08 04:03:23,1.0,1.0,2.0,3.0,
u10,2013-04-09 07:52:56,1.0,1.0,2.0,2.0,
u10,2013-04-10 07:31:54,1.0,1.0,1.0,3.0,
u10,2013-04-11 06:18:54,1.0,1.0,1.0,3.0,
u10,2013-04-15 07:56:04,1.0,1.0,1.0,3.0,
u10,2013-04-12 06:24:33,1.0,1.0,1.0,3.0,
u10,2013-04-13 06:21:13,1.0,1.0,1.0,3.0,
u10,2013-04-14 08:08:23,1.0,1.0,1.0,3.0,
u10,2013-04-22 01:56:39,1.0,1.0,1.0,2.0,"43.70382325,-72.28819291"
u10,2013-04-22 20:17:20,2.0,1.0,1.0,2.0,"43.70324408,-72.28961597"
u10,2013-04-24 17:21:24,1.0,1.0,1.0,4.0,"43.70324408,-72.28961597"
u10,2013-04-25 17:53:09,1.0,1.0,2.0,4.0,"43.70330372,-72.2898598"
u10,2013-04-26 17:44:10,1.0,1.0,1.0,4.0,"43.70330372,-72.2898598"
u10,2013-04-28 18:08:16,1.0,1.0,2.0,3.0,"43.70151131,-72.28813703"
u12,2013-04-08 04:29:42,1.0,1.0,1.0,5.0,
u12,2013-04-11 18:56:04,1.0,1.0,1.0,4.0,
u12,2013-04-10 07:25:06,1.0,3.0,1.0,3.0,
u12,2013-04-13 22:23:12,1.0,1.0,1.0,5.0,
u12,2013-04-14 06:02:27,1.0,1.0,1.0,5.0,
u12,2013-04-15 06:11:54,1.0,1.0,1.0,5.0,
u14,2013-04-08 04:08:44,2.0,3.0,1.0,1.0,
u14,2013-04-09 07:34:53,2.0,3.0,1.0,3.0,
u14,2013-04-12 09:17:03,3.0,1.0,3.0,2.0,
u14,2013-04-15 16:39:34,2.0,4.0,1.0,1.0,
u14,2013-04-21 20:33:14,2.0,4.0,1.0,1.0,"43.70497161,-72.28670851"
u14,2013-04-24 17:17:34,2.0,1.0,2.0,3.0,"43.7048191,-72.2868582"
u14,2013-04-25 18:07:10,3.0,2.0,3.0,3.0,"43.70453787,-72.28741118"
u14,2013-04-28 19:25:25,3.0,3.0,1.0,1.0,"42.34885369,-71.13112232"
u15,2013-04-17 03:03:22,3.0,3.0,1.0,1.0,
u15,2013-04-15 06:08:37,4.0,2.0,1.0,1.0,
u15,2013-04-18 20:17:01,3.0,2.0,2.0,1.0,
u16,2013-04-10 02:33:49,3.0,1.0,1.0,4.0,
u16,2013-04-12 06:46:01,2.0,2.0,1.0,3.0,
u16,2013-04-15 06:38:08,1.0,3.0,1.0,3.0,
u16,2013-04-14 06:00:21,1.0,3.0,1.0,4.0,
u16,2013-04-18 02:36:08,3.0,1.0,2.0,2.0,
u16,2013-04-20 16:45:13,3.0,1.0,1.0,4.0,"43.70381863,-72.2910568"
u16,2013-04-21 20:17:56,2.0,3.0,1.0,3.0,"43.70379379,-72.29137476"
u16,2013-04-22 20:01:19,1.0,2.0,1.0,4.0,"43.70366774,-72.29147122"
u16,2013-04-23 17:46:41,1.0,3.0,1.0,3.0,"43.70416336,-72.29174706"
u16,2013-04-27 04:34:21,1.0,4.0,1.0,1.0,"43.70383449,-72.29122954"
u16,2013-04-27 19:01:34,1.0,1.0,1.0,4.0,"43.70383449,-72.29122954"
u16,2013-04-28 18:23:22,1.0,3.0,1.0,3.0,"43.70380827,-72.290783"
u16,2013-04-29 20:48:46,1.0,1.0,1.0,4.0,"43.70435459,-72.29034651"
u16,2013-05-12 19:16:23,5.0,1.0,1.0,2.0,Unknown
u16,2013-05-04 18:19:47,4.0,1.0,2.0,1.0,"43.70355342,-72.29047722"
u16,2013-05-11 16:34:50,4.0,1.0,2.0,1.0,"43.70317722,-72.28939878"
u16,2013-05-15 21:34:06,2.0,2.0,1.0,4.0,"43.70374249,-72.29050587"
u16,2013-05-10 18:58:43,2.0,1.0,2.0,3.0,Unknown
u16,2013-05-08 20:33:06,3.0,1.0,1.0,3.0,"43.70444528,-72.29050901"
u16,2013-05-14 22:25:33,2.0,3.0,1.0,2.0,"43.70391463,-72.28988644"
u16,2013-05-13 21:31:10,3.0,2.0,1.0,2.0,"43.70339979,-72.28817654"
u16,2013-05-16 22:28:24,2.0,1.0,2.0,4.0,Unknown
u16,2013-05-17 22:23:48,2.0,2.0,1.0,4.0,"43.70695744,-72.28713032"
u16,2013-05-29 15:45:46,1.0,4.0,2.0,2.0,"43.68753666,-72.29250241"
u16,2013-05-28 05:42:19,1.0,1.0,1.0,4.0,"43.68753666,-72.29250241"
u17,2013-04-09 06:08:31,1.0,1.0,1.0,4.0,
u17,2013-04-10 08:20:24,1.0,2.0,2.0,4.0,
u17,2013-04-15 08:26:38,1.0,1.0,1.0,5.0,
u17,2013-04-12 09:06:37,1.0,1.0,2.0,4.0,
u17,2013-04-13 08:56:40,1.0,2.0,1.0,4.0,
u17,2013-04-13 19:33:26,1.0,1.0,2.0,5.0,
u17,2013-04-14 09:08:07,1.0,1.0,2.0,5.0,
u17,2013-04-16 23:50:33,1.0,1.0,1.0,5.0,
u17,2013-04-18 21:09:58,1.0,1.0,2.0,5.0,null
u17,2013-04-19 02:32:38,1.0,1.0,2.0,5.0,"43.70237732,-72.28914013"
u17,2013-04-20 19:42:17,1.0,2.0,1.0,5.0,Unknown
u17,2013-04-21 08:48:55,1.0,1.0,2.0,5.0,Unknown
u17,2013-04-21 22:09:25,1.0,1.0,2.0,5.0,Unknown
u17,2013-04-26 17:17:48,1.0,1.0,2.0,5.0,"43.7060191,-72.28758328"
u17,2013-04-28 00:23:16,1.0,1.0,1.0,5.0,"43.70366438,-72.2901632"
u17,2013-04-26 09:04:51,1.0,1.0,2.0,5.0,"43.7060191,-72.28758328"
u17,2013-04-29 04:28:18,1.0,1.0,1.0,5.0,Unknown
u17,2013-05-15 22:23:28,1.0,1.0,1.0,5.0,"43.704622379999996,-72.29115798"
u17,2013-05-24 12:06:31,1.0,1.0,1.0,5.0,Unknown
u18,2013-04-08 04:10:23,1.0,1.0,1.0,1.0,
u18,2013-04-09 23:54:08,1.0,2.0,2.0,3.0,
u18,2013-04-10 07:56:29,4.0,1.0,1.0,1.0,
u18,2013-04-12 06:23:43,1.0,4.0,1.0,1.0,
u18,2013-04-11 09:44:56,1.0,1.0,1.0,1.0,
u18,2013-04-16 16:50:35,3.0,3.0,1.0,2.0,
u18,2013-04-11 20:05:30,1.0,3.0,2.0,2.0,
u18,2013-04-19 03:22:50,2.0,1.0,3.0,2.0,"43.70264346,-72.28707"
u18,2013-04-21 06:17:43,1.0,1.0,5.0,1.0,"43.70724964,-72.28892471"
u18,2013-04-21 16:06:23,1.0,1.0,4.0,2.0,"43.70734979,-72.28910436"
u18,2013-04-21 20:00:48,1.0,1.0,1.0,1.0,"43.70747855,-72.28919547"
u18,2013-04-25 17:16:12,1.0,1.0,1.0,1.0,Unknown
u18,2013-04-26 17:16:06,1.0,5.0,1.0,1.0,"43.70659959,-72.28686749"
u19,2013-04-08 04:26:12,1.0,2.0,1.0,5.0,
u19,2013-04-09 03:27:22,1.0,2.0,1.0,5.0,
u19,2013-04-09 06:32:06,1.0,2.0,1.0,5.0,
u19,2013-04-10 06:15:50,2.0,2.0,1.0,3.0,
u19,2013-04-11 07:17:35,1.0,2.0,1.0,5.0,
u19,2013-04-14 04:16:20,3.0,2.0,1.0,3.0,
u19,2013-04-15 06:31:18,4.0,1.0,1.0,3.0,
u19,2013-04-12 06:25:02,1.0,3.0,1.0,4.0,
u19,2013-04-16 09:21:48,2.0,3.0,1.0,3.0,
u19,2013-04-19 08:29:49,2.0,2.0,1.0,4.0,"43.70734975,-72.28629956"
u19,2013-04-21 08:12:07,2.0,1.0,1.0,3.0,"43.7067391,-72.28556913"
u19,2013-04-21 23:45:47,3.0,3.0,1.0,2.0,"43.7067805,-72.28550931"
u19,2013-04-22 20:00:53,3.0,1.0,1.0,4.0,"43.70706454,-72.2854433"
u19,2013-04-28 17:41:31,2.0,1.0,1.0,5.0,"43.70670747,-72.28550624"
u19,2013-04-26 17:49:38,1.0,3.0,1.0,4.0,"43.70693121,-72.28557612"
u19,2013-04-26 05:53:55,1.0,3.0,1.0,4.0,"43.70252387,-72.28969879"
u19,2013-04-27 17:38:41,4.0,1.0,1.0,3.0,"43.70709568,-72.28590487"
u19,2013-05-01 09:28:30,1.0,3.0,1.0,4.0,"43.70101204,-72.28677708"
u19,2013-05-11 05:13:24,1.0,3.0,1.0,4.0,"43.70700456,-72.28598088"
u19,2013-05-06 07:30:05,5.0,1.0,1.0,2.0,"43.70706627,-72.28596306"
u19,2013-05-03 18:49:14,1.0,4.0,1.0,3.0,"43.70690988,-72.28699822"
u19,2013-05-05 07:51:50,2.0,1.0,1.0,4.0,"43.70691192,-72.28587513"
u19,2013-05-13 05:30:01,2.0,1.0,1.0,5.0,"43.70743065,-72.286434"
u19,2013-05-15 22:21:57,1.0,2.0,1.0,4.0,"43.70246446,-72.28774351"
u19,2013-05-10 21:22:05,1.0,3.0,1.0,4.0,"43.70680418,-72.28601166"
u19,2013-05-13 20:26:52,1.0,1.0,1.0,5.0,"43.70670191,-72.28568105"
u19,2013-05-12 09:04:57,1.0,3.0,1.0,4.0,"43.70701211,-72.28611727"
u19,2013-05-17 22:17:19,1.0,2.0,1.0,5.0,"43.70161344,-72.28714129"
u19,2013-05-19 21:53:54,3.0,3.0,1.0,2.0,"43.70669977,-72.28545979"
u19,2013-05-20 08:27:08,1.0,4.0,1.0,3.0,"43.70754131,-72.28597491"
u19,2013-05-21 09:10:28,2.0,3.0,1.0,3.0,"43.70712264,-72.28701115"
u19,2013-05-22 08:08:47,1.0,2.0,1.0,4.0,"43.7040776,-72.29042456"
u19,2013-05-23 07:43:59,1.0,3.0,1.0,4.0,"43.70693856,-72.28579217"
u19,2013-05-24 08:13:57,1.0,3.0,1.0,4.0,Unknown
u19,2013-05-31 07:10:42,4.0,3.0,1.0,1.0,"43.70696465,-72.28583899"
u19,2013-05-26 09:50:42,1.0,4.0,1.0,3.0,"43.70709334,-72.28524117"
u19,2013-06-01 07:06:04,4.0,2.0,1.0,1.0,"43.70717259,-72.2867125"
u19,2013-05-29 18:32:45,1.0,5.0,1.0,1.0,"43.70689977,-72.28714289"
u20,2013-04-12 06:39:43,3.0,1.0,3.0,4.0,
u20,2013-04-14 06:45:23,1.0,2.0,5.0,4.0,
u22,2013-04-08 05:12:50,1.0,5.0,1.0,1.0,
u22,2013-04-09 08:28:25,1.0,5.0,1.0,1.0,
u22,2013-04-11 07:54:13,1.0,1.0,1.0,5.0,
u22,2013-04-12 07:16:12,3.0,1.0,1.0,4.0,
u22,2013-04-15 06:42:21,1.0,3.0,1.0,3.0,
u22,2013-04-13 06:34:47,1.0,3.0,1.0,3.0,
u22,2013-04-14 21:44:31,3.0,1.0,1.0,3.0,
u22,2013-04-22 21:14:33,1.0,1.0,1.0,1.0,"43.70418092,-72.29045018"
u22,2013-05-14 22:16:56,1.0,1.0,1.0,5.0,"43.70394194,-72.29039284"
u22,2013-05-08 07:17:09,3.0,1.0,1.0,3.0,"43.70396191,-72.2905632"
u22,2013-05-17 22:16:19,4.0,4.0,1.0,1.0,"43.70392777,-72.29045036"
u23,2013-04-09 06:11:10,2.0,1.0,1.0,3.0,
u23,2013-04-15 06:48:58,1.0,1.0,1.0,1.0,
u23,2013-04-10 02:35:58,1.0,1.0,1.0,3.0,
u23,2013-04-10 06:00:36,1.0,1.0,1.0,1.0,
u23,2013-04-12 06:02:34,1.0,1.0,1.0,1.0,
u23,2013-04-11 06:00:37,1.0,1.0,1.0,4.0,
u23,2013-04-13 06:00:50,1.0,2.0,1.0,4.0,
u23,2013-04-14 06:00:16,1.0,1.0,3.0,2.0,
u23,2013-04-24 17:18:55,1.0,1.0,1.0,1.0,"43.70538185,-72.28324725"
u23,2013-04-25 17:15:22,1.0,1.0,1.0,1.0,"43.70542978,-72.28317344"
u24,2013-04-12 08:13:28,3.0,1.0,2.0,1.0,
u24,2013-04-12 08:13:27,3.0,1.0,2.0,1.0,
u24,2013-04-13 20:57:33,3.0,1.0,2.0,1.0,
u24,2013-04-14 07:02:22,4.0,1.0,2.0,1.0,
u24,2013-04-15 06:27:03,1.0,1.0,1.0,1.0,
u24,2013-05-17 22:39:02,3.0,1.0,1.0,2.0,"43.70636729,-72.29144404"
u24,2013-05-17 19:32:57,2.0,1.0,2.0,3.0,"43.40089792,-72.02094469"
u25,2013-04-09 06:35:50,1.0,2.0,1.0,3.0,
u25,2013-04-10 06:13:54,1.0,1.0,1.0,4.0,
u25,2013-04-12 06:12:19,1.0,2.0,2.0,3.0,
u25,2013-04-21 22:30:06,2.0,1.0,2.0,3.0,"43.70073445,-72.28687341"
u27,2013-04-12 06:18:07,1.0,1.0,3.0,1.0,
u27,2013-04-15 06:22:34,1.0,2.0,1.0,3.0,
u27,2013-04-17 09:19:05,1.0,3.0,1.0,3.0,
u27,2013-04-18 20:27:23,2.0,1.0,1.0,3.0,null
u27,2013-04-25 17:16:22,2.0,1.0,3.0,2.0,Unknown
u27,2013-05-15 22:21:24,1.0,1.0,1.0,1.0,"43.70367367,-72.28792484"
u27,2013-05-18 22:25:38,1.0,1.0,1.0,1.0,"43.70411915,-72.28567946"
u30,2013-04-12 08:15:02,3.0,3.0,1.0,1.0,
u30,2013-04-20 22:09:19,2.0,1.0,1.0,3.0,"41.23064284,-73.0728831"
u30,2013-04-21 20:26:18,2.0,2.0,1.0,3.0,"41.23064284,-73.0728831"
u30,2013-04-29 17:59:23,2.0,1.0,1.0,4.0,"43.70906142,-72.28431236"
u30,2013-05-03 06:29:59,3.0,2.0,1.0,3.0,"43.7024991,-72.28938342"
u31,2013-04-09 06:00:31,3.0,2.0,2.0,4.0,
u31,2013-04-12 06:19:55,2.0,1.0,1.0,5.0,
u31,2013-04-13 08:13:02,1.0,1.0,1.0,1.0,
u32,2013-04-08 19:13:44,1.0,3.0,1.0,3.0,
u32,2013-04-10 07:56:25,2.0,4.0,1.0,1.0,
u32,2013-04-11 09:40:10,3.0,2.0,1.0,3.0,
u32,2013-04-12 08:46:22,1.0,4.0,1.0,2.0,
u32,2013-04-14 07:16:18,4.0,1.0,1.0,1.0,
u32,2013-04-13 07:41:24,4.0,1.0,1.0,1.0,
u32,2013-04-15 06:05:57,1.0,2.0,1.0,4.0,
u32,2013-04-18 20:59:23,3.0,2.0,1.0,2.0,null
u32,2013-04-21 20:00:17,3.0,2.0,1.0,2.0,"43.70587544,-72.2911665"
u32,2013-04-22 20:31:42,1.0,3.0,1.0,4.0,"43.7031993,-72.2904444"
u32,2013-04-24 21:18:00,3.0,3.0,1.0,1.0,"43.70392276,-72.28729666"
u32,2013-04-27 19:00:25,4.0,1.0,1.0,1.0,"43.71796947,-72.27247143"
u32,2013-04-25 18:57:52,4.0,1.0,1.0,1.0,"43.70608389,-72.29104393"
u32,2013-04-28 18:30:01,4.0,1.0,1.0,2.0,"43.70301955,-72.29020739"
u32,2013-04-29 17:52:04,1.0,3.0,1.0,4.0,"43.70374615,-72.29053936"
u32,2013-04-30 18:59:11,4.0,2.0,1.0,1.0,"43.47216071,-71.99885894"
u32,2013-05-06 00:09:07,5.0,1.0,1.0,1.0,"43.70420319,-72.28854729"
u32,2013-05-27 06:29:07,1.0,4.0,1.0,3.0,"43.70582969,-72.29057957"
u32,2013-05-28 19:35:11,2.0,4.0,1.0,2.0,"43.70450738,-72.29025958"
u32,2013-06-01 06:03:53,2.0,4.0,1.0,2.0,"43.71929276,-72.27265728"
u33,2013-04-08 04:14:33,2.0,3.0,2.0,3.0,
u33,2013-04-09 06:06:02,2.0,1.0,1.0,4.0,
u33,2013-04-10 06:02:34,1.0,2.0,2.0,4.0,
u33,2013-04-11 06:25:55,1.0,2.0,1.0,4.0,
u33,2013-04-13 06:37:45,2.0,2.0,2.0,2.0,
u33,2013-04-12 06:10:20,2.0,1.0,3.0,2.0,
u33,2013-04-15 06:00:28,1.0,1.0,4.0,1.0,
u33,2013-04-14 06:10:20,3.0,2.0,3.0,2.0,
u33,2013-04-21 21:58:36,2.0,1.0,5.0,1.0,"43.70364552,-72.29593922"
u33,2013-04-22 20:00:18,3.0,1.0,3.0,1.0,"43.70377459,-72.29617515"
u33,2013-04-30 07:20:13,1.0,2.0,3.0,1.0,"43.70447388,-72.29152074"
u33,2013-05-12 01:57:29,2.0,4.0,2.0,1.0,"43.7026457,-72.29363404"
u33,2013-05-13 22:24:35,1.0,2.0,2.0,3.0,"43.70416591,-72.29582511"
u33,2013-05-30 02:20:56,1.0,5.0,2.0,1.0,Unknown
u34,2013-05-15 02:56:13,3.0,3.0,4.0,2.0,"43.70778087,-72.284494"
u35,2013-04-12 07:36:10,3.0,1.0,3.0,2.0,
u35,2013-04-19 20:17:15,1.0,3.0,1.0,2.0,"43.7006735,-72.28884657"
u35,2013-05-06 23:55:04,1.0,4.0,1.0,5.0,"43.70696392,-72.28734398"
u36,2013-04-09 06:08:10,2.0,2.0,2.0,2.0,
u36,2013-04-10 06:17:12,2.0,2.0,2.0,2.0,
u36,2013-04-11 06:37:09,1.0,3.0,1.0,3.0,
u36,2013-04-12 07:14:51,1.0,3.0,1.0,3.0,
u36,2013-04-13 07:20:48,2.0,2.0,2.0,2.0,
u36,2013-04-14 02:32:24,1.0,3.0,1.0,3.0,
u36,2013-04-14 06:26:38,1.0,3.0,1.0,3.0,
u36,2013-04-15 23:15:29,1.0,3.0,1.0,3.0,
u36,2013-04-21 23:09:31,3.0,1.0,2.0,1.0,Unknown
u36,2013-04-22 21:14:10,2.0,2.0,2.0,2.0,"38.58404326,-121.50064231"
u36,2013-04-27 22:47:16,1.0,3.0,1.0,3.0,"43.70670851,-72.28709711"
u36,2013-04-28 17:37:42,1.0,3.0,1.0,3.0,"43.65167486,-72.30992168"
u36,2013-05-01 04:37:13,2.0,2.0,2.0,2.0,"43.7064439,-72.28686698"
u36,2013-05-17 00:26:36,2.0,2.0,2.0,2.0,"43.65178229,-72.30992795"
u39,2013-04-13 06:04:33,1.0,1.0,1.0,1.0,
u39,2013-04-13 06:04:38,1.0,1.0,1.0,1.0,
u39,2013-04-16 04:21:11,1.0,1.0,1.0,1.0,
u39,2013-04-24 18:52:33,1.0,1.0,1.0,1.0,"43.65167079,-72.31001806"
u39,2013-04-25 20:32:12,1.0,1.0,3.0,4.0,"43.70691563,-72.28615388"
u41,2013-04-09 05:48:23,1.0,1.0,3.0,3.0,
u41,2013-04-12 05:58:42,1.0,4.0,1.0,2.0,
u41,2013-04-11 06:36:31,1.0,3.0,1.0,4.0,
u41,2013-04-15 06:36:16,3.0,1.0,1.0,3.0,
u42,2013-04-15 06:43:11,2.0,3.0,2.0,2.0,
u42,2013-04-26 18:07:56,3.0,2.0,2.0,1.0,"43.65594983,-72.24928324"
u42,2013-04-21 20:01:09,3.0,1.0,3.0,2.0,"43.65886906,-72.24845008"
u42,2013-05-08 04:32:18,2.0,2.0,3.0,3.0,"43.65870667,-72.24851776"
u43,2013-04-08 04:07:18,4.0,2.0,1.0,1.0,
u43,2013-04-08 23:25:17,3.0,1.0,2.0,1.0,
u43,2013-04-09 06:22:39,3.0,1.0,2.0,1.0,
u43,2013-04-12 22:48:02,2.0,2.0,1.0,2.0,
u43,2013-04-10 19:52:43,1.0,2.0,1.0,3.0,
u43,2013-04-10 07:39:12,1.0,2.0,1.0,3.0,
u43,2013-04-11 06:03:27,1.0,2.0,1.0,3.0,
u43,2013-04-12 03:31:26,1.0,2.0,1.0,3.0,
u43,2013-04-12 06:12:22,1.0,3.0,1.0,3.0,
u43,2013-04-13 06:00:43,2.0,2.0,1.0,2.0,
u43,2013-04-14 19:54:22,4.0,1.0,1.0,1.0,
u43,2013-04-14 07:49:24,3.0,1.0,1.0,2.0,
u43,2013-04-15 02:13:40,4.0,1.0,1.0,1.0,
u43,2013-04-16 03:23:58,2.0,2.0,1.0,2.0,
u43,2013-04-17 23:23:30,1.0,3.0,1.0,2.0,
u43,2013-04-18 20:36:46,2.0,1.0,1.0,2.0,null
u43,2013-04-22 02:18:38,2.0,2.0,2.0,1.0,Unknown
u43,2013-04-22 02:18:33,2.0,2.0,1.0,2.0,"44.14926882,-69.83901713"
u44,2013-04-08 16:40:50,1.0,1.0,2.0,4.0,
u44,2013-04-09 07:03:27,1.0,1.0,3.0,3.0,
u44,2013-04-10 17:18:18,1.0,1.0,1.0,4.0,
u44,2013-04-10 06:35:43,1.0,1.0,1.0,4.0,
u44,2013-04-11 17:03:56,1.0,1.0,2.0,3.0,
u44,2013-04-12 17:57:36,1.0,1.0,3.0,3.0,
u44,2013-04-13 16:49:45,2.0,1.0,2.0,4.0,
u44,2013-04-15 08:14:24,1.0,1.0,1.0,5.0,
u44,2013-04-16 16:28:29,1.0,1.0,1.0,4.0,
u44,2013-04-17 17:35:14,1.0,2.0,2.0,3.0,
u44,2013-04-18 16:36:28,1.0,1.0,2.0,3.0,
u44,2013-04-19 17:19:59,3.0,1.0,1.0,3.0,"43.69219884,-72.26694325"
u44,2013-04-20 16:34:03,2.0,1.0,2.0,3.0,"43.69222142,-72.26706862"
u44,2013-04-26 16:26:47,1.0,1.0,1.0,4.0,"43.69232314,-72.26697319"
u44,2013-04-21 17:08:49,1.0,1.0,1.0,4.0,"43.6926262,-72.26656479"
u44,2013-04-22 20:17:33,1.0,1.0,1.0,3.0,"43.70957133,-72.28436521"
u44,2013-04-23 17:41:46,1.0,1.0,1.0,5.0,"43.69219053,-72.26692503"
u44,2013-04-25 00:28:25,1.0,1.0,2.0,3.0,"43.69935873,-72.28135033"
u44,2013-04-25 16:27:56,1.0,1.0,2.0,3.0,"43.69221447,-72.26713368"
u44,2013-04-27 17:10:33,1.0,1.0,1.0,4.0,Unknown
u44,2013-04-29 15:12:33,1.0,1.0,1.0,4.0,"43.69198838,-72.26681867"
u44,2013-04-30 15:27:49,1.0,1.0,1.0,4.0,"43.69224381,-72.26703204"
u44,2013-05-01 15:04:07,1.0,1.0,3.0,2.0,"43.69241334,-72.26678771"
u44,2013-05-02 16:27:30,1.0,1.0,1.0,3.0,"43.69204957,-72.26697347"
u44,2013-05-13 17:11:33,5.0,1.0,1.0,1.0,"43.69206484,-72.26700327"
u44,2013-05-16 17:49:58,1.0,1.0,4.0,1.0,"43.69229577,-72.26673522"
u44,2013-05-12 04:31:32,2.0,1.0,1.0,3.0,"43.69231808,-72.26690462"
u44,2013-05-05 17:46:25,1.0,1.0,1.0,5.0,"43.69238395,-72.26701546"
u44,2013-05-12 17:06:19,1.0,1.0,1.0,4.0,"43.69220954,-72.26702639"
u44,2013-05-07 18:25:08,3.0,1.0,1.0,3.0,"43.69255276,-72.26704092"
u44,2013-05-15 16:49:42,1.0,1.0,1.0,5.0,"43.69219289,-72.26671048"
u44,2013-05-14 17:32:08,1.0,1.0,1.0,5.0,"43.69225,-72.26698519"
u44,2013-05-17 17:44:58,1.0,1.0,1.0,4.0,"43.69229406,-72.26664182"
u44,2013-05-18 17:40:48,1.0,1.0,3.0,1.0,"43.6922613,-72.26687932"
u44,2013-05-19 19:36:15,3.0,1.0,1.0,3.0,"43.69142104,-72.26941669"
u44,2013-05-22 17:41:45,1.0,1.0,1.0,4.0,"43.69230566,-72.26694933"
u44,2013-05-23 17:13:43,1.0,1.0,1.0,4.0,"43.69213441,-72.26712004"
u44,2013-05-24 17:21:07,1.0,1.0,1.0,3.0,"43.69215408,-72.26702352"
u44,2013-05-27 17:29:02,1.0,3.0,1.0,3.0,"43.69341383,-72.2733575"
u45,2013-04-09 06:07:41,1.0,1.0,2.0,4.0,
u45,2013-04-11 06:28:48,1.0,1.0,2.0,3.0,
u45,2013-04-13 06:33:35,1.0,1.0,1.0,2.0,
u45,2013-04-12 07:08:32,1.0,1.0,2.0,3.0,
u45,2013-04-21 20:19:01,1.0,1.0,2.0,3.0,"43.70877403,-72.28604331"
u45,2013-04-22 20:06:52,1.0,1.0,3.0,3.0,"43.71765973,-72.30672848"
u46,2013-04-08 04:03:30,3.0,1.0,1.0,3.0,
u46,2013-04-09 02:49:04,2.0,1.0,1.0,4.0,
u46,2013-04-10 06:16:18,3.0,1.0,2.0,2.0,
u46,2013-04-12 06:01:15,1.0,3.0,2.0,3.0,
u46,2013-04-15 16:33:38,1.0,3.0,1.0,3.0,
u46,2013-04-18 19:31:14,3.0,3.0,1.0,2.0,null
u46,2013-04-26 17:19:31,3.0,1.0,2.0,2.0,"43.70525386,-72.29094429"
u47,2013-04-13 07:46:16,1.0,3.0,1.0,3.0,
u47,2013-04-12 07:37:30,1.0,1.0,5.0,5.0,
u47,2013-04-14 06:19:49,1.0,1.0,1.0,5.0,
u47,2013-04-22 20:16:08,1.0,2.0,1.0,4.0,"43.68150483816862,-72.32194293290377"
u49,2013-04-08 04:11:04,4.0,3.0,1.0,1.0,
u49,2013-04-12 06:01:08,2.0,3.0,2.0,3.0,
u49,2013-04-13 06:00:45,1.0,1.0,3.0,4.0,
u49,2013-04-15 06:20:44,3.0,3.0,2.0,2.0,
u49,2013-04-16 07:59:17,2.0,4.0,2.0,2.0,
u49,2013-04-17 18:02:55,2.0,3.0,2.0,3.0,
u49,2013-04-22 20:01:02,1.0,2.0,2.0,4.0,Unknown
u49,2013-04-30 04:07:55,1.0,4.0,3.0,4.0,"43.70723417780009,-72.29061854292074"
u49,2013-05-02 04:57:42,1.0,3.0,2.0,4.0,"43.70138013908776,-72.28825029289776"
u49,2013-05-07 05:58:19,1.0,3.0,2.0,4.0,"43.7035966462642,-72.28889475367946"
u49,2013-05-10 20:08:02,2.0,1.0,3.0,3.0,"43.70578575320415,-72.28875349174373"
u49,2013-05-10 07:56:12,2.0,2.0,2.0,3.0,"43.70711602533703,-72.29071942280484"
u49,2013-05-14 22:58:22,1.0,3.0,3.0,3.0,"43.7059528775494,-72.28796572137354"
u49,2013-05-16 22:59:43,2.0,3.0,2.0,3.0,"43.70286346627294,-72.28975605167592"
u49,2013-05-04 21:05:06,1.0,1.0,2.0,3.0,"43.707379586159206,-72.29060853495425"
u49,2013-05-15 22:21:47,2.0,3.0,1.0,3.0,Unknown
u49,2013-05-13 02:53:31,3.0,3.0,2.0,1.0,"43.59243277218046,-72.1667505396561"
u49,2013-05-17 21:41:33,2.0,3.0,2.0,3.0,"43.70617485402612,-72.28842938820235"
u49,2013-05-23 04:02:54,1.0,4.0,2.0,4.0,Unknown
u49,2013-05-24 06:28:39,1.0,1.0,3.0,3.0,"43.70706086014926,-72.29065677866436"
u49,2013-05-27 02:21:28,3.0,3.0,2.0,2.0,"43.70506898342804,-72.29543466149126"
u49,2013-05-31 07:52:03,1.0,2.0,2.0,4.0,"43.7072259238806,-72.29061095852634"
u50,2013-04-10 07:56:38,4.0,3.0,3.0,5.0,
u50,2013-04-09 07:04:40,1.0,1.0,1.0,1.0,
u50,2013-04-12 06:14:21,4.0,5.0,3.0,1.0,
u50,2013-04-15 06:26:11,4.0,3.0,3.0,3.0,
u51,2013-04-15 23:15:55,3.0,4.0,4.0,1.0,
u51,2013-04-09 07:04:06,1.0,1.0,1.0,1.0,
u51,2013-04-10 08:15:05,1.0,2.0,2.0,2.0,
u51,2013-04-11 07:05:57,2.0,2.0,2.0,2.0,
u51,2013-04-12 06:10:53,2.0,2.0,2.0,2.0,
u51,2013-04-13 06:06:00,2.0,2.0,1.0,3.0,
u51,2013-04-15 23:05:23,1.0,1.0,1.0,3.0,
u51,2013-04-23 02:00:58,1.0,1.0,1.0,3.0,"43.70640485,-72.28685946"
u51,2013-04-24 17:26:35,1.0,1.0,1.0,1.0,Unknown
u51,2013-04-28 19:11:42,1.0,1.0,1.0,1.0,"43.69920201,-72.28970451"
u51,2013-05-16 22:58:41,1.0,1.0,2.0,3.0,"43.70662719,-72.28627772"
u51,2013-05-15 22:50:23,1.0,1.0,1.0,1.0,"43.70527478,-72.2878615"
u51,2013-05-18 23:58:14,1.0,1.0,1.0,1.0,"43.70640288,-72.28703686"
u51,2013-05-17 23:04:28,1.0,1.0,1.0,1.0,"43.70640288,-72.28703686"
u52,2013-04-10 09:14:08,5.0,1.0,1.0,1.0,
u52,2013-04-11 07:44:24,2.0,2.0,3.0,1.0,
u52,2013-04-14 06:25:20,4.0,1.0,1.0,1.0,
u52,2013-04-15 08:27:35,1.0,1.0,1.0,1.0,
u52,2013-04-26 17:18:14,5.0,1.0,1.0,1.0,"43.70710735,-72.28905508333334"
u52,2013-04-22 20:10:55,1.0,1.0,2.0,1.0,Unknown
u52,2013-04-23 17:37:58,2.0,3.0,1.0,2.0,"43.70717328333333,-72.28886893333333"
u53,2013-04-10 09:04:08,2.0,2.0,2.0,3.0,
u53,2013-04-13 08:11:08,1.0,3.0,1.0,4.0,
u53,2013-04-14 07:58:01,4.0,1.0,1.0,1.0,
u53,2013-04-15 08:13:50,2.0,3.0,1.0,1.0,
u53,2013-04-19 02:02:12,1.0,3.0,1.0,3.0,"43.70755802,-72.28617355"
u53,2013-04-22 21:00:23,2.0,1.0,1.0,4.0,"43.70523337,-72.28335329"
u53,2013-05-15 23:38:31,3.0,1.0,3.0,1.0,"43.70356731,-72.28790087"
u54,2013-04-15 06:10:10,1.0,3.0,1.0,2.0,
u54,2013-04-13 06:33:22,1.0,3.0,2.0,2.0,
u56,2013-04-08 04:43:59,4.0,1.0,1.0,1.0,
u56,2013-04-09 08:42:44,4.0,1.0,1.0,1.0,
u56,2013-04-10 18:48:08,2.0,2.0,1.0,3.0,
u56,2013-04-11 06:04:37,2.0,2.0,1.0,3.0,
u56,2013-04-12 07:49:35,2.0,2.0,1.0,3.0,
u56,2013-04-13 08:01:26,1.0,1.0,2.0,4.0,
u56,2013-04-14 06:54:36,2.0,1.0,2.0,4.0,
u56,2013-04-21 20:14:46,4.0,1.0,2.0,1.0,"43.71714069,-72.30916315"
u56,2013-04-22 20:28:58,3.0,1.0,4.0,1.0,"43.70978582,-72.3084436"
u56,2013-06-05 19:21:33,2.0,4.0,1.0,1.0,Unknown
u56,2013-06-03 19:00:40,4.0,1.0,1.0,1.0,"43.71654905,-72.30960914"
u56,2013-06-04 19:25:27,2.0,3.0,1.0,2.0,"43.70336406,-72.28773371"
u57,2013-04-08 04:00:35,2.0,2.0,1.0,1.0,
u57,2013-04-10 06:04:39,4.0,2.0,1.0,1.0,
u57,2013-04-11 06:02:22,2.0,3.0,2.0,1.0,
u57,2013-04-13 06:02:46,2.0,2.0,1.0,2.0,
u57,2013-04-16 22:26:39,1.0,3.0,1.0,2.0,
u57,2013-04-21 19:39:32,4.0,1.0,1.0,2.0,"43.70699159,-72.28872268"
u57,2013-04-24 17:27:57,1.0,4.0,1.0,2.0,"43.70713133,-72.28872466"
u57,2013-04-30 04:04:54,2.0,3.0,1.0,3.0,"43.70287276,-72.29079578"
u57,2013-04-26 17:26:49,2.0,3.0,1.0,3.0,"43.70717415,-72.28914845"
u57,2013-05-08 17:56:37,1.0,4.0,1.0,2.0,"43.70767843,-72.28476978"
u57,2013-05-15 23:37:16,2.0,2.0,2.0,2.0,"43.70722467,-72.28862142"
u57,2013-05-14 22:35:40,2.0,3.0,1.0,2.0,"43.70724345,-72.28952114"
u57,2013-05-17 23:03:47,5.0,2.0,1.0,1.0,"43.70717451,-72.28930368"
u57,2013-06-05 19:00:47,4.0,1.0,2.0,1.0,Unknown
u57,2013-06-03 19:01:51,4.0,1.0,2.0,1.0,"43.70709519,-72.28875588"
u58,2013-04-08 05:16:51,2.0,2.0,4.0,4.0,
u58,2013-04-09 06:33:50,3.0,3.0,3.0,3.0,
u58,2013-04-12 06:01:11,1.0,5.0,5.0,1.0,
u58,2013-04-10 06:30:24,2.0,2.0,4.0,4.0,
u58,2013-04-11 06:00:20,4.0,4.0,2.0,2.0,
u58,2013-04-15 15:43:18,1.0,2.0,5.0,4.0,
u58,2013-04-22 01:51:13,5.0,5.0,1.0,1.0,"43.70637584,-72.28364261"
u58,2013-04-22 20:04:56,5.0,5.0,1.0,1.0,"43.70648266,-72.28207756"
u58,2013-04-24 04:59:57,1.0,1.0,5.0,5.0,"43.70608402,-72.28341837"
u58,2013-04-23 06:03:29,5.0,5.0,1.0,1.0,"43.70622524,-72.28299649"
u58,2013-04-25 17:50:10,4.0,4.0,2.0,2.0,"43.70624722,-72.28332992"
u58,2013-04-26 07:01:41,4.0,4.0,2.0,2.0,"43.70613794,-72.28321669"
u58,2013-04-28 19:19:35,3.0,1.0,4.0,5.0,"43.70610441,-72.28297412"
u58,2013-04-27 17:18:16,3.0,2.0,3.0,4.0,"43.70597848,-72.2832227"
u58,2013-04-26 17:21:55,2.0,2.0,5.0,5.0,"43.70611424,-72.28341297"
u58,2013-05-16 22:51:52,1.0,2.0,5.0,5.0,"43.70520101,-72.28370855"
u58,2013-05-11 01:59:32,1.0,1.0,5.0,5.0,"43.70613957,-72.28332105"
u58,2013-05-14 22:46:21,1.0,2.0,5.0,4.0,"43.70616412,-72.28343833"
u58,2013-05-17 22:16:18,3.0,1.0,3.0,5.0,"43.70621458,-72.28339893"
u58,2013-05-28 22:14:55,4.0,2.0,2.0,4.0,"43.70604724,-72.28331297"
u59,2013-04-08 04:01:39,3.0,1.0,2.0,1.0,
u59,2013-04-14 06:03:14,4.0,1.0,2.0,1.0,
u59,2013-04-16 00:18:21,3.0,3.0,2.0,2.0,
u59,2013-04-10 02:55:10,2.0,3.0,2.0,3.0,
u59,2013-04-10 06:07:35,2.0,3.0,2.0,3.0,
u59,2013-04-11 06:09:22,1.0,3.0,1.0,3.0,
u59,2013-04-14 00:09:58,4.0,1.0,2.0,1.0,
u59,2013-04-12 06:05:41,3.0,2.0,2.0,3.0,
u59,2013-04-14 20:05:54,3.0,2.0,3.0,2.0,
u59,2013-04-18 20:36:23,3.0,3.0,2.0,2.0,3
u59,2013-04-19 18:05:06,4.0,2.0,2.0,2.0,"43.706240337342024,-72.28648857213557"
u59,2013-04-25 19:39:50,3.0,3.0,2.0,2.0,"43.7066536070779,-72.28823712095618"
u59,2013-04-21 20:02:22,3.0,2.0,1.0,1.0,"43.705566599965096,-72.29095076210797"
u59,2013-04-21 09:45:18,5.0,1.0,2.0,1.0,"43.70552251115441,-72.27840791456401"
u59,2013-04-22 17:56:31,1.0,3.0,2.0,2.0,"43.705394812859595,-72.28801399469376"
u59,2013-04-26 17:54:09,3.0,3.0,2.0,2.0,"43.7050887895748,-72.28777066804469"
u59,2013-04-28 01:37:43,4.0,1.0,2.0,1.0,Unknown
u59,2013-04-30 19:05:36,1.0,5.0,1.0,2.0,"43.70579710230231,-72.29083056561649"
u59,2013-05-07 16:59:03,2.0,2.0,3.0,2.0,"43.70395777747035,-72.28751711547375"
u59,2013-05-05 02:46:13,4.0,1.0,2.0,1.0,"43.70176318567246,-72.28840936906636"
u59,2013-05-07 02:31:27,2.0,1.0,3.0,3.0,"43.702828316017985,-72.29103868827224"
u59,2013-05-22 00:07:21,1.0,3.0,3.0,1.0,"43.705348586663604,-72.28977226652205"
u59,2013-05-26 05:34:56,1.0,4.0,1.0,2.0,Unknown
u59,2013-05-26 05:35:01,1.0,4.0,1.0,2.0,Unknown
u59,2013-05-26 19:17:45,4.0,2.0,1.0,1.0,"43.705819859169424,-72.29087230749428"
u59,2013-05-27 19:11:16,1.0,4.0,1.0,3.0,"43.70550733990967,-72.2909749019891"
u59,2013-05-29 02:01:35,1.0,5.0,2.0,2.0,Unknown
u59,2013-05-30 16:14:14,3.0,3.0,2.0,1.0,"43.705530599690974,-72.29089292697608"
u59,2013-05-31 18:11:20,5.0,1.0,1.0,1.0,"43.70569061022252,-72.2908440604806"
u59,2013-06-03 23:56:31,2.0,3.0,2.0,3.0,"29.90284461993724,-90.0272998586297"
u59,2013-06-02 21:32:50,3.0,3.0,3.0,1.0,"29.902841728180647,-90.02745660021901"
