uid,resp_time,course_id,due,experience,hours,location
u00,2013-04-01 01:25:48,,2.0,1.0,1.0,"43.76243366,-72.32615434"
u00,2013-03-26 04:26:33,cs65,2.0,3.0,1.0,"43.70544533,-72.28679012"
u00,2013-03-27 04:07:51,,1.0,1.0,1.0,"43.75932116,-72.32890406"
u00,2013-03-28 22:19:40,cs65,2.0,2.0,1.0,"43.70033175,-72.28949659"
u00,2013-03-28 00:10:26,c65,2.0,3.0,2.0,"43.70465788,-72.2887224"
u00,2013-03-29 00:26:11,cs65,2.0,3.0,2.0,"43.70688502,-72.28755706"
u00,2013-03-29 19:02:07,cs65,2.0,3.0,1.0,"43.70777831,-72.28510534"
u00,2013-03-30 00:06:02,cs66,2.0,3.0,3.0,"43.70587194,-72.28717655"
u00,2013-04-02 22:01:47,cs65,2.0,3.0,3.0,Unknown
u00,2013-04-01 23:06:11,cs65,1.0,2.0,4.0,"43.70534371,-72.28812527"
u00,2013-04-04 22:44:55,cs65,2.0,3.0,7.0,"43.70708859,-72.28753397"
u00,2013-04-05 23:03:48,econ 112,2.0,3.0,6.0,"43.70708859,-72.28753397"
u00,2013-04-05 20:37:21,cs65,1.0,2.0,6.0,"43.70708859,-72.28753397"
u00,2013-04-08 10:25:12,cs65,2.0,3.0,7.0,"43.75927189,-72.32919082"
u00,2013-04-10 00:02:58,cs65,1.0,3.0,7.0,"43.70664656,-72.28802135"
u00,2013-04-18 18:54:01,cs65,2.0,3.0,5.0,"43.70564911,-72.28828499"
u00,2013-04-12 00:00:38,cs65,2.0,3.0,7.0,"43.70112711,-72.28654942"
u00,2013-04-14 00:05:27,cs65,1.0,2.0,6.0,Unknown
u00,2013-04-16 00:01:29,cs65,1.0,1.0,9.0,"43.70527272,-72.28801274"
u00,2013-04-20 01:00:50,cs65,1.0,3.0,7.0,"43.17964043,-71.53319806"
u00,2013-04-24 02:05:56,cs65,2.0,4.0,7.0,"43.7066689,-72.28741879"
u00,2013-04-26 20:40:35,cs65,2.0,3.0,11.0,"43.70188823,-72.28930991"
u01,2013-03-30 00:32:52,Anth12,2.0,5.0,2.0,"43.70672295,-72.28910432"
u01,2013-04-02 06:03:27,Anth12,2.0,4.0,1.0,"43.70684413,-72.2891193"
u01,2013-04-03 17:54:06,Engs22,1.0,5.0,6.0,"43.70517994,-72.29245008"
u01,2013-03-27 04:45:47,no class today,2.0,1.0,1.0,"43.70715076,-72.28896815"
u01,2013-03-27 18:06:29,Engs22,2.0,4.0,2.0,"43.70584333,-72.29017652"
u01,2013-03-27 22:38:39,Cs65,2.0,3.0,1.0,"43.70678239,-72.28918145"
u01,2013-03-28 00:00:49,Anth12,1.0,4.0,2.0,"43.70678554,-72.2892457"
u01,2013-03-27 22:39:26,Anth12,1.0,4.0,2.0,"43.70678414,-72.28915682"
u01,2013-03-30 00:32:19,Cs65,2.0,3.0,1.0,"43.7067041,-72.28916968"
u01,2013-03-30 00:32:00,Engs22,2.0,5.0,1.0,"43.70670639,-72.28914746"
u01,2013-04-03 19:26:05,Cs65,2.0,3.0,1.0,"43.70609229,-72.28950805"
u01,2013-04-03 22:44:56,Anth12,1.0,5.0,2.0,"43.70508217,-72.29054506"
u01,2013-04-04 20:53:38,Cs65,2.0,3.0,1.0,"43.70859285,-72.28442358"
u01,2013-04-05 20:59:45,Anth12,2.0,4.0,1.0,"43.70691657,-72.28849213"
u01,2013-04-08 19:27:04,Cs65,2.0,1.0,1.0,"43.70542015,-72.29039125"
u01,2013-04-08 19:24:58,Engs22,1.0,1.0,1.0,"43.70542081,-72.29035437"
u01,2013-04-09 00:57:42,Anth12,1.0,5.0,2.0,"43.70424475,-72.28958517"
u01,2013-04-10 19:52:52,Cs65,2.0,3.0,1.0,"43.70687149,-72.28907564"
u01,2013-04-10 19:52:29,Engs22,1.0,1.0,6.0,"43.70687149,-72.28907564"
u01,2013-04-10 20:25:54,Anth12,2.0,5.0,1.0,"43.70686233,-72.28905565"
u01,2013-04-16 01:52:42,Anth12,1.0,4.0,2.0,"43.70669691,-72.28928735"
u01,2013-04-12 19:49:41,Anth12,2.0,4.0,1.0,"43.70684932,-72.28899775"
u01,2013-04-12 19:49:16,Engs22,1.0,4.0,4.0,"43.70684932,-72.28899775"
u01,2013-04-12 19:49:26,Cs65,2.0,1.0,1.0,"43.70684932,-72.28899775"
u01,2013-04-12 01:12:51,Engs22,1.0,4.0,4.0,"43.70459772,-72.28955104"
u01,2013-04-18 00:21:49,Cs65,1.0,3.0,12.0,"43.7068808,-72.28924366"
u01,2013-04-18 20:55:16,Cs65,2.0,3.0,1.0,"43.70708493,-72.285807"
u01,2013-04-18 00:21:09,Anth12,2.0,5.0,1.0,"43.70688489,-72.28909386"
u01,2013-04-20 06:46:05,Anth12,2.0,5.0,1.0,"43.70700605,-72.28906778"
u01,2013-04-20 06:46:15,Cs65,2.0,3.0,1.0,"43.70700605,-72.28906778"
u02,2013-03-27 04:00:54,cs77,2.0,3.0,1.0,"43.70728013,-72.29334991"
u02,2013-03-28 00:00:52,cs65,1.0,3.0,3.0,"43.70834437,-72.28451848"
u02,2013-03-29 00:00:56,cs77,2.0,1.0,4.0,"43.70645754,-72.28704395"
u02,2013-03-30 00:05:50,cs65,2.0,3.0,2.0,"43.70615034,-72.29157989"
u02,2013-04-02 00:01:28,cs64,2.0,1.0,4.0,"43.70662942,-72.29294684"
u02,2013-04-02 23:02:41,cs77,1.0,3.0,3.0,"43.70704982,-72.29255631"
u02,2013-04-05 22:14:07,cs 65,2.0,1.0,2.0,"43.70509383,-72.2895205"
u02,2013-04-05 20:44:21,cs65,2.0,1.0,2.0,"43.70499743,-72.29064046"
u02,2013-04-10 03:00:50,vs 77,2.0,3.0,4.0,"43.70624602,-72.28677483"
u02,2013-04-11 09:25:06,cs 65,2.0,1.0,5.0,"43.7070965,-72.29306421"
u02,2013-04-11 21:33:12,cs 65,2.0,3.0,3.0,"43.70686475,-72.28624548"
u02,2013-04-12 00:03:07,cs 77,2.0,2.0,6.0,"43.70686475,-72.28624548"
u02,2013-04-13 06:13:16,cs 65,2.0,1.0,3.0,"43.70708361,-72.29304453"
u02,2013-04-16 00:52:45,cs 65,1.0,3.0,12.0,"43.70306878,-72.28954152"
u02,2013-04-17 08:05:17,cs77,1.0,3.0,12.0,"43.70726923,-72.29346896"
u02,2013-04-18 00:02:03,cs 65,2.0,1.0,4.0,"43.70605802,-72.28864087"
u02,2013-04-24 00:55:59,cs 77,2.0,2.0,1.0,"43.70729603,-72.29327299"
u02,2013-05-10 18:50:53,cs 65,1.0,3.0,7.0,"43.70766743,-72.28599728"
u03,2013-03-31 23:50:37,cs65,2.0,1.0,3.0,"43.70545024,-72.28315791"
u03,2013-03-27 18:47:54,cs65,2.0,3.0,10.0,"43.70549189,-72.28323121"
u03,2013-03-31 23:50:40,cs57 cs65,2.0,1.0,2.0,"43.70535793,-72.28311321"
u03,2013-03-31 23:50:33,cs57 cs65,2.0,2.0,8.0,"43.70531971,-72.28309652"
u03,2013-04-06 16:10:28,cs65 cs57,2.0,2.0,5.0,"43.70526542,-72.28302405"
u03,2013-04-09 00:06:31,cs57 cs65,1.0,1.0,12.0,"43.7054001,-72.28311069"
u03,2013-04-10 18:18:36,cs165,2.0,1.0,12.0,"43.70513656,-72.2831101"
u03,2013-04-18 07:50:55,cs57,2.0,3.0,11.0,"43.70527048,-72.2830645"
u04,2013-03-31 00:48:17,cs65,2.0,1.0,3.0,"43.70315377,-72.28626052"
u04,2013-03-27 04:40:56,cs91,2.0,1.0,5.0,"43.70200674,-72.28525688"
u04,2013-03-29 04:01:57,cs99,2.0,1.0,3.0,"43.70437389,-72.28688493"
u04,2013-03-29 19:02:29,cs65,2.0,3.0,3.0,"43.70414142,-72.28932127"
u04,2013-03-30 01:29:09,cs65,2.0,3.0,2.0,"43.70522558,-72.29116765"
u04,2013-04-02 02:17:19,cs65,1.0,1.0,4.0,"43.7058173,-72.29660835"
u04,2013-04-03 19:17:40,cs65,2.0,1.0,3.0,"43.70620355,-72.28887883"
u04,2013-04-03 22:55:33,cs65,2.0,1.0,3.0,"43.70321906,-72.28981496"
u04,2013-04-04 21:09:08,cs65,2.0,3.0,3.0,"43.70333552,-72.28845129"
u04,2013-04-05 19:19:32,cs65,2.0,3.0,3.0,"43.70410935,-72.28983199"
u04,2013-04-05 22:49:31,cs65,2.0,3.0,3.0,"43.70472132,-72.28861869"
u04,2013-04-05 22:50:09,cs65,2.0,3.0,3.0,"43.70472132,-72.28861869"
u04,2013-04-09 02:34:24,cs65,1.0,1.0,9.0,"43.70575201,-72.29596181"
u04,2013-04-10 04:14:20,cs65,2.0,1.0,1.0,"43.70493208,-72.28856946"
u04,2013-04-11 20:48:46,cs65,2.0,1.0,1.0,"43.70417131,-72.28591047"
u04,2013-04-11 05:40:56,cs65,2.0,3.0,2.0,"43.70493208,-72.28856946"
u04,2013-04-12 01:33:29,cs65,2.0,1.0,2.0,"43.70417131,-72.28591047"
u04,2013-04-18 23:26:55,cs65,2.0,1.0,2.0,"43.70546857,-72.28752275"
u04,2013-04-13 00:48:19,cs65,2.0,1.0,2.0,"43.7041984,-72.28652356"
u04,2013-04-16 02:50:39,cs65,1.0,1.0,2.0,"43.70596983,-72.29501146"
u04,2013-04-22 05:44:14,cs65,2.0,1.0,1.0,"43.702712149999996,-72.28760414"
u04,2013-04-24 00:02:01,cs65,1.0,1.0,12.0,"43.70431008,-72.28573285"
u05,2013-03-27 20:12:05,cs65,2.0,3.0,1.0,"43.70751491,-72.28694759"
u05,2013-03-27 18:35:01,CS50,2.0,3.0,1.0,"43.70751491,-72.28694759"
u05,2013-03-28 00:07:18,cs50,2.0,1.0,2.0,"43.70751491,-72.28694759"
u05,2013-03-29 00:41:19,cs65,2.0,3.0,1.0,"43.70751491,-72.28694759"
u05,2013-03-30 01:03:00,cs65,2.0,1.0,1.0,"43.70751491,-72.28694759"
u07,2013-03-28 23:34:29,cs77,2.0,4.0,1.0,"43.70200398,-72.28793859"
u07,2013-03-29 19:01:51,cs65,2.0,3.0,1.0,"43.70392608,-72.28391071"
u07,2013-03-27 22:53:59,cs60,2.0,2.0,3.0,"43.70853656,-72.28421485"
u07,2013-03-27 19:07:47,cs65,2.0,3.0,3.0,"43.7040066,-72.28391899"
u07,2013-03-28 21:00:45,cs65,2.0,3.0,2.0,"43.70432208,-72.28794944"
u07,2013-04-01 19:06:59,cs65,2.0,3.0,4.0,"43.70878398,-72.28424859"
u07,2013-04-01 23:00:55,cs60,2.0,3.0,2.0,"43.70302271,-72.28557646"
u07,2013-04-02 23:44:03,cs77,2.0,4.0,2.0,"43.70393516,-72.28368383"
u07,2013-04-03 19:55:52,cs 65,2.0,1.0,3.0,"43.70910489,-72.2849146"
u07,2013-04-03 22:59:01,cs 60,2.0,2.0,3.0,"43.70410765,-72.28384747"
u07,2013-04-10 17:57:16,cs77,2.0,4.0,1.0,"43.70387324,-72.2836399"
u07,2013-04-11 20:52:22,cs65,2.0,3.0,1.0,"43.70829698,-72.28430122"
u07,2013-04-11 09:31:50,cs65,2.0,3.0,1.0,"43.70416133,-72.28362449"
u07,2013-04-12 02:43:52,cs77,2.0,3.0,4.0,"43.70829698,-72.28430122"
u07,2013-04-11 21:35:15,cs60,2.0,4.0,1.0,"43.70829698,-72.28430122"
u07,2013-04-18 23:37:59,cs 77,1.0,4.0,7.0,"43.70366889,-72.28404405"
u07,2013-04-15 23:54:40,cs60,1.0,2.0,12.0,"43.70846713,-72.28425547"
u07,2013-04-18 23:37:58,cs 65,2.0,3.0,2.0,"43.70366889,-72.28404405"
u07,2013-04-18 00:29:47,cs 60,2.0,2.0,3.0,"43.70416614,-72.28370053"
u07,2013-04-18 00:30:05,cs65,2.0,3.0,3.0,"43.70412254,-72.28381654"
u07,2013-04-19 19:00:46,cs 65,2.0,3.0,1.0,"43.70375498,-72.28370087"
u07,2013-04-20 06:49:10,cs 60,2.0,3.0,5.0,"43.70413027,-72.28378295"
u07,2013-04-23 21:29:27,cs 65,1.0,1.0,9.0,"43.70425769,-72.28391582"
u07,2013-04-23 21:29:45,cs 65,1.0,3.0,11.0,"43.70425769,-72.28391582"
u07,2013-04-23 23:58:01,cs77,2.0,1.0,2.0,"43.70425769,-72.28391582"
u08,2013-03-27 03:15:09,rel 038,1.0,2.0,1.0,Unknown
u08,2013-03-27 03:15:28,chin 62,2.0,2.0,1.0,Unknown
u08,2013-03-28 21:19:05,cs 65,2.0,3.0,1.0,"43.70582719,-72.28937924"
u08,2013-03-27 21:08:26,cs 89,2.0,1.0,1.0,"43.70227295,-72.28989198"
u08,2013-03-27 21:08:13,cs 65,2.0,3.0,1.0,"43.70227295,-72.28989198"
u08,2013-03-29 00:09:56,chin 62,2.0,1.0,2.0,"43.70582719,-72.28937924"
u08,2013-03-29 21:05:05,cs89,2.0,1.0,1.0,"43.70350954,-72.28608081"
u08,2013-03-29 21:04:57,cs65,2.0,1.0,1.0,"43.70350954,-72.28608081"
u08,2013-04-03 20:20:55,cs89,2.0,1.0,1.0,"43.70644629,-72.28641042"
u08,2013-04-03 02:31:12,chin 62,2.0,3.0,1.0,"43.70237031,-72.28787598"
u08,2013-03-31 00:06:58,no class today,2.0,1.0,1.0,"43.70350954,-72.28608081"
u08,2013-04-01 00:05:09,no class,2.0,1.0,1.0,"43.70316589,-72.2862713"
u08,2013-04-03 03:26:04,cs65 section,2.0,1.0,1.0,"43.70237031,-72.28787598"
u08,2013-04-02 22:13:09,cs 50 ta,2.0,1.0,3.0,"43.7029938,-72.28634884"
u08,2013-04-01 20:29:22,cs 89,2.0,3.0,1.0,"43.70516598,-72.29089148"
u08,2013-04-01 20:29:41,cs 65,2.0,3.0,1.0,"43.70538133,-72.29099059"
u08,2013-04-03 20:20:45,cs65,2.0,3.0,2.0,"43.70644629,-72.28641042"
u08,2013-04-05 02:11:47,chin 62,2.0,1.0,1.0,"43.70342734,-72.28638739"
u08,2013-04-06 01:33:33,cs 65,2.0,3.0,2.0,"43.70410077,-72.28719868"
u08,2013-04-06 01:33:48,cs 89,2.0,1.0,1.0,"43.70410077,-72.28719868"
u08,2013-04-09 09:35:26,cs 89,2.0,1.0,5.0,"43.70364811,-72.28649081"
u08,2013-04-09 09:35:11,cs 65,1.0,1.0,5.0,"43.70364811,-72.28649081"
u08,2013-04-10 19:15:57,cs65,2.0,1.0,1.0,"43.70370174,-72.28680811"
u08,2013-04-10 10:33:26,chin 62,1.0,1.0,4.0,"43.70731779,-72.2868045"
u08,2013-04-11 03:37:41,cs 89,2.0,1.0,4.0,"43.70370174,-72.28680811"
u08,2013-04-11 03:37:42,cs 65,2.0,1.0,2.0,"43.70370174,-72.28680811"
u08,2013-04-12 02:20:01,chin 62,2.0,1.0,2.0,"43.70314121,-72.28659035"
u08,2013-04-13 01:56:48,cs 89,1.0,1.0,6.0,"43.70385469,-72.28643647"
u08,2013-04-13 01:56:37,cs 65,2.0,1.0,1.0,"43.70385469,-72.28643647"
u08,2013-04-16 04:12:27,cs 89,2.0,1.0,1.0,"43.70396504,-72.28927469"
u08,2013-04-17 01:56:03,chin 62,1.0,1.0,1.0,"43.70341363,-72.2866024"
u08,2013-04-18 06:05:32,cs 89,2.0,1.0,5.0,"43.70430223,-72.29046297"
u08,2013-04-18 06:05:21,cs 65,2.0,1.0,1.0,"43.70430223,-72.29046297"
u08,2013-04-19 02:04:43,cs 65,2.0,1.0,1.0,"43.70566291,-72.2881436"
u08,2013-04-19 02:04:51,chin 62,2.0,1.0,4.0,"43.70566291,-72.2881436"
u08,2013-04-26 07:14:36,chin 062,2.0,3.0,1.0,"43.70277439,-72.28880163"
u08,2013-04-23 06:28:49,cs 89,1.0,1.0,12.0,"43.7052687,-72.28811786"
u08,2013-04-23 06:28:34,cs 65,1.0,3.0,12.0,"43.7052687,-72.28811786"
u08,2013-04-27 00:29:21,cs 65,2.0,1.0,4.0,"43.70295661,-72.28995533"
u08,2013-04-27 00:29:36,cs 89,2.0,4.0,1.0,"43.70295661,-72.28995533"
u08,2013-05-01 21:57:14,cs 89,2.0,1.0,1.0,"43.70708811,-72.28767562"
u08,2013-05-01 09:16:13,chin 62,1.0,3.0,4.0,"43.70708811,-72.28767562"
u08,2013-05-07 03:51:11,cs 89,2.0,1.0,1.0,"43.7049437,-72.28880281"
u08,2013-05-05 09:19:12,cs 89,2.0,5.0,1.0,"43.7037094,-72.28660102"
u08,2013-05-23 13:38:38,cs 89,1.0,5.0,12.0,"43.70447785,-72.29155849"
u09,2013-03-28 01:32:23,CS65,2.0,1.0,1.0,"43.70687224,-72.28858677"
u09,2013-03-29 00:36:23,CS65,2.0,3.0,2.0,"43.70741873,-72.28632201"
u09,2013-03-30 03:32:45,JAPN61,1.0,3.0,5.0,"43.70688362,-72.28814599"
u10,2013-03-30 02:07:47,cs65,2.0,1.0,3.0,"43.70645395,-72.28818327"
u10,2013-03-30 02:07:50,cs50,2.0,3.0,2.0,"43.70644884,-72.28820168"
u10,2013-04-02 01:43:35,cs50,2.0,3.0,4.0,"43.70710471,-72.28730696"
u10,2013-03-27 19:11:23,cs65,2.0,3.0,2.0,"43.70582994,-72.28763412"
u10,2013-03-30 02:07:45,cs 65,2.0,1.0,5.0,"43.70647211,-72.28802604"
u10,2013-03-31 01:38:16,bio4,2.0,3.0,3.0,"43.70312458,-72.28787646"
u10,2013-04-01 03:13:17,cs65,2.0,3.0,6.0,"43.70243257,-72.28772434"
u10,2013-04-01 19:12:15,cs65,2.0,1.0,4.0,"43.70710471,-72.28730696"
u10,2013-04-03 00:01:47,bio4,2.0,3.0,2.0,"43.70679334,-72.28767766"
u10,2013-04-03 23:03:42,cs65,2.0,4.0,2.0,"43.70613435,-72.28844824"
u10,2013-04-04 02:07:09,cs50,2.0,3.0,7.0,"43.70168352,-72.28807511"
u10,2013-04-04 22:26:08,cs65,2.0,3.0,2.0,"43.70785919,-72.28512608"
u10,2013-04-05 01:30:51,bio4,2.0,1.0,3.0,"43.70173422,-72.28775943"
u10,2013-04-05 22:31:06,cs50,2.0,1.0,6.0,"43.70173422,-72.28775943"
u10,2013-04-09 00:49:50,cs65,1.0,3.0,4.0,"43.70238375,-72.28772441"
u10,2013-04-09 02:15:29,cs50,2.0,3.0,4.0,"43.70278942,-72.28658418"
u10,2013-04-10 00:33:07,bio4,2.0,5.0,1.0,"43.70278942,-72.28658418"
u10,2013-04-16 06:18:08,cs65,1.0,2.0,1.0,"43.7050225,-72.28939767"
u10,2013-04-16 06:18:37,cs50,2.0,3.0,7.0,"43.7050225,-72.28939767"
u10,2013-04-11 00:58:52,cs65,2.0,1.0,3.0,"43.70278942,-72.28658418"
u10,2013-04-11 05:09:26,cs50,2.0,3.0,6.0,"43.70278942,-72.28658418"
u10,2013-04-12 00:23:12,bio4,2.0,4.0,3.0,"43.70278942,-72.28658418"
u10,2013-04-13 06:21:38,cs50,2.0,4.0,6.0,"43.70278942,-72.28658418"
u10,2013-04-13 02:15:08,cs65,2.0,3.0,4.0,"43.70278942,-72.28658418"
u10,2013-04-14 00:05:52,cs50,2.0,1.0,6.0,"43.70278942,-72.28658418"
u10,2013-04-17 00:38:44,cs50,2.0,3.0,2.0,"43.7050225,-72.28939767"
u10,2013-04-18 04:30:27,cs50,2.0,3.0,4.0,"43.7050225,-72.28939767"
u10,2013-04-18 01:05:16,cs64,2.0,3.0,3.0,"43.7050225,-72.28939767"
u10,2013-04-19 22:03:56,cs50,2.0,3.0,1.0,"43.70665284,-72.28802865"
u10,2013-04-19 22:03:38,cs65,2.0,1.0,6.0,"43.70665284,-72.28802865"
u10,2013-04-22 01:55:54,cs65,1.0,1.0,1.0,"43.70405592,-72.28746765"
u10,2013-04-22 20:17:39,cs65,1.0,3.0,1.0,"43.70324408,-72.28961597"
u10,2013-04-23 22:50:05,bio4,2.0,1.0,1.0,"43.70324408,-72.28961597"
u10,2013-04-23 02:20:15,cs50,2.0,2.0,5.0,"43.70324408,-72.28961597"
u10,2013-04-25 02:01:24,cs50,2.0,1.0,10.0,"43.70324408,-72.28961597"
u10,2013-04-24 01:47:53,cs50,2.0,3.0,6.0,"43.70324408,-72.28961597"
u12,2013-04-03 15:33:22,tuck3,2.0,4.0,3.0,"43.63745411,-72.24846941"
u12,2013-03-27 04:41:22,GH,1.0,1.0,1.0,"43.70618903,-72.28722948"
u12,2013-03-29 06:16:53,tuck 003,2.0,1.0,1.0,"43.63731604,-72.24852742"
u12,2013-03-27 21:38:55,cs50,2.0,3.0,1.0,"43.70640895,-72.2882317"
u12,2013-03-28 00:25:43,cs 89,2.0,3.0,1.0,"43.637604,-72.24834382"
u12,2013-03-29 00:22:36,cs66,2.0,3.0,7.0,"43.68470585,-72.26924658"
u12,2013-03-29 20:26:04,cs89,2.0,3.0,4.0,"43.70977927,-72.28303993"
u12,2013-04-06 03:40:36,cs50,2.0,3.0,7.0,"42.63750503,-71.18233284"
u12,2013-04-17 00:10:41,tuck 3,2.0,4.0,1.0,"43.63747443,-72.24856045"
u14,2013-03-27 23:19:32,COSC 065,2.0,3.0,2.0,"43.70612113,-72.28723353"
u14,2013-03-29 00:00:24,cs 20,2.0,1.0,1.0,"43.70585573,-72.28782999"
u14,2013-03-29 19:02:02,cs65,2.0,1.0,1.0,"43.70509271,-72.28680761"
u14,2013-03-30 00:08:36,cs 65,2.0,1.0,1.0,"43.70468907,-72.28757152"
u14,2013-04-01 20:03:43,vs 65,1.0,2.0,7.0,"43.70695164,-72.28693335"
u14,2013-04-02 01:50:09,cs 27,1.0,1.0,6.0,"43.70589684,-72.28776778"
u14,2013-04-03 00:21:56,cs 20,1.0,1.0,5.0,"43.70481251,-72.28700429"
u14,2013-04-04 02:03:04,cs 20,2.0,1.0,2.0,"43.70586941,-72.2877982"
u14,2013-04-03 22:01:34,cs 65,2.0,2.0,1.0,"43.7049256,-72.28632081"
u14,2013-04-05 01:35:44,cs 27,2.0,1.0,3.0,"43.70645868,-72.28793942"
u14,2013-04-05 01:35:24,cs 20,2.0,1.0,3.0,"43.70645868,-72.28793942"
u14,2013-04-05 01:34:42,cs 65,2.0,1.0,3.0,"43.70645868,-72.28793942"
u14,2013-04-06 01:21:24,cs 65,2.0,3.0,1.0,"43.70491826,-72.28692692"
u14,2013-04-09 02:52:43,cs 65,1.0,1.0,5.0,"43.70477259,-72.28698419"
u14,2013-04-09 02:52:58,cs 27,1.0,1.0,5.0,"43.70477259,-72.28698419"
u14,2013-04-10 02:06:38,cs20,1.0,2.0,9.0,"43.70590328,-72.28775889"
u14,2013-04-10 21:04:07,cs65,2.0,4.0,1.0,"43.70498939,-72.28699053"
u14,2013-04-11 22:48:09,cs65,2.0,2.0,2.0,"43.70511041,-72.28702345"
u14,2013-04-13 00:00:16,cs65,2.0,1.0,2.0,"43.70460577,-72.28671025"
u14,2013-04-17 00:31:02,cs 20,1.0,2.0,5.0,"43.70592555,-72.28768582"
u14,2013-04-15 20:55:24,cs65,1.0,2.0,9.0,"43.70545641,-72.28669002"
u14,2013-04-16 00:48:44,cs65,1.0,3.0,7.0,"43.70600151,-72.28720407"
u14,2013-04-18 00:50:01,cs 65,2.0,1.0,2.0,"43.70479742,-72.28842704"
u15,2013-04-03 19:14:17,cs65,2.0,1.0,4.0,"43.70428082,-72.28776631"
u15,2013-03-29 08:36:44,cs65,2.0,1.0,2.0,Unknown
u15,2013-03-29 08:36:42,EARS3,2.0,1.0,1.0,"43.70570121,-72.29643446"
u15,2013-03-30 03:51:49,cs65,2.0,1.0,1.0,"43.70402365,-72.29064013"
u15,2013-04-03 21:13:36,ears3,2.0,1.0,1.0,"43.70306492,-72.29079677"
u15,2013-04-03 18:02:31,span3,2.0,1.0,1.0,"43.70428082,-72.28776631"
u15,2013-04-08 04:29:23,span3,2.0,1.0,1.0,"41.49583437,-71.45812765"
u15,2013-04-08 04:29:24,cs65,2.0,1.0,2.0,"41.49583437,-71.45812765"
u15,2013-04-08 18:05:20,span3,2.0,1.0,1.0,"43.70384519,-72.28717248"
u15,2013-04-09 06:14:32,ears3,1.0,1.0,2.0,Unknown
u15,2013-04-09 06:14:21,cs65,2.0,1.0,1.0,Unknown
u15,2013-04-12 18:28:04,span3,1.0,1.0,2.0,Unknown
u15,2013-04-10 18:05:12,span3,1.0,1.0,2.0,"43.70578547,-72.28703541"
u15,2013-04-10 19:11:06,cs65,1.0,1.0,4.0,"43.70578547,-72.28703541"
u15,2013-04-16 01:27:40,cs65,2.0,1.0,9.0,"43.7052318,-72.29189415"
u15,2013-04-09 17:54:30,span3,2.0,1.0,1.0,"43.70423505,-72.29046602"
u15,2013-04-16 01:27:53,ears3,1.0,1.0,3.0,"43.7052318,-72.29189415"
u15,2013-04-12 19:12:08,cs65,2.0,1.0,1.0,Unknown
u15,2013-04-17 02:59:19,ears3,1.0,1.0,3.0,"43.70591041,-72.28826857"
u15,2013-04-15 18:03:52,span3,2.0,1.0,1.0,"43.70808053,-72.28506786"
u15,2013-04-19 18:59:07,span3,1.0,1.0,2.0,Unknown
u15,2013-04-19 18:59:25,cs65,2.0,1.0,3.0,Unknown
u16,2013-03-27 20:04:34,CS65,2.0,3.0,1.0,"43.70282146,-72.29016985"
u16,2013-03-28 23:30:47,CS 65,2.0,3.0,5.0,"43.70535842,-72.28724963"
u16,2013-03-29 22:01:28,cs 65,2.0,3.0,5.0,"43.70724486,-72.28721651"
u16,2013-03-31 00:00:45,cs 27,2.0,1.0,3.0,"43.70708361,-72.29096924"
u16,2013-04-02 03:04:50,cs 27,1.0,4.0,4.0,"43.70358976,-72.29054215"
u16,2013-04-03 19:43:56,CS 65,2.0,3.0,3.0,"43.70450379,-72.28884561"
u16,2013-04-04 22:00:48,CS65,2.0,3.0,4.0,"43.70393687,-72.29111144"
u16,2013-04-05 22:20:47,CS 65,2.0,3.0,4.0,Unknown
u16,2013-04-08 21:19:07,CS65,1.0,3.0,6.0,"43.70411779,-72.28816375"
u16,2013-04-09 04:01:20,CS27,1.0,4.0,6.0,"43.70592306,-72.28973692"
u16,2013-04-13 00:00:37,CS65,2.0,3.0,4.0,"43.70364199,-72.29076278"
u16,2013-04-11 01:37:42,CS65,2.0,3.0,3.0,"43.70474513,-72.28856577"
u16,2013-04-16 02:39:12,cs27,1.0,4.0,1.0,"43.70346314,-72.29066114"
u16,2013-04-12 02:28:58,CS65,2.0,3.0,4.0,"43.70673215,-72.28793418"
u16,2013-04-12 02:28:58,CS27,1.0,1.0,6.0,"43.70687381,-72.28768281"
u16,2013-04-16 02:38:39,CS65,1.0,3.0,12.0,"43.70346314,-72.29066114"
u16,2013-04-18 02:34:42,CS65,2.0,3.0,1.0,"43.70692473,-72.28664094"
u16,2013-04-20 16:46:52,CS65,2.0,1.0,5.0,"43.70381863,-72.2910568"
u16,2013-04-23 16:18:11,CS27,2.0,4.0,6.0,"43.70373954,-72.29185672"
u16,2013-04-24 02:23:17,wild edibles pe class,2.0,2.0,1.0,"43.70373225,-72.29023983"
u16,2013-04-23 16:17:30,CS65,1.0,1.0,12.0,"43.70374144,-72.29182531"
u16,2013-04-26 20:05:34,CS65,2.0,5.0,6.0,"43.70381392,-72.29084126"
u16,2013-04-30 00:00:39,CS65,1.0,1.0,12.0,"43.70688467,-72.28732802"
u16,2013-05-02 01:40:52,CS65,2.0,1.0,1.0,"43.70545477,-72.28953205"
u16,2013-05-07 16:12:48,CS65,2.0,1.0,7.0,"43.70534496,-72.29049134"
u16,2013-05-04 00:42:16,CS65,2.0,1.0,1.0,"43.70376968,-72.29023129"
u16,2013-05-07 16:13:14,CS27,1.0,1.0,5.0,"43.70534496,-72.29049134"
u16,2013-05-21 02:46:33,CS27,2.0,1.0,12.0,Unknown
u17,2013-03-31 00:00:31,cs65,2.0,1.0,8.0,"43.70406856,-72.29058126"
u17,2013-03-29 00:56:59,cs65,2.0,3.0,2.0,"43.70648538,-72.28742777"
u17,2013-03-27 20:56:07,cs65,2.0,2.0,3.0,"43.70605071,-72.28863023"
u17,2013-03-28 00:03:26,cs89,2.0,3.0,6.0,"43.70641004,-72.28743893"
u17,2013-03-27 20:56:32,cs89,2.0,2.0,6.0,"43.70605071,-72.28863023"
u17,2013-03-30 03:59:27,cs89,2.0,3.0,5.0,"43.70536412,-72.28973776"
u17,2013-04-01 01:59:15,cs89,2.0,1.0,12.0,"43.70470793,-72.29118335"
u17,2013-04-03 17:41:01,cs65,2.0,2.0,8.0,"43.70740824,-72.28560311"
u17,2013-04-03 17:41:04,mus16,2.0,3.0,3.0,"43.70629105,-72.28869027"
u17,2013-04-09 05:54:32,cs65,2.0,3.0,7.0,"43.7046699,-72.29098352"
u17,2013-04-09 05:54:34,cs65,1.0,2.0,10.0,"43.70467368,-72.29087023"
u17,2013-04-09 05:54:26,cs65,2.0,2.0,5.0,"43.7049465,-72.28947488"
u17,2013-04-09 05:54:26,cs89,2.0,3.0,7.0,"43.70512967,-72.28920458"
u17,2013-04-09 05:54:21,cs89,2.0,3.0,3.0,"43.70487668,-72.29229973"
u17,2013-04-09 05:54:22,thesis,2.0,2.0,8.0,"43.70487668,-72.29229973"
u17,2013-04-10 00:26:20,mus16,2.0,3.0,3.0,"43.70467368,-72.29087023"
u17,2013-04-14 03:50:50,cs65,2.0,3.0,11.0,"43.70459704,-72.29138802"
u17,2013-04-12 01:39:22,cs65,2.0,3.0,3.0,"43.70678195,-72.28738426"
u17,2013-04-16 23:51:00,mus 16,1.0,2.0,4.0,"43.70495522,-72.29090614"
u17,2013-04-18 18:57:45,thesis,1.0,3.0,12.0,"43.70460031,-72.29111515"
u17,2013-04-16 01:40:42,cs65,1.0,2.0,6.0,"43.70495522,-72.29090614"
u17,2013-04-17 00:01:44,thesis,2.0,3.0,12.0,"43.70495522,-72.29090614"
u17,2013-04-19 02:33:34,cs65,2.0,2.0,8.0,"43.70237732,-72.28914013"
u17,2013-04-20 19:44:19,cs89,2.0,3.0,7.0,Unknown
u17,2013-04-20 19:43:53,cs65,2.0,2.0,8.0,Unknown
u17,2013-04-24 23:07:10,cs65,2.0,3.0,4.0,"43.70436814,-72.29014514"
u17,2013-04-24 02:01:55,cs65,1.0,3.0,12.0,"43.70658046,-72.28733564"
u17,2013-04-26 16:04:36,cs65,2.0,3.0,4.0,"43.7060191,-72.28758328"
u17,2013-04-29 04:29:43,cs89,1.0,3.0,12.0,Unknown
u17,2013-04-29 04:30:08,mus16,2.0,3.0,5.0,Unknown
u17,2013-04-29 04:29:56,cs65,1.0,3.0,12.0,Unknown
u17,2013-04-29 04:30:18,thesis,1.0,3.0,12.0,Unknown
u18,2013-03-30 00:19:48,cs65,1.0,3.0,2.0,"43.70738006,-72.28908542"
u18,2013-03-27 04:49:03,Tuck 3,2.0,1.0,1.0,"43.70727405,-72.28860059"
u18,2013-03-29 00:11:22,tuck 3,2.0,1.0,2.0,"43.70736033,-72.2891458"
u18,2013-03-28 00:58:33,cs65,2.0,3.0,2.0,"43.70750471,-72.28915323"
u18,2013-03-30 08:09:14,Chinese 33,1.0,1.0,2.0,"43.70741795,-72.28914941"
u18,2013-03-30 08:10:19,cs89,2.0,4.0,1.0,"43.70741061,-72.28914251"
u18,2013-04-03 22:18:50,cs65,2.0,3.0,3.0,"43.70664761,-72.2878935"
u18,2013-04-05 18:13:10,chin33,1.0,1.0,4.0,"43.70605791,-72.28694024"
u18,2013-04-09 00:52:23,cs65,2.0,1.0,3.0,"43.70727926,-72.28900758"
u18,2013-04-11 20:07:51,chin33,1.0,1.0,3.0,"43.70730854,-72.287476"
u18,2013-04-11 03:19:07,cs65,2.0,3.0,1.0,"43.70146647,-72.28826534"
u18,2013-04-11 20:08:02,cs65,2.0,3.0,1.0,"43.70730854,-72.287476"
u18,2013-04-09 23:54:57,tuck3,2.0,3.0,3.0,"43.70740011,-72.28899929"
u18,2013-04-09 23:55:18,chin33,2.0,1.0,1.0,"43.70743215,-72.28912504"
u18,2013-04-10 00:48:08,tuck3,2.0,1.0,1.0,"43.70738991,-72.28912614"
u18,2013-04-11 03:18:41,cs65,2.0,3.0,1.0,"43.70146647,-72.28826534"
u18,2013-04-12 00:27:44,tuck 3,2.0,4.0,2.0,"43.70730854,-72.287476"
u18,2013-04-20 02:24:29,chin33,1.0,4.0,3.0,"43.70724964,-72.28892471"
u18,2013-04-13 05:50:13,cs89,1.0,3.0,10.0,"43.70728105,-72.2890411"
u18,2013-04-19 03:24:59,chin 33,1.0,1.0,3.0,"43.70264346,-72.28707"
u18,2013-04-19 03:25:00,tuck 3,1.0,4.0,4.0,"43.70264346,-72.28707"
u18,2013-04-19 03:25:00,cs65,2.0,1.0,1.0,"43.70264346,-72.28707"
u18,2013-04-20 02:23:01,cs89,2.0,3.0,1.0,"43.70264346,-72.28707"
u18,2013-04-20 02:22:40,cs65,2.0,1.0,1.0,"43.70264346,-72.28707"
u18,2013-04-24 03:34:22,chin33,2.0,1.0,1.0,"43.70686672,-72.28679184"
u19,2013-03-27 07:22:45,film 51,2.0,3.0,1.0,"43.70690704,-72.28632015"
u19,2013-03-28 00:03:23,cs65,2.0,3.0,3.0,"43.70690704,-72.28632015"
u19,2013-03-29 00:01:33,cs6,2.0,1.0,2.0,"43.70704108,-72.28607855999999"
u19,2013-03-30 00:13:56,cs65,2.0,3.0,1.0,"43.70287094,-72.28989253"
u19,2013-04-02 22:21:09,film51,2.0,1.0,2.0,"43.70693078,-72.2855125"
u19,2013-04-01 20:19:20,cs65,1.0,3.0,1.0,"43.70682761,-72.28580473"
u19,2013-04-02 00:02:40,cs50,1.0,1.0,3.0,"43.70703814,-72.28709238"
u19,2013-04-03 19:18:31,cs65,2.0,1.0,3.0,"43.70699519,-72.2857657"
u19,2013-04-03 22:31:23,cs50,2.0,1.0,1.0,"43.70323136,-72.28785021"
u19,2013-04-04 20:12:45,film51,1.0,3.0,6.0,"43.70626833,-72.28858324"
u19,2013-04-04 21:40:09,cs65,2.0,1.0,1.0,"43.70577175,-72.28809302"
u19,2013-04-04 08:13:39,film51,2.0,1.0,3.0,"43.70716892,-72.28610704"
u19,2013-04-05 21:59:13,cs50,2.0,1.0,3.0,"43.70701786,-72.28610178"
u19,2013-04-05 19:21:44,cs65,2.0,1.0,2.0,"43.70701786,-72.28610178"
u19,2013-04-08 19:30:58,cs65,1.0,3.0,3.0,"43.70673487,-72.28562258"
u19,2013-04-09 02:58:59,cs50,1.0,1.0,12.0,"43.68326196,-72.28749992"
u19,2013-04-17 00:05:18,cs50,2.0,1.0,6.0,"43.70637595,-72.28640436"
u19,2013-04-10 00:45:45,cs50,2.0,1.0,2.0,"43.70307762,-72.28912529"
u19,2013-04-10 00:45:33,film51,1.0,3.0,3.0,"43.70307762,-72.28912529"
u19,2013-04-10 20:51:03,cs65,2.0,3.0,3.0,"43.70629212,-72.28804473"
u19,2013-04-11 21:01:04,cs65,2.0,3.0,1.0,"43.70300231,-72.28918281"
u19,2013-04-15 19:13:29,cs65,2.0,3.0,6.0,"43.70154751,-72.29133289"
u19,2013-04-11 04:15:36,film52,2.0,3.0,2.0,"43.70335463,-72.29031856"
u19,2013-04-11 04:16:17,cs50,2.0,3.0,2.0,"43.70335463,-72.29031856"
u19,2013-04-12 19:37:34,cs65,2.0,3.0,5.0,"43.70651205,-72.28555058"
u19,2013-04-11 21:01:20,film52,2.0,3.0,4.0,"43.70300231,-72.28918281"
u19,2013-04-12 21:48:27,cs50,2.0,3.0,6.0,"43.70646579,-72.28830733"
u19,2013-04-15 19:13:51,cs65,1.0,3.0,6.0,"43.70154751,-72.29133289"
u19,2013-04-16 03:18:31,cs50,2.0,1.0,7.0,"43.70154751,-72.29133289"
u19,2013-04-17 00:05:06,film51,1.0,1.0,6.0,"43.70637595,-72.28640436"
u19,2013-04-17 21:35:50,cs50,2.0,1.0,6.0,"43.70755427,-72.2855435"
u19,2013-04-17 19:23:36,cs65,2.0,3.0,2.0,"43.70755427,-72.2855435"
u19,2013-04-18 02:24:39,film51,2.0,1.0,2.0,"43.70226871,-72.29293538"
u19,2013-04-18 02:25:21,film51,2.0,1.0,2.0,"43.70226871,-72.29293538"
u19,2013-04-19 08:44:27,cs65,2.0,2.0,2.0,"43.70734975,-72.28629956"
u19,2013-04-19 19:43:21,cs65,2.0,3.0,5.0,"43.70710128,-72.28578159"
u19,2013-04-19 08:43:58,film51,1.0,3.0,5.0,"43.70734975,-72.28629956"
u19,2013-04-19 21:31:20,cs50,1.0,1.0,7.0,"43.70639664,-72.28857942"
u19,2013-04-26 05:54:07,film51,1.0,3.0,5.0,"43.70266033,-72.289756"
u19,2013-04-23 06:01:02,cs50,2.0,3.0,1.0,"43.70676468,-72.28542565"
u19,2013-04-23 21:09:19,film51,1.0,3.0,5.0,"43.70453889,-72.28787543"
u19,2013-04-22 19:23:44,cs65,1.0,3.0,9.0,"43.70706454,-72.2854433"
u19,2013-04-24 00:00:25,cs50,2.0,1.0,1.0,"43.70453889,-72.28787543"
u19,2013-04-26 21:21:24,cs65,2.0,3.0,5.0,"43.70711699,-72.28611745"
u19,2013-04-26 21:21:36,cs50,2.0,3.0,5.0,"43.70711699,-72.28611745"
u19,2013-04-29 20:00:18,cs65,1.0,3.0,12.0,"43.70581683,-72.28726988"
u19,2013-04-29 21:19:38,cs50,2.0,3.0,12.0,"43.70581683,-72.28726988"
u19,2013-05-01 09:26:47,film52,1.0,3.0,2.0,"43.70101204,-72.28677708"
u19,2013-05-01 21:40:22,cs50,2.0,3.0,12.0,"43.70736468,-72.28658613"
u19,2013-05-01 19:56:37,cs65,2.0,3.0,7.0,"43.70704649,-72.28577054"
u19,2013-05-03 18:01:58,film51,1.0,3.0,5.0,"43.70690988,-72.28699822"
u19,2013-05-17 07:25:07,film51,1.0,1.0,6.0,"43.70714135,-72.28594665"
u19,2013-05-03 18:50:38,cs66,2.0,1.0,5.0,"43.70690988,-72.28699822"
u19,2013-05-14 04:00:54,cs50,2.0,3.0,11.0,"43.70670191,-72.28568105"
u19,2013-05-07 20:05:41,film51,2.0,3.0,2.0,Unknown
u19,2013-05-10 20:28:08,cs65,2.0,3.0,2.0,"43.70680418,-72.28601166"
u19,2013-05-04 02:48:02,cs50,2.0,1.0,2.0,"43.70705362,-72.28594706"
u19,2013-05-08 20:30:44,cs65,1.0,1.0,3.0,"43.70639951,-72.28840249"
u19,2013-05-11 05:07:06,cs50,1.0,3.0,12.0,"43.70700456,-72.28598088"
u19,2013-05-09 22:03:00,film51,1.0,3.0,5.0,"43.70154413,-72.28815252"
u19,2013-05-17 22:35:39,cs50,1.0,4.0,11.0,"43.70161344,-72.28714129"
u19,2013-05-22 08:09:15,film51,2.0,1.0,3.0,"43.7040776,-72.29042456"
u19,2013-05-23 07:44:28,film51,2.0,4.0,4.0,"43.70693856,-72.28579217"
u19,2013-05-24 08:14:29,film51,1.0,5.0,4.0,Unknown
u19,2013-05-29 18:32:34,film51,1.0,3.0,11.0,"43.70689977,-72.28714289"
u19,2013-05-29 18:32:18,cs65,1.0,3.0,12.0,"43.70689977,-72.28714289"
u19,2013-05-29 18:32:07,cs50,1.0,3.0,11.0,"43.70689977,-72.28714289"
u19,2013-05-31 07:11:12,cs50,1.0,3.0,1.0,"43.70696465,-72.28583899"
u20,2013-04-02 00:08:57,cs65,1.0,3.0,1.0,"43.70505982,-72.2892041"
u20,2013-03-27 23:02:29,CS 6,2.0,3.0,1.0,Unknown
u20,2013-03-28 02:56:53,cs 65,2.0,3.0,2.0,Unknown
u20,2013-03-29 02:33:47,cs 77 cs 85,2.0,3.0,4.0,Unknown
u20,2013-04-04 23:41:24,cs65 cs77,2.0,1.0,12.0,"43.70550912,-72.28316809"
u20,2013-04-11 00:31:25,cs65,2.0,1.0,5.0,"43.70542431,-72.28320441"
u20,2013-04-13 00:10:22,cs65,2.0,1.0,1.0,"43.70595737,-72.28353965"
u20,2013-04-12 00:01:39,cs65,2.0,2.0,5.0,"43.70527536,-72.28314925"
u22,2013-03-30 00:21:03,cs 50,2.0,3.0,3.0,"43.7086476,-72.28468996"
u22,2013-03-27 22:03:58,CS50,2.0,3.0,1.0,"43.70296715,-72.29077311"
u22,2013-03-27 22:03:40,nas35,2.0,1.0,1.0,"43.70297565,-72.29074642"
u22,2013-03-27 19:02:35,cs65,2.0,1.0,1.0,"43.70466197,-72.28980065"
u22,2013-03-29 01:20:26,cs65,2.0,3.0,1.0,"43.70399272,-72.29051569"
u22,2013-03-28 22:45:33,cs65,2.0,3.0,1.0,"43.70399272,-72.29051569"
u22,2013-03-29 19:04:54,cs65,2.0,3.0,3.0,"43.70414927,-72.29076226"
u22,2013-03-30 00:20:48,nas 35,2.0,1.0,2.0,"43.7086476,-72.28468996"
u22,2013-04-01 22:52:16,nas 35,2.0,1.0,1.0,"43.7040117,-72.29030024"
u22,2013-04-01 22:52:35,cs 50,1.0,4.0,5.0,"43.7040117,-72.29030024"
u22,2013-04-01 22:52:03,cs65,2.0,1.0,1.0,"43.7040117,-72.29030024"
u22,2013-04-04 01:15:37,cs65,2.0,4.0,2.0,"43.70594306,-72.28855419"
u22,2013-04-04 01:16:02,cs50,2.0,3.0,4.0,"43.70594306,-72.28855419"
u22,2013-04-04 01:15:49,nas35,1.0,3.0,1.0,"43.70594306,-72.28855419"
u22,2013-04-05 02:01:18,cs65,2.0,1.0,1.0,"43.70426694,-72.29029645"
u22,2013-04-05 20:06:13,cs 65,2.0,1.0,1.0,"43.70405335,-72.29024681"
u22,2013-04-08 21:44:49,cs65,2.0,1.0,2.0,"43.70594129,-72.28861531"
u22,2013-04-08 21:45:02,cs50,1.0,3.0,9.0,"43.70594129,-72.28861531"
u22,2013-04-08 21:45:11,nas35,2.0,1.0,2.0,"43.70594129,-72.28861531"
u22,2013-04-11 00:07:20,cs50,2.0,1.0,1.0,"43.70458274,-72.29070844"
u22,2013-04-11 00:07:14,nas35,2.0,1.0,1.0,"43.70458274,-72.29070844"
u22,2013-04-11 00:07:06,cs65,2.0,3.0,3.0,"43.70458274,-72.29070844"
u22,2013-04-12 23:24:59,cs50,2.0,3.0,3.0,"43.70414838,-72.29074049"
u22,2013-04-12 00:00:28,cs65,2.0,3.0,1.0,"43.70387136,-72.29028439"
u22,2013-04-12 23:25:07,nas35,2.0,3.0,1.0,"43.70414838,-72.29074049"
u22,2013-04-18 22:53:34,cs6 5,2.0,3.0,1.0,"43.70426635,-72.29067159"
u22,2013-05-08 22:24:26,cs50,2.0,3.0,8.0,"43.70433388,-72.29020625"
u23,2013-03-27 23:51:30,cs189,1.0,1.0,3.0,"43.7056123,-72.28333363"
u23,2013-03-29 02:30:39,cs77,1.0,4.0,2.0,"43.70562144,-72.28290055"
u23,2013-03-29 22:14:30,cs165,1.0,3.0,2.0,"43.70554669,-72.28317492"
u23,2013-04-01 19:09:15,cs,1.0,3.0,6.0,"43.70807671,-72.28484292"
u23,2013-04-02 00:30:23,cs65,1.0,3.0,4.0,"43.70535878,-72.28320481"
u23,2013-04-03 00:43:24,cocs77,1.0,4.0,2.0,"43.70543754,-72.28338833"
u23,2013-04-03 22:51:59,cocs 165,1.0,3.0,5.0,"43.7050465,-72.28312759"
u23,2013-04-05 00:03:36,cs 65,1.0,3.0,1.0,"43.70517326,-72.28657854"
u23,2013-04-05 00:04:03,cs 77,1.0,1.0,2.0,"43.70517326,-72.28657854"
u23,2013-04-05 19:39:13,cocs65,1.0,3.0,3.0,"43.70573813,-72.28325543"
u23,2013-04-09 00:07:24,cocs 65,1.0,3.0,4.0,"43.70649413,-72.28369421"
u23,2013-04-11 00:16:56,cocs 165,2.0,3.0,4.0,"43.7056173,-72.2833203"
u23,2013-04-10 02:35:40,cs 77,1.0,1.0,1.0,"43.7056173,-72.2833203"
u23,2013-04-12 00:00:32,cs65,1.0,3.0,1.0,"43.70534736,-72.2832336"
u23,2013-04-13 00:05:15,cocs 65,1.0,3.0,5.0,"43.7054476,-72.28326768"
u23,2013-04-18 00:06:20,cocs65,1.0,1.0,4.0,"43.70548559,-72.28326031"
u24,2013-03-30 00:05:17,m&S's 45,2.0,3.0,1.0,"43.70588361,-72.29057766"
u24,2013-04-03 20:13:31,math 22,2.0,1.0,1.0,"43.7064761,-72.29088936"
u24,2013-03-29 21:02:00,math 22,2.0,4.0,1.0,"43.70633345,-72.29084334"
u24,2013-03-29 00:39:15,math 22,2.0,1.0,1.0,"43.632408,-72.31682454"
u24,2013-03-29 00:39:17,CS 60,2.0,1.0,1.0,"43.70581146,-72.29026137"
u24,2013-04-02 21:12:46,math 22,2.0,4.0,1.0,"43.70677201,-72.29138349"
u24,2013-04-01 20:21:56,math,1.0,1.0,4.0,"43.70887046,-72.28422588"
u24,2013-04-01 19:05:23,cs65,1.0,2.0,3.0,"43.7088764,-72.28421944"
u24,2013-04-02 01:25:54,M&SS 45,1.0,4.0,2.0,"43.70540107,-72.29128943"
u24,2013-04-08 19:05:29,cs65,1.0,1.0,1.0,"43.70613935,-72.29098339"
u24,2013-04-05 20:12:33,cs65,2.0,1.0,1.0,"43.70610429,-72.29075771"
u24,2013-04-05 22:57:51,cs60,2.0,5.0,1.0,"43.70698178,-72.28714864"
u24,2013-04-05 20:12:51,math22,2.0,3.0,2.0,"43.70610429,-72.29075771"
u24,2013-04-08 20:27:04,math22,1.0,4.0,6.0,"43.70613935,-72.29098339"
u24,2013-04-09 01:14:41,cs60,1.0,2.0,9.0,"43.70615324,-72.29155002"
u24,2013-04-09 01:14:48,math 22,2.0,4.0,1.0,"43.70615324,-72.29155002"
u24,2013-04-10 00:00:14,math22,2.0,4.0,1.0,"43.70622719,-72.29042601"
u24,2013-04-12 20:52:42,math22,2.0,1.0,4.0,"43.706227,-72.29104106"
u24,2013-04-12 19:08:33,CS65,2.0,1.0,1.0,"43.70597871,-72.28908972"
u24,2013-04-18 00:20:58,m&ss45,2.0,4.0,1.0,Unknown
u24,2013-04-20 01:21:06,math 22,2.0,3.0,1.0,"43.70768728,-72.28472492"
u25,2013-04-02 02:16:23,cs65,1.0,3.0,2.0,"43.44242939,-72.06891831"
u25,2013-03-28 00:10:45,English 28,1.0,3.0,2.0,"43.70105953,-72.28570525"
u25,2013-03-29 01:48:41,computer science 65,2.0,3.0,2.0,"43.70909673,-72.28432992"
u25,2013-03-30 00:14:06,cs65,2.0,3.0,3.0,"43.70042959,-72.2867107"
u25,2013-03-31 00:58:44,no class today,2.0,1.0,1.0,"43.70256973,-72.28784525"
u25,2013-04-02 23:31:57,cs65 section,2.0,2.0,2.0,"43.70065679,-72.28685874"
u25,2013-04-03 23:14:39,English 28,2.0,3.0,2.0,"43.70112268,-72.28657241"
u25,2013-04-03 22:12:10,nas8,1.0,4.0,1.0,"43.7078117,-72.28487208"
u25,2013-04-04 21:05:05,cs 65,2.0,3.0,2.0,"43.70866672,-72.28394883"
u25,2013-04-04 19:41:41,English 28,1.0,3.0,2.0,"43.70866672,-72.28394883"
u25,2013-04-05 18:55:17,English 28,1.0,3.0,2.0,Unknown
u25,2013-04-05 23:42:24,nas8,2.0,3.0,1.0,Unknown
u25,2013-04-09 02:16:33,nas8,2.0,1.0,1.0,"43.70309694,-72.28992457"
u25,2013-04-10 18:44:30,English 28,1.0,3.0,2.0,Unknown
u25,2013-04-11 01:54:12,cs65,2.0,1.0,2.0,Unknown
u25,2013-04-12 01:32:20,cs65,2.0,2.0,2.0,"43.70902013,-72.28426928"
u25,2013-04-13 01:03:38,nas8,2.0,4.0,1.0,"43.70615155,-72.28799023"
u25,2013-04-16 02:11:00,nas8,2.0,3.0,1.0,"43.70609873,-72.28690685"
u27,2013-03-31 00:40:01,cs 65,2.0,1.0,4.0,"43.70405331,-72.28579164"
u27,2013-03-28 20:37:19,japn33,2.0,2.0,2.0,"43.70655446,-72.28713909"
u27,2013-03-29 07:20:25,film 42,2.0,3.0,4.0,"43.70274374,-72.28756665"
u27,2013-03-29 19:02:18,cs65,2.0,1.0,1.0,"43.70754161,-72.28527106"
u27,2013-04-02 00:00:23,econ 24,1.0,1.0,3.0,"43.70413216,-72.28586105"
u27,2013-04-01 02:07:56,econ 24,1.0,1.0,3.0,"43.70389316,-72.28575202"
u27,2013-04-03 18:59:17,cs65,2.0,4.0,1.0,"43.70435602,-72.28669392"
u27,2013-04-01 20:52:36,cs65,2.0,1.0,4.0,"43.70413216,-72.28586105"
u27,2013-04-02 22:42:56,japn 33,1.0,3.0,2.0,"43.70388196,-72.28583882"
u27,2013-04-03 22:14:04,japn33,1.0,3.0,4.0,"43.70360692,-72.28575871"
u27,2013-04-08 18:52:22,cs65,1.0,1.0,5.0,"43.70586093,-72.28868897"
u27,2013-04-05 18:43:58,econ24,1.0,1.0,2.0,"43.70475035,-72.28638803"
u27,2013-04-08 18:52:04,econ24,1.0,1.0,5.0,"43.70586093,-72.28868897"
u27,2013-04-20 01:58:12,japn33,1.0,3.0,3.0,"43.70494158,-72.28811294"
u27,2013-04-20 01:58:40,econ24,1.0,1.0,4.0,"43.70494158,-72.28811294"
u27,2013-04-13 02:01:36,cs65,2.0,1.0,1.0,"43.7040426,-72.28552632"
u27,2013-04-18 00:43:04,cs65,2.0,1.0,3.0,"43.70400104,-72.28585139"
u27,2013-04-18 17:16:46,econ 24,1.0,1.0,2.0,"43.70424431,-72.28559775"
u27,2013-04-20 01:02:27,cs65,2.0,1.0,1.0,"43.70494158,-72.28811294"
u30,2013-03-29 19:03:06,CS65,2.0,3.0,1.0,"43.70240618,-72.28732915"
u30,2013-03-29 21:46:21,CS50,2.0,1.0,3.0,"43.70240618,-72.28732915"
u30,2013-04-03 18:56:45,Music 3,2.0,3.0,2.0,"43.70324769,-72.29030293"
u30,2013-04-03 18:56:43,CS 50,2.0,3.0,7.0,"43.70216667,-72.2862385"
u30,2013-04-03 18:56:43,CS 65,1.0,2.0,3.0,"43.70216667,-72.2862385"
u30,2013-04-06 22:01:53,CS 65,2.0,3.0,1.0,"43.70294473,-72.28772261"
u30,2013-04-06 22:02:00,CS 50,2.0,3.0,2.0,"43.70294473,-72.28772261"
u30,2013-04-06 22:02:00,Music 3,1.0,3.0,4.0,"43.70294473,-72.28772261"
u30,2013-04-06 22:01:53,CS 50,2.0,3.0,3.0,"43.70294473,-72.28772261"
u30,2013-04-06 22:02:00,CS 65,2.0,2.0,1.0,"43.70294473,-72.28772261"
u30,2013-04-10 04:00:09,CS 50,2.0,3.0,1.0,"43.70260784,-72.28705135"
u30,2013-04-10 04:00:09,Music 3,2.0,3.0,3.0,"43.70260784,-72.28705135"
u30,2013-04-11 10:25:07,CS 50,2.0,3.0,1.0,"43.70377413,-72.29073246"
u30,2013-04-11 10:25:07,CS 65,2.0,3.0,2.0,"43.70377413,-72.29073246"
u30,2013-04-17 00:47:44,Music 3,2.0,3.0,1.0,"43.70301736,-72.28773771"
u30,2013-04-12 00:07:59,Music 3,2.0,3.0,3.0,"43.70232979,-72.28706023"
u30,2013-04-12 00:07:34,CS 65,2.0,3.0,1.0,"43.70232979,-72.28706023"
u30,2013-04-17 00:46:31,CS 50,2.0,3.0,2.0,"43.70301736,-72.28773771"
u30,2013-04-18 00:55:28,CS 65,2.0,3.0,1.0,"43.70267956,-72.28791803"
u30,2013-04-18 00:55:03,CS 50,2.0,3.0,5.0,"43.7024116,-72.28734492"
u30,2013-04-23 09:47:44,CS 65,2.0,3.0,3.0,"41.23064284,-73.0728831"
u30,2013-04-23 09:48:41,CS 50,2.0,3.0,10.0,"41.23064284,-73.0728831"
u30,2013-05-03 06:30:16,CS 65,2.0,3.0,1.0,"43.7024991,-72.28938342"
u30,2013-05-03 06:30:41,Music 3,2.0,2.0,1.0,"43.7024991,-72.28938342"
u31,2013-04-03 22:21:59,cs189,2.0,2.0,4.0,"43.70972726,-72.28442696"
u31,2013-03-28 01:46:16,cs65,2.0,2.0,3.0,"43.68056536,-72.29343173"
u31,2013-03-29 00:00:37,cs77,2.0,1.0,2.0,"43.68060986,-72.29350695"
u31,2013-04-02 01:54:52,cs65,2.0,1.0,3.0,Unknown
u31,2013-04-04 22:01:19,cs77,2.0,3.0,3.0,"43.70544521,-72.28666208"
u31,2013-04-06 22:44:54,cs65,2.0,5.0,1.0,"43.68076836,-72.29354168"
u31,2013-04-11 00:02:41,cs77,2.0,4.0,11.0,"43.70752443,-72.28535807"
u31,2013-04-12 00:16:58,cs77,2.0,2.0,11.0,"43.70704622,-72.28681936"
u32,2013-04-03 21:40:53,math23,2.0,4.0,3.0,"43.70654748,-72.28919801"
u32,2013-04-01 22:31:00,math23,2.0,1.0,1.0,"43.70574271,-72.28946233"
u32,2013-04-01 19:10:55,cs65,2.0,3.0,2.0,"43.70819533,-72.28464859"
u32,2013-04-03 23:30:48,cs60,2.0,2.0,1.0,"43.70367648,-72.29094557"
u32,2013-04-02 20:59:35,cs65,2.0,3.0,3.0,"43.7032657,-72.29045059"
u32,2013-04-02 21:57:32,math23,2.0,4.0,1.0,"43.7032657,-72.29045059"
u32,2013-04-03 02:19:34,cs69,1.0,1.0,3.0,"43.70348694,-72.29093353"
u32,2013-04-03 19:45:44,cs65,2.0,3.0,3.0,"43.70371584,-72.2909896"
u32,2013-04-04 20:50:24,cs65,2.0,3.0,1.0,"43.70584223,-72.29075364"
u32,2013-04-05 09:25:53,cs69,1.0,1.0,4.0,"43.70584223,-72.29075364"
u32,2013-04-08 22:54:04,math23,2.0,4.0,1.0,"43.7079626,-72.2845068"
u32,2013-04-05 20:34:45,cs65,2.0,1.0,1.0,"43.70665195,-72.28627345"
u32,2013-04-05 22:52:24,cs60,2.0,3.0,1.0,"43.70614862,-72.28934977"
u32,2013-04-05 21:40:11,math23,1.0,5.0,6.0,"43.70614862,-72.28934977"
u32,2013-04-08 19:12:33,cs65,1.0,3.0,5.0,"43.70833514,-72.28446068"
u32,2013-04-08 22:54:28,cs60,2.0,1.0,1.0,"43.70826063,-72.28421526"
u32,2013-04-15 21:37:19,math23,2.0,1.0,1.0,"43.70635829,-72.28923585"
u32,2013-04-12 09:27:35,cs69,1.0,1.0,8.0,"43.70845191,-72.28419384"
u32,2013-04-09 23:07:23,cs65,1.0,3.0,3.0,"43.70826063,-72.28421526"
u32,2013-04-10 02:07:56,math23,2.0,1.0,1.0,"43.70826063,-72.28421526"
u32,2013-04-10 04:33:48,cs69,2.0,3.0,8.0,"43.70340811,-72.29061712"
u32,2013-04-10 19:12:12,cs65,2.0,3.0,1.0,"43.70827877,-72.28438588"
u32,2013-04-10 22:09:08,math23,2.0,4.0,2.0,"43.70827877,-72.28438588"
u32,2013-04-10 22:57:27,cs60,2.0,3.0,1.0,"43.70827877,-72.28438588"
u32,2013-04-15 19:12:27,cs65,1.0,4.0,9.0,"43.71713165,-72.27145544"
u32,2013-04-11 22:51:56,cs65,2.0,3.0,1.0,"43.70845191,-72.28419384"
u32,2013-04-12 19:30:00,cs65,2.0,3.0,1.0,"43.71906267,-72.27262809"
u32,2013-04-12 21:45:41,math23,1.0,1.0,6.0,"43.7062746,-72.28944936"
u32,2013-04-16 00:43:00,cs60,2.0,3.0,1.0,"43.70635749,-72.28923654"
u32,2013-04-17 04:46:48,cs69,2.0,1.0,2.0,"43.70285908,-72.29002745"
u32,2013-04-17 00:16:33,cs65,1.0,3.0,3.0,"43.70710027,-72.28737661"
u32,2013-04-17 00:17:19,math23,2.0,4.0,5.0,"43.70710027,-72.28737661"
u32,2013-04-17 22:06:11,math23,1.0,4.0,10.0,"43.70261834,-72.28972009"
u32,2013-04-17 19:04:49,cs65,2.0,1.0,1.0,"43.70285908,-72.29002745"
u32,2013-04-18 20:58:15,cs65,2.0,1.0,1.0,Unknown
u32,2013-04-19 22:09:27,math23,1.0,1.0,2.0,"43.70300607,-72.29026873"
u32,2013-04-19 22:51:07,cs60,2.0,3.0,1.0,"43.70300607,-72.29026873"
u32,2013-04-19 20:13:30,cs65,2.0,1.0,1.0,"43.70300607,-72.29026873"
u32,2013-04-26 00:13:10,cs65,2.0,1.0,1.0,"43.70608389,-72.29104393"
u32,2013-04-22 21:43:09,math23,2.0,1.0,1.0,"43.7031993,-72.2904444"
u32,2013-04-22 21:13:10,cs65,1.0,1.0,12.0,"43.7031993,-72.2904444"
u32,2013-04-22 22:51:19,cs60,2.0,1.0,1.0,"43.7031993,-72.2904444"
u32,2013-04-23 20:53:49,cs65,1.0,1.0,3.0,"43.70635966,-72.28846146"
u32,2013-04-23 21:58:38,math23,2.0,5.0,1.0,"43.70635966,-72.28846146"
u32,2013-04-26 04:19:10,cs69,1.0,1.0,7.0,"43.70608389,-72.29104393"
u32,2013-04-26 19:06:06,cs65,2.0,1.0,1.0,"43.70608389,-72.29104393"
u32,2013-04-29 19:06:33,cs65,1.0,3.0,12.0,"43.70894401,-72.28431547"
u32,2013-04-30 23:24:15,math23,2.0,4.0,1.0,"43.47216071,-71.99885894"
u32,2013-05-01 03:42:09,cs69,2.0,1.0,5.0,"43.47216071,-71.99885894"
u32,2013-05-01 21:44:54,math23,2.0,4.0,4.0,"43.70211393,-72.28994529"
u32,2013-05-01 19:17:42,cs65,2.0,1.0,2.0,"43.47216071,-71.99885894"
u32,2013-05-03 07:38:39,cs69,2.0,1.0,6.0,"43.70211393,-72.28994529"
u32,2013-05-04 04:57:40,cs65,2.0,1.0,1.0,"43.70633694,-72.29112078"
u32,2013-05-10 03:12:31,cs69,1.0,3.0,6.0,"43.70651717,-72.2879345"
u32,2013-05-10 18:50:53,cs65,1.0,1.0,6.0,"43.719082,-72.2724696"
u32,2013-05-10 21:37:45,math23,1.0,4.0,8.0,"43.719082,-72.2724696"
u32,2013-05-04 04:57:40,math23,1.0,4.0,6.0,"43.70633694,-72.29112078"
u32,2013-05-08 19:14:10,cs65,2.0,5.0,1.0,"43.7089232,-72.28415444"
u32,2013-05-08 21:43:55,math23,2.0,4.0,1.0,"43.7089232,-72.28415444"
u32,2013-05-22 02:19:09,math23,2.0,4.0,1.0,"43.70680906,-72.28749051"
u33,2013-03-29 00:03:49,CS65,2.0,1.0,2.0,Unknown
u33,2013-03-30 00:31:05,CS65,2.0,3.0,3.0,"43.70360724,-72.29640518"
u33,2013-03-31 02:42:50,ENGS93,2.0,1.0,1.0,"43.7037725,-72.29602645"
u33,2013-04-03 22:09:25,ENGS93,1.0,1.0,6.0,"43.70799826,-72.28495732"
u33,2013-04-03 22:56:06,ENGS25,1.0,3.0,5.0,"43.70799826,-72.28495732"
u33,2013-04-01 19:05:36,CS65,1.0,1.0,1.0,"43.70857509,-72.28453841"
u33,2013-04-02 01:22:58,ENGS93,2.0,4.0,1.0,"43.70455321,-72.29195283"
u33,2013-04-02 01:23:09,ENGS25,2.0,3.0,1.0,"43.70371798,-72.29605868"
u33,2013-04-03 22:09:04,CS65,2.0,3.0,3.0,"43.70799826,-72.28495732"
u33,2013-04-04 21:57:46,CS65,2.0,3.0,1.0,"43.70378631,-72.29590104"
u33,2013-04-05 23:02:17,ENGS25,2.0,3.0,1.0,"43.7058539,-72.28945952"
u33,2013-04-05 22:03:28,ENGS93,2.0,3.0,1.0,"43.70148828,-72.28937515"
u33,2013-04-05 19:16:57,CS65,2.0,3.0,2.0,"43.70274179,-72.28911003"
u33,2013-04-08 19:29:40,CS65,1.0,2.0,11.0,"43.70711139,-72.28597263"
u33,2013-04-08 23:10:13,ENGS25,2.0,4.0,1.0,"43.70487736,-72.29204865"
u33,2013-04-08 21:31:05,ENGS93,2.0,1.0,2.0,"43.70220819,-72.28927939"
u33,2013-04-15 20:33:04,CS65,1.0,3.0,10.0,"43.70369666,-72.29597969"
u33,2013-04-10 22:10:18,ENGS93,1.0,1.0,7.0,"43.70332015,-72.29598121"
u33,2013-04-10 23:07:50,ENGS25,1.0,1.0,10.0,"43.70589943,-72.28947338"
u33,2013-04-12 23:08:03,ENGS25,1.0,4.0,3.0,"43.70403496,-72.2946836"
u33,2013-04-10 20:03:41,CS65,2.0,1.0,3.0,"43.70332015,-72.29598121"
u33,2013-04-11 20:56:22,CS65,2.0,3.0,3.0,"43.70730744,-72.28556254"
u33,2013-04-12 21:36:40,ENGS93,2.0,3.0,2.0,"43.70368617,-72.29580241"
u33,2013-04-15 23:11:35,ENGS25,2.0,3.0,1.0,"43.70369666,-72.29597969"
u33,2013-04-15 22:36:04,ENGS93,2.0,4.0,1.0,"43.70369666,-72.29597969"
u33,2013-04-17 20:40:06,CS65,2.0,3.0,1.0,"43.70342539,-72.29594334"
u33,2013-04-17 23:40:12,ENGS93,1.0,4.0,7.0,"43.70351032,-72.29612362"
u33,2013-04-17 23:40:23,ENGS25,2.0,1.0,1.0,"43.70351032,-72.29612362"
u33,2013-04-18 20:55:35,CS65,2.0,3.0,2.0,"43.70746347,-72.28509434"
u33,2013-04-18 20:55:10,CS65,2.0,3.0,2.0,"43.70746347,-72.28509434"
u33,2013-04-19 21:34:33,ENGS93,2.0,3.0,2.0,"43.70397174,-72.29553785"
u33,2013-04-19 22:49:22,ENGS25,1.0,1.0,6.0,"43.70397174,-72.29553785"
u33,2013-04-30 07:22:06,ENGS25,2.0,1.0,1.0,"43.70489616,-72.29364769"
u33,2013-04-30 07:21:50,ENGS93,2.0,1.0,1.0,"43.70497176,-72.29340555"
u33,2013-05-13 22:27:40,ENGS93,2.0,4.0,5.0,"43.70416591,-72.29582511"
u33,2013-05-04 06:21:12,ENGS25,2.0,4.0,5.0,"43.70583433,-72.28880318"
u33,2013-05-04 06:21:11,ENGS93,1.0,3.0,8.0,"43.70583433,-72.28880318"
u33,2013-05-13 22:27:25,CS65,2.0,3.0,5.0,"43.70416591,-72.29582511"
u33,2013-05-30 02:21:30,CS65,1.0,3.0,12.0,Unknown
u34,2013-04-02 23:17:01,CS170,2.0,1.0,1.0,"43.70788571,-72.28460181"
u34,2013-04-01 18:24:09,CS65,2.0,3.0,3.0,"43.70878824,-72.28328871"
u34,2013-04-03 18:16:38,CS65,2.0,3.0,2.0,"43.71710059,-72.3083916"
u35,2013-03-29 04:21:17,cs77,2.0,3.0,3.0,"43.70550357,-72.28323518"
u35,2013-03-30 00:37:18,cs77,2.0,1.0,3.0,"43.70787552,-72.28482605"
u35,2013-03-31 01:52:57,no class,2.0,1.0,5.0,"43.70539776,-72.28313216"
u35,2013-04-01 19:25:21,cs165,1.0,1.0,4.0,"43.70806959,-72.28480897"
u35,2013-04-05 23:30:29,cs165,2.0,3.0,6.0,"43.70108441,-72.28807194"
u35,2013-04-09 00:05:26,cs165,1.0,3.0,3.0,"43.53959054,-72.38995452"
u35,2013-04-11 00:05:28,cs65,2.0,4.0,4.0,"43.70410839,-72.29042107"
u35,2013-04-12 20:52:48,cs165,2.0,1.0,1.0,"43.7032067,-72.29080808"
u35,2013-04-16 02:05:42,cs165,1.0,3.0,5.0,Unknown
u35,2013-04-18 00:23:32,cs165,2.0,1.0,6.0,"43.7077701,-72.28363396"
u35,2013-04-19 19:25:51,cs165,2.0,1.0,3.0,"43.70694392,-72.28313593"
u35,2013-04-29 22:04:39,cs165,2.0,1.0,5.0,"43.70462528,-72.30440054"
u35,2013-05-07 00:04:14,network,2.0,3.0,12.0,"43.70696392,-72.28734398"
u36,2013-04-01 00:02:18,cs65,2.0,3.0,6.0,"43.70676475,-72.28712041"
u36,2013-04-02 23:14:53,cs65,2.0,1.0,1.0,"43.70684682,-72.28702992"
u36,2013-04-02 01:26:26,cs65,2.0,1.0,4.0,"43.70647464,-72.28689856"
u36,2013-04-03 22:09:03,cs65,2.0,1.0,1.0,"43.70671309,-72.28686909"
u36,2013-04-04 22:33:52,cs65,2.0,1.0,1.0,"43.70657564,-72.28707547"
u36,2013-04-05 22:05:58,cs65,2.0,1.0,12.0,"43.70648263,-72.28685563"
u36,2013-04-09 00:38:50,cs65,2.0,1.0,7.0,"43.70677147,-72.28707347"
u36,2013-04-15 23:17:31,CS297,1.0,3.0,12.0,"43.70655534,-72.28702434"
u36,2013-04-10 01:00:09,cs65,2.0,1.0,6.0,"43.70647121,-72.28707721"
u36,2013-04-11 01:04:06,CS297,2.0,3.0,12.0,"43.70673343,-72.28672849"
u36,2013-04-12 00:04:37,CS297,1.0,3.0,12.0,"43.70678726,-72.28706171"
u36,2013-04-14 00:25:56,CS297,2.0,1.0,12.0,"43.70691067,-72.28670488"
u36,2013-04-13 00:34:58,CS297,2.0,1.0,12.0,"43.70659406,-72.28704229"
u36,2013-04-16 00:12:22,CS297,1.0,3.0,12.0,Unknown
u36,2013-04-18 00:06:01,CS297,1.0,3.0,12.0,"43.65177507,-72.31008393"
u36,2013-04-18 17:40:36,CS297,1.0,1.0,12.0,"43.65156131,-72.30974714"
u36,2013-04-20 05:19:38,CS297,1.0,3.0,12.0,Unknown
u36,2013-04-22 21:14:51,CS297,2.0,1.0,4.0,"37.33347414,-121.90347824"
u36,2013-04-24 03:46:15,CS297,2.0,3.0,3.0,"37.33933349,-122.0390594"
u36,2013-04-25 03:00:25,CS297,2.0,1.0,3.0,"37.33932807,-122.03905765"
u39,2013-04-02 20:54:55,cs70,2.0,3.0,3.0,Unknown
u39,2013-04-10 03:45:47,cs170,1.0,1.0,1.0,Unknown
u39,2013-04-10 04:24:43,,2.0,1.0,1.0,"43.70657715,-72.28645985"
u39,2013-04-10 03:45:44,,2.0,1.0,1.0,"43.70657715,-72.28645985"
u39,2013-04-10 04:24:45,cs170,1.0,1.0,1.0,Unknown
u39,2013-04-13 06:05:01,,2.0,1.0,1.0,"43.65161386,-72.31003509"
u39,2013-04-16 04:21:11,,2.0,1.0,1.0,"43.7008617,-72.28950786"
u39,2013-04-25 20:32:13,,2.0,1.0,1.0,"43.70691563,-72.28615388"
u41,2013-03-29 21:39:08,"SPAN
2",2.0,1.0,2.0,"43.7039835,-72.28589738"
u41,2013-03-29 21:38:36,Cs50,2.0,1.0,3.0,"43.7039835,-72.28589738"
u41,2013-03-29 21:41:02,CS50,2.0,1.0,1.0,"43.7039835,-72.28589738"
u41,2013-04-10 01:40:55,CS50,2.0,4.0,1.0,Unknown
u41,2013-04-12 00:31:09,CS65,2.0,1.0,3.0,"43.70525445,-72.2884545"
u41,2013-04-11 00:51:06,SPAN2,2.0,3.0,1.0,"43.70367091,-72.28590427"
u41,2013-04-20 01:14:10,CS65,2.0,1.0,3.0,Unknown
u42,2013-04-02 12:10:04,cs165,1.0,2.0,2.0,"43.69958568,-72.28346581"
u42,2013-04-02 23:55:54,cs77,1.0,3.0,1.0,"43.64981203,-72.31113288"
u42,2013-04-03 22:15:14,cs165,2.0,2.0,1.0,"43.62834565,-72.3223213"
u42,2013-04-04 23:30:17,cs170,2.0,3.0,3.0,Unknown
u42,2013-04-05 22:36:05,cs165,2.0,3.0,1.0,"43.70551056,-72.28806837"
u42,2013-04-11 04:56:43,cs165,2.0,3.0,1.0,"43.70901904,-72.28357213"
u42,2013-04-13 00:12:34,cs65,2.0,3.0,1.0,"43.65866189,-72.24880912"
u42,2013-04-16 00:27:09,cs65,1.0,3.0,1.0,"43.65842615,-72.2485696"
u42,2013-04-18 19:44:24,cs65,2.0,1.0,1.0,"43.65853839,-72.24881437"
u43,2013-04-02 00:04:25,cs65,1.0,3.0,5.0,"43.70660194,-72.28760119"
u43,2013-04-02 00:04:44,engs31,2.0,3.0,5.0,"43.70660194,-72.28760119"
u43,2013-04-03 02:33:31,engs31 lab,1.0,3.0,3.0,"43.70574918,-72.29112146"
u43,2013-04-03 19:07:09,cs65 smartphone,2.0,3.0,3.0,"43.70566059,-72.29130704"
u43,2013-04-02 21:20:47,engs31,1.0,3.0,3.0,"43.70546977,-72.29153142"
u43,2013-04-03 21:34:25,engs31,2.0,2.0,4.0,"43.70566059,-72.29130704"
u43,2013-04-03 22:04:58,engs31,2.0,2.0,5.0,"43.70566059,-72.29130704"
u43,2013-04-04 03:20:49,vs 65 section,2.0,3.0,1.0,"43.70619631,-72.28823087"
u43,2013-04-04 20:51:46,cs65,2.0,2.0,2.0,"43.70619631,-72.28823087"
u43,2013-04-04 22:02:54,cs65,2.0,2.0,2.0,"43.7056412,-72.29070799"
u43,2013-04-05 22:15:00,engs31,2.0,3.0,4.0,"43.70553772,-72.29041241"
u43,2013-04-05 20:47:49,cs65,2.0,3.0,6.0,"43.70553772,-72.29041241"
u43,2013-04-08 23:28:04,engs31,2.0,3.0,2.0,"43.70560342,-72.29137243"
u43,2013-04-08 19:08:09,cs65,1.0,3.0,5.0,"43.70560342,-72.29137243"
u43,2013-04-09 21:54:09,engs31,1.0,3.0,6.0,"43.70566653,-72.29162127"
u43,2013-04-11 20:52:43,cs65,2.0,3.0,2.0,"43.70349928,-72.29089432"
u43,2013-04-10 03:00:07,engs31 lab,1.0,3.0,3.0,"43.70566653,-72.29162127"
u43,2013-04-10 19:07:30,cs65,2.0,3.0,2.0,"43.70565468,-72.29149208"
u43,2013-04-11 00:04:04,engs31,2.0,3.0,5.0,"43.70509139,-72.29220315"
u43,2013-04-12 00:57:01,cs65,2.0,3.0,3.0,"43.70234665,-72.28813935"
u43,2013-04-12 19:08:45,cs65,2.0,2.0,4.0,"43.70234665,-72.28813935"
u43,2013-04-13 00:02:39,engs31,2.0,1.0,3.0,"43.70234665,-72.28813935"
u43,2013-04-18 22:34:08,cs65,2.0,3.0,4.0,"43.70577871,-72.29093135"
u43,2013-04-15 21:21:54,engs31,2.0,3.0,2.0,Unknown
u43,2013-04-16 00:31:08,engs31,2.0,3.0,2.0,Unknown
u43,2013-04-17 23:23:54,engs31,2.0,3.0,7.0,"43.70523224,-72.29210557"
u43,2013-04-17 19:06:05,cs65,2.0,3.0,2.0,"43.70586692,-72.29117574"
u43,2013-04-18 00:15:59,engs31,2.0,3.0,7.0,"43.70571117,-72.29155141"
u43,2013-04-22 02:18:32,cs65,2.0,3.0,4.0,"43.16724021,-71.52684256"
u43,2013-04-22 02:18:33,engs31,2.0,3.0,3.0,"44.18328959,-69.83229159"
u43,2013-04-25 20:51:44,cs65,2.0,3.0,2.0,Unknown
u43,2013-04-24 23:12:53,,2.0,1.0,1.0,"43.70568133,-72.29134343"
u43,2013-04-26 20:34:34,cs65,2.0,3.0,2.0,"43.70566341,-72.29149906"
u43,2013-05-01 18:56:49,cs65,2.0,2.0,9.0,"43.70546467,-72.29120503"
u44,2013-04-03 23:02:29,cs60,2.0,2.0,3.0,"43.6971777,-72.28080395"
u44,2013-04-03 19:09:35,cs65,2.0,3.0,2.0,"43.70743771,-72.2862709"
u44,2013-04-04 21:41:55,cs60 xhour,2.0,1.0,3.0,"43.69706014,-72.28055451"
u44,2013-04-05 19:05:56,cs65,2.0,2.0,3.0,"43.70956983,-72.2828589"
u44,2013-04-05 22:52:59,cs60,2.0,2.0,8.0,"43.70956983,-72.2828589"
u44,2013-04-08 19:27:35,cs65,1.0,3.0,6.0,"43.69304677,-72.26666278"
u44,2013-04-08 22:50:09,cs60,1.0,3.0,7.0,"43.69219771,-72.26725631"
u44,2013-04-10 19:13:34,cs65,2.0,3.0,2.0,"43.70905522,-72.28367829"
u44,2013-04-12 00:21:01,cs60,2.0,3.0,3.0,"43.70752065,-72.28669805"
u44,2013-04-10 23:02:35,cs60,2.0,1.0,3.0,"43.70905522,-72.28367829"
u44,2013-04-17 22:52:10,cs60,2.0,3.0,2.0,"43.70968672,-72.28395597"
u44,2013-04-12 19:29:27,cs65,2.0,3.0,2.0,"43.69213022,-72.27010971"
u44,2013-04-12 23:19:10,cs60,2.0,1.0,3.0,"43.69213022,-72.27010971"
u44,2013-04-15 22:51:07,cs60,1.0,3.0,12.0,"43.70741846,-72.28641464"
u44,2013-04-17 19:05:52,cs60,2.0,1.0,6.0,"43.70968672,-72.28395597"
u44,2013-04-19 19:04:25,cs65,2.0,3.0,2.0,"43.70982734,-72.28287682"
u44,2013-04-19 22:50:33,cs60,2.0,2.0,4.0,"43.70311929,-72.28220394"
u44,2013-04-26 23:55:01,cs60,2.0,3.0,7.0,"43.7069105,-72.28675521"
u44,2013-04-22 22:52:09,cs60,1.0,1.0,12.0,"43.70957133,-72.28436521"
u44,2013-04-22 19:20:03,cs65,1.0,1.0,6.0,"43.70957133,-72.28436521"
u44,2013-04-26 19:08:23,cs65,2.0,3.0,3.0,"43.70924953,-72.28306718"
u44,2013-04-29 22:50:37,cs60,1.0,3.0,12.0,"43.70907937,-72.2835377"
u44,2013-05-01 22:49:17,cs60,2.0,3.0,2.0,"43.70760249,-72.286058"
u44,2013-05-01 19:06:11,cs65,2.0,3.0,12.0,"43.70958087,-72.28404203"
u44,2013-05-06 22:44:12,cs60,2.0,3.0,1.0,"43.70691341,-72.28711558"
u44,2013-05-08 18:57:49,cs65,2.0,3.0,5.0,"43.69230186,-72.26682816"
u44,2013-05-15 18:52:20,cs65,1.0,1.0,1.0,"43.6922359,-72.26676312"
u44,2013-05-09 22:06:33,cs60,2.0,3.0,2.0,"43.70914765,-72.28352116"
u44,2013-05-03 19:02:13,cs65,2.0,1.0,2.0,"43.70976741,-72.28416244"
u44,2013-05-03 22:54:43,renesys,2.0,3.0,1.0,"43.70976741,-72.28416244"
u45,2013-04-04 00:50:56,CS65,2.0,1.0,3.0,"43.70797014,-72.28385447"
u45,2013-04-02 10:42:52,cs65,1.0,2.0,5.0,"43.70714984,-72.2865919"
u45,2013-04-03 08:22:10,cs77,1.0,1.0,4.0,"43.70526192,-72.28667636"
u45,2013-04-12 02:33:41,cs65,2.0,3.0,2.0,"43.70804291,-72.28498053"
u45,2013-04-11 00:49:15,cs65,2.0,3.0,5.0,"43.70788803,-72.28458844"
u45,2013-04-13 00:12:18,cs65,2.0,1.0,4.0,"43.70804117,-72.28498155"
u46,2013-04-03 22:09:21,CS50,2.0,4.0,1.0,"43.70675529,-72.28728531"
u46,2013-04-01 21:50:26,CS50,1.0,3.0,4.0,"43.7044068,-72.28971584"
u46,2013-04-03 18:01:42,ECON36,2.0,1.0,3.0,"43.70509059,-72.29282176"
u46,2013-04-01 20:19:56,CS65,1.0,3.0,5.0,"43.7044068,-72.28971584"
u46,2013-04-03 19:47:13,CS65,2.0,2.0,6.0,"43.70509059,-72.29282176"
u46,2013-04-05 22:01:28,CS50,2.0,3.0,3.0,"43.70600821,-72.28803551"
u46,2013-04-05 18:47:47,CS65,2.0,3.0,1.0,"43.70744948,-72.28545819"
u46,2013-04-05 18:47:28,ECON36,2.0,1.0,1.0,"43.70744948,-72.28545819"
u46,2013-04-09 00:01:28,CS65,1.0,3.0,4.0,"43.7038898,-72.287724"
u46,2013-04-09 00:01:28,ECON37,2.0,2.0,4.0,"43.7038898,-72.287724"
u46,2013-04-12 20:26:37,CS65,2.0,4.0,2.0,"43.70450188,-72.2971835"
u46,2013-04-12 20:26:51,ECON36,2.0,3.0,3.0,"43.70450188,-72.2971835"
u46,2013-04-18 00:01:30,CS50,2.0,4.0,12.0,"43.70586884,-72.28784833"
u47,2013-03-31 05:10:33,cs165,2.0,1.0,4.0,"43.68074778467417,-72.32198006473482"
u47,2013-04-16 00:17:14,cs65,1.0,3.0,6.0,"43.7075920868665,-72.28532021865249"
u47,2013-04-12 03:23:13,cs65,2.0,1.0,4.0,"43.68139323312789,-72.32200630009174"
u47,2013-04-14 00:01:58,cs65,2.0,1.0,10.0,"43.681445620022714,-72.32166423462331"
u49,2013-03-29 00:23:18,CS65,2.0,3.0,1.0,"43.70660906218045,-72.28850320131149"
u49,2013-03-28 22:49:24,LAT3,2.0,3.0,5.0,"43.70660906218045,-72.28850320131149"
u49,2013-03-29 22:03:14,MATH13,1.0,2.0,6.0,"43.70293765941701,-72.29087519854266"
u49,2013-03-29 22:02:41,LAT3,1.0,3.0,3.0,"43.70280622511184,-72.29096898523272"
u49,2013-03-29 22:01:58,CS65,2.0,2.0,1.0,"43.70283528839602,-72.29096080666464"
u49,2013-04-02 01:19:14,LAT3,1.0,2.0,5.0,"43.70705260374322,-72.2906467517123"
u49,2013-04-02 18:53:55,LAT3,2.0,3.0,5.0,"43.70338315129848,-72.2868059778217"
u49,2013-04-03 22:09:23,LAT3,2.0,3.0,1.0,"43.703158651028865,-72.2870008394822"
u49,2013-04-03 22:10:16,MATH13,1.0,2.0,5.0,"43.703158651028865,-72.2870008394822"
u49,2013-04-04 02:06:08,CS65,2.0,3.0,2.0,"43.707160898813775,-72.29070505330372"
u49,2013-04-04 22:03:06,CS65,2.0,2.0,6.0,"43.70713543339236,-72.29082214369375"
u49,2013-04-04 22:02:42,LAT3,1.0,3.0,5.0,"43.70719136531615,-72.29074030026922"
u49,2013-04-05 22:00:32,LAT3,1.0,2.0,3.0,"43.70725334083059,-72.29087305855974"
u49,2013-04-05 22:01:08,MATH13,1.0,2.0,4.0,"43.70710791156842,-72.29068312334456"
u49,2013-04-05 22:00:51,CS65,2.0,2.0,5.0,"43.70712420776659,-72.2906110276771"
u49,2013-04-09 08:10:11,LAT3,1.0,3.0,4.0,"43.70722381420843,-72.29064740417755"
u49,2013-04-09 08:11:24,CS65,1.0,3.0,2.0,"43.70726286397128,-72.29063822859308"
u49,2013-04-09 08:10:37,MATH13,1.0,2.0,6.0,"43.7074620579643,-72.29076688528187"
u49,2013-04-13 06:01:53,MATH13,1.0,3.0,6.0,Unknown
u49,2013-04-09 18:02:03,LAT3,1.0,3.0,2.0,"43.70714428609825,-72.29067048599494"
u49,2013-04-18 19:54:40,LAT3,1.0,3.0,2.0,"43.707213470222484,-72.28713826226519"
u49,2013-04-11 06:22:48,CS65,2.0,3.0,7.0,"43.70715385770251,-72.29076242667945"
u49,2013-04-11 06:21:21,LAT3,1.0,3.0,2.0,"43.70706705124463,-72.29070750176079"
u49,2013-04-11 06:23:31,MATH13,1.0,2.0,4.0,"43.70723751657178,-72.29072506094067"
u49,2013-04-16 17:58:51,LAT3,2.0,3.0,1.0,"43.70704576843117,-72.2907161716925"
u49,2013-04-12 06:01:43,LAT3,1.0,1.0,5.0,"43.707113189278324,-72.29073405134399"
u49,2013-04-12 06:02:17,CS65,2.0,2.0,5.0,"43.70706589616339,-72.29079248902232"
u49,2013-04-13 06:01:11,LAT3,1.0,3.0,3.0,Unknown
u49,2013-04-13 06:01:36,CS65,2.0,2.0,5.0,Unknown
u49,2013-04-18 04:39:20,CS65,2.0,3.0,1.0,"43.701492057042024,-72.28820054512535"
u49,2013-04-16 00:48:43,LAT3,1.0,2.0,5.0,"43.70716493150137,-72.29065271916699"
u49,2013-04-16 00:51:07,MATH13,1.0,3.0,6.0,"43.70686273087724,-72.28753449372527"
u49,2013-04-16 00:50:46,CS65,1.0,2.0,6.0,"43.70744869103676,-72.28705035195861"
u49,2013-04-18 04:38:56,LAT3,1.0,1.0,2.0,"43.70148630287334,-72.2880724945123"
u49,2013-04-18 04:39:51,MATH13,1.0,3.0,5.0,"43.70143796257927,-72.28840592331314"
u49,2013-04-20 19:18:32,MATH13,1.0,2.0,3.0,"43.707213301259905,-72.29063432924677"
u49,2013-04-20 19:17:43,LAT3,1.0,2.0,3.0,"43.707239025812086,-72.29067326733173"
u49,2013-04-20 19:18:10,CS65,2.0,2.0,4.0,"43.70724205779823,-72.29062358405594"
u49,2013-04-24 00:02:03,LAT3,1.0,1.0,2.0,"43.7028007679431,-72.29029717109633"
u49,2013-05-02 05:01:13,MATH13,1.0,2.0,6.0,"43.701556132099654,-72.28796998806963"
u49,2013-05-02 05:01:30,CS65,2.0,2.0,1.0,"43.70151524499508,-72.28789150252283"
u49,2013-05-09 07:55:24,MATH13,1.0,3.0,5.0,"43.70717613391768,-72.29083943919815"
u49,2013-05-13 19:09:34,LAT3,1.0,2.0,2.0,"43.70377306642512,-72.28776140116048"
u49,2013-05-13 19:09:53,CS65,1.0,2.0,3.0,"43.70377306642512,-72.28776140116048"
u49,2013-05-09 07:52:34,LAT3,2.0,3.0,1.0,"43.707135694363494,-72.29050824544824"
u49,2013-05-15 22:22:16,LAT3,1.0,3.0,2.0,Unknown
u49,2013-05-07 06:00:28,LAT3,1.0,2.0,5.0,"43.70629160569078,-72.28882086692587"
u49,2013-05-10 20:08:27,LAT3,1.0,3.0,2.0,"43.70578575320415,-72.28875349174373"
u49,2013-05-07 06:01:37,MATH13,1.0,3.0,3.0,"43.705985547631826,-72.2890841770398"
u49,2013-05-15 22:22:46,MATH13,1.0,2.0,5.0,Unknown
u49,2013-05-10 07:54:04,LAT3,1.0,3.0,2.0,"43.707071574195425,-72.29069781817408"
u49,2013-05-07 06:01:13,CS65,2.0,1.0,9.0,"43.70629160569078,-72.28882086692587"
u49,2013-05-09 07:54:58,CS65,2.0,1.0,1.0,"43.707225360448696,-72.29078853358074"
u49,2013-05-15 04:03:05,LAT3,1.0,3.0,2.0,"43.7059528775494,-72.28796572137354"
u49,2013-05-17 21:42:10,MATH13,1.0,3.0,2.0,"43.70600375009001,-72.28871367120003"
u49,2013-05-20 23:31:37,LAT3,1.0,2.0,2.0,"43.70726994377907,-72.29067645819752"
u49,2013-05-23 19:02:24,LAT3,1.0,2.0,2.0,"43.70716117171132,-72.2907325334663"
u50,2013-03-30 00:58:37,cs65 cs60,2.0,2.0,5.0,"43.7066734,-72.28707417"
u50,2013-04-01 02:05:33,,1.0,1.0,11.0,"43.70664877,-72.28717946"
u50,2013-04-02 01:50:49,cs65 cs60,2.0,2.0,6.0,"43.70662366,-72.2871792"
u50,2013-04-02 22:51:57,no class,2.0,1.0,12.0,"43.70691805,-72.28722721"
u50,2013-04-04 23:03:16,cs65,2.0,1.0,7.0,"43.70570507,-72.28332967"
u50,2013-04-05 23:01:20,cs65 cs60,2.0,2.0,9.0,"43.70858707,-72.28423771"
u50,2013-04-09 00:39:04,"cs65, cs60",1.0,3.0,7.0,"43.70667651,-72.28720535"
u50,2013-04-10 00:40:57,,2.0,1.0,7.0,"43.7066987,-72.28722114"
u50,2013-04-11 01:04:34,cs65 cs60,2.0,2.0,11.0,"43.70679304,-72.28704022"
u50,2013-04-12 00:10:57,cs65,2.0,2.0,11.0,"43.70634061,-72.28723183"
u50,2013-04-13 01:02:26,"cs65,cs60",2.0,2.0,8.0,"43.70687358,-72.2872396"
u50,2013-04-14 03:33:31,,2.0,1.0,6.0,"43.7067665,-72.28722029"
u50,2013-04-16 01:51:49,cs60 cs65,1.0,3.0,8.0,"43.70625729,-72.28714244"
u51,2013-03-30 02:05:42,cs165,2.0,1.0,1.0,"43.70651977,-72.28705416"
u51,2013-03-29 06:06:07,cs65,2.0,1.0,1.0,"43.69935689,-72.29051287"
u51,2013-03-31 08:58:54,no class today,2.0,1.0,5.0,"43.65187205,-72.30975063"
u51,2013-04-01 00:35:53,none,2.0,1.0,1.0,"43.7064344,-72.28715538"
u51,2013-04-02 03:19:48,cs165,2.0,1.0,1.0,"43.70659353,-72.2869791"
u51,2013-04-05 22:52:14,cs165,2.0,1.0,1.0,"43.6944476,-72.28377596"
u51,2013-04-06 23:47:55,none,2.0,1.0,1.0,"43.63775583,-72.27461681"
u51,2013-04-10 00:44:57,CS170,1.0,1.0,1.0,"43.70660044,-72.28702986"
u51,2013-04-18 00:02:54,cs165,2.0,1.0,1.0,"43.70637441,-72.28703898"
u51,2013-04-14 00:01:08,none,2.0,1.0,1.0,"43.70664201,-72.28687051"
u51,2013-04-12 02:05:08,cs170,2.0,1.0,3.0,"43.70628524,-72.28705371"
u51,2013-04-15 23:17:32,cs165,1.0,1.0,5.0,"43.7065978,-72.28709206"
u51,2013-04-16 01:51:34,cs165,1.0,1.0,1.0,Unknown
u51,2013-04-17 00:03:09,cs170,1.0,1.0,7.0,"43.69730937,-72.28441371"
u51,2013-04-18 19:57:43,cs170,2.0,1.0,1.0,"43.70862775,-72.28345986"
u51,2013-04-24 03:08:15,cs170,2.0,1.0,1.0,"43.70057317,-72.28671215"
u51,2013-04-24 23:46:40,na,2.0,1.0,1.0,"43.70657735,-72.28707451"
u52,2013-03-30 00:52:29,cs65,2.0,3.0,2.0,"43.70717366666667,-72.28912001666667"
u52,2013-03-29 00:52:27,cs65,2.0,3.0,1.0,"43.707074516666665,-72.28928456666667"
u52,2013-04-02 23:07:43,bio6,2.0,3.0,4.0,"43.70710476666667,-72.28895371666667"
u52,2013-04-02 00:27:02,cs65,1.0,3.0,4.0,"43.70705661666667,-72.2886937"
u52,2013-04-04 01:03:02,bio6,2.0,1.0,2.0,"43.70725126666667,-72.2890362"
u52,2013-04-03 21:39:23,cs50,2.0,3.0,1.0,"43.7069955,-72.28824085"
u52,2013-04-04 20:51:15,cs65,2.0,4.0,1.0,"43.70684966666666,-72.28838453333333"
u52,2013-04-04 19:51:02,bio6,2.0,3.0,1.0,"43.70684966666666,-72.28838453333333"
u52,2013-04-05 21:38:21,cs50,2.0,1.0,1.0,"43.70726605,-72.28919321666666"
u52,2013-04-05 19:04:47,cs65,2.0,4.0,1.0,"43.70726605,-72.28919321666666"
u52,2013-04-09 20:57:17,bio6,2.0,3.0,1.0,"43.7087634,-72.28434623333334"
u52,2013-04-10 21:40:34,cs50,2.0,4.0,12.0,"43.7030312,-72.28956423333334"
u52,2013-04-11 20:51:24,cs65,2.0,5.0,3.0,"43.7072184,-72.28903266666667"
u52,2013-04-11 20:01:01,bio6,2.0,3.0,1.0,"43.7072184,-72.28903266666667"
u52,2013-04-12 21:39:41,cs50,2.0,5.0,1.0,"43.70716755,-72.2888156"
u52,2013-04-15 21:36:47,cs50,2.0,5.0,1.0,"43.7070616,-72.28927448333333"
u52,2013-04-16 19:54:31,bio6,2.0,3.0,1.0,"43.70789865,-72.28546113333333"
u52,2013-04-18 19:49:25,bio6,2.0,3.0,1.0,"43.70714775,-72.28904961666667"
u52,2013-04-18 20:51:18,cs65,2.0,1.0,12.0,"43.70714775,-72.28904961666667"
u52,2013-04-26 20:04:07,cs65,2.0,5.0,4.0,"43.7035929,-72.29015891666667"
u53,2013-03-29 21:32:40,cs189 photo forensics,2.0,3.0,5.0,"43.70789343,-72.28376628"
u53,2013-03-29 00:02:31,cs165,2.0,3.0,2.0,"43.70549989,-72.28295873"
u53,2013-03-30 01:54:31,cs165,2.0,3.0,2.0,"43.70560193,-72.28316177"
u53,2013-04-02 22:43:49,no class today,2.0,1.0,1.0,Unknown
u53,2013-04-04 23:49:39,cs165,2.0,3.0,11.0,"43.70576878,-72.28345137"
u53,2013-04-05 22:59:18,cs166,2.0,3.0,1.0,"43.70652295,-72.28353758"
u53,2013-04-05 22:59:55,cs189,2.0,3.0,6.0,"43.70652295,-72.28353758"
u53,2013-04-09 09:06:44,cs 165,1.0,3.0,2.0,"43.70559102,-72.283134"
u53,2013-04-18 01:52:22,cs 189,2.0,4.0,1.0,Unknown
u53,2013-04-10 05:42:09,no class today,2.0,1.0,1.0,"43.70654535,-72.28726046"
u53,2013-04-11 12:26:46,cs189,2.0,2.0,1.0,"43.7059594,-72.28323398"
u53,2013-04-16 01:15:24,cs 189,2.0,1.0,1.0,"43.70369939,-72.29013585"
u53,2013-04-21 23:08:46,cs189,2.0,4.0,3.0,"43.69337144,-72.27322384"
u53,2013-04-21 23:08:48,no class today,2.0,1.0,1.0,"43.01160902,-71.43617088"
u53,2013-04-24 00:00:40,no class today,2.0,1.0,1.0,"43.70728698,-72.28382947"
u53,2013-04-24 23:29:31,class canceled,2.0,1.0,1.0,"43.70574235,-72.28345072"
u53,2013-05-22 23:53:19,cs189,2.0,3.0,6.0,"43.70752387,-72.28352353"
u54,2013-04-03 22:04:37,Engs 25,1.0,3.0,4.0,"43.70411023,-72.29547697"
u54,2013-03-31 00:08:18,Cs65,2.0,1.0,2.0,"41.55278028,-73.04076922"
u54,2013-04-02 22:11:45,Math 23,2.0,4.0,1.0,"43.70393297,-72.29575493"
u54,2013-04-05 22:01:44,Math 23,1.0,5.0,6.0,"43.70607312,-72.28941569"
u54,2013-04-09 00:06:31,Engs 25,2.0,1.0,1.0,"43.56805313,-72.15149639"
u54,2013-04-18 20:44:43,Cs65,2.0,1.0,2.0,"43.70415015,-72.29367693"
u54,2013-04-13 00:01:07,Engs 25,1.0,4.0,7.0,"43.70504539,-72.29474758"
u54,2013-04-24 00:08:25,Math 23,2.0,4.0,1.0,"43.70517873,-72.28933996"
u56,2013-04-09 01:32:43,no class,2.0,1.0,1.0,"43.01433773,-72.34858847"
u56,2013-04-11 00:44:51,n/a,2.0,1.0,1.0,"43.7167643,-72.3092846"
u56,2013-04-10 00:18:56,I'm not taking any classes,2.0,1.0,1.0,"43.71653168,-72.30894632"
u56,2013-04-12 05:01:51,n/a,2.0,1.0,1.0,"43.71657251,-72.30919906"
u56,2013-04-13 00:58:39,n/a,2.0,1.0,1.0,"43.71190002,-72.30815066"
u56,2013-04-14 02:21:32,n/a,2.0,1.0,1.0,"43.71644852,-72.30936993"
u56,2013-04-18 19:41:50,na,2.0,1.0,1.0,"43.71663112,-72.309151"
u56,2013-04-20 01:02:05,no class,2.0,1.0,1.0,"43.70309359,-72.28791234"
u57,2013-04-03 23:26:28,cs60,2.0,3.0,1.0,"43.70706817,-72.28796189"
u57,2013-03-27 04:16:43,CS60,2.0,1.0,2.0,"43.70683899,-72.28721495"
u57,2013-03-29 00:20:17,cs98,2.0,1.0,1.0,"43.7070583,-72.2885387"
u57,2013-03-28 21:56:26,cs65,2.0,3.0,1.0,"43.7069809,-72.28900187"
u57,2013-03-29 19:02:56,cs65,2.0,3.0,1.0,"43.70812165,-72.28465541"
u57,2013-03-30 02:25:48,cs60,2.0,2.0,4.0,"43.70742863,-72.28842649"
u57,2013-03-31 00:00:41,CS98,2.0,3.0,1.0,"43.70704637,-72.28857002"
u57,2013-04-01 19:59:14,cs65,1.0,3.0,1.0,"43.70118994,-72.28805231"
u57,2013-04-02 01:36:10,cs60,1.0,3.0,5.0,"43.70154725,-72.28809096"
u57,2013-04-03 23:26:58,cs65,2.0,4.0,8.0,"43.70706817,-72.28796189"
u57,2013-04-04 23:11:59,cs60,2.0,5.0,4.0,"43.70734316,-72.2891203"
u57,2013-04-04 23:12:28,cs65,2.0,4.0,2.0,"43.70719429,-72.28918535"
u57,2013-04-05 22:49:39,cs65,2.0,3.0,1.0,"43.07856719,-71.47247614"
u57,2013-04-12 05:01:45,cs65,2.0,4.0,2.0,"43.7072894,-72.28890368"
u57,2013-04-10 02:27:17,cs98,2.0,2.0,1.0,"43.70632138,-72.28691228"
u57,2013-04-12 05:01:22,cs60,2.0,4.0,4.0,"43.7073173,-72.28900394"
u57,2013-04-13 00:49:21,cs65,2.0,1.0,1.0,"43.70714806,-72.28900477"
u57,2013-04-16 00:00:30,cs65,1.0,3.0,12.0,"43.70672068,-72.28831457"
u57,2013-04-16 00:00:48,cs60,1.0,3.0,12.0,"43.7071586,-72.28859237"
u57,2013-04-17 00:02:20,cs98,2.0,3.0,1.0,"43.7072163,-72.28880304"
u57,2013-04-18 00:04:42,cs60,1.0,3.0,12.0,"43.70677226,-72.28679047"
u57,2013-04-20 01:11:20,cs65,2.0,3.0,2.0,"43.7070897,-72.28858401"
u57,2013-04-20 01:09:08,cs60,2.0,3.0,2.0,"43.7070897,-72.28858401"
u57,2013-04-30 04:05:51,cs60,1.0,3.0,1.0,"43.70287358,-72.29079706"
u57,2013-04-30 04:05:23,cs65,2.0,3.0,11.0,"43.70287312,-72.29079676"
u58,2013-03-27 04:11:30,cs19p,2.0,1.0,1.0,"43.70625659,-72.28331991"
u58,2013-03-30 00:00:48,cs65,2.0,3.0,1.0,"43.70596359,-72.28323862"
u58,2013-04-03 22:05:36,cs65,2.0,3.0,1.0,"43.70615493,-72.28340848"
u58,2013-04-02 01:57:17,cs65,1.0,1.0,1.0,"43.70610853,-72.28322264"
u58,2013-04-04 22:31:46,cs65,2.0,1.0,1.0,"43.70611302,-72.28322474"
u58,2013-04-05 22:30:15,cs65,2.0,1.0,2.0,"43.70628761,-72.28362471"
u58,2013-04-09 00:30:33,cs65,2.0,4.0,1.0,"43.70614426,-72.28328189"
u58,2013-04-11 00:13:48,cs65,1.0,3.0,1.0,"43.69957825,-72.289953"
u58,2013-04-13 00:13:36,cs65,1.0,3.0,3.0,"43.70624531,-72.28357164"
u58,2013-04-16 01:59:55,cs65,1.0,3.0,1.0,"43.70839358,-72.2822233"
u58,2013-04-12 00:07:53,cs65,1.0,1.0,1.0,"43.63183255,-72.21036324"
u58,2013-04-18 04:13:06,cs65,1.0,1.0,5.0,"43.70645524,-72.28313281"
u58,2013-04-18 17:49:49,cs65,1.0,3.0,4.0,Unknown
u58,2013-04-19 19:38:12,cs 65,1.0,1.0,4.0,"43.70616591,-72.28331609"
u58,2013-04-20 01:01:23,cs 65,1.0,2.0,1.0,"43.70616591,-72.28331609"
u58,2013-04-26 20:35:45,cs65,2.0,1.0,3.0,"43.70607199,-72.28334176"
u58,2013-04-22 19:41:12,cs65,1.0,4.0,4.0,"43.70650819,-72.28202974"
u58,2013-04-23 06:04:11,cs65,1.0,4.0,3.0,"43.70623696,-72.28307342"
u58,2013-04-24 23:00:17,cs65,1.0,5.0,1.0,"43.70593948,-72.28355406"
u58,2013-04-26 07:03:33,cs65,1.0,4.0,5.0,"43.70615356,-72.28330165"
u58,2013-05-11 02:00:19,cs65,1.0,2.0,2.0,"43.70617687,-72.2833926"
u58,2013-05-28 07:44:42,cs65,1.0,1.0,6.0,"43.70618048,-72.28338783"
u59,2013-04-03 22:58:16,CS7,2.0,1.0,3.0,"43.70397214,-72.29027069"
u59,2013-04-03 19:06:28,CS65,2.0,3.0,2.0,"43.70572549,-72.29076597"
u59,2013-03-27 03:42:42,Linguistics 11,2.0,4.0,3.0,"43.70601645670831,-72.28864909149706"
u59,2013-03-28 00:42:54,CS 65,2.0,2.0,2.0,"43.70151604525745,-72.2881496977061"
u59,2013-03-29 00:39:07,CS 65,2.0,3.0,1.0,"43.702606027945876,-72.2895226534456"
u59,2013-03-28 21:44:35,German 1,1.0,2.0,4.0,"43.702606027945876,-72.2895226534456"
u59,2013-03-30 00:01:57,German 1,1.0,2.0,3.0,Unknown
u59,2013-04-02 16:50:27,German 1 Drill,2.0,3.0,2.0,"43.70382381,-72.28721012"
u59,2013-04-01 23:50:49,CS 7,1.0,1.0,3.0,"43.70351572,-72.28960285"
u59,2013-04-01 17:54:28,German 1,2.0,2.0,3.0,"43.7055138,-72.28774539"
u59,2013-04-01 19:05:54,CS 65,1.0,3.0,2.0,"43.7055138,-72.28774539"
u59,2013-04-01 17:54:28,German 1 Drill,2.0,3.0,1.0,"43.7052892,-72.28791432"
u59,2013-04-02 21:07:55,German 1,1.0,3.0,3.0,"43.70348925,-72.28865624"
u59,2013-04-04 17:59:04,German 1,1.0,3.0,3.0,"43.7035497,-72.28791333"
u59,2013-04-04 16:57:50,German 1 Drill,2.0,2.0,2.0,"43.70389361,-72.28722817"
u59,2013-04-05 00:07:23,sexperts,1.0,2.0,2.0,"43.70307048,-72.29134056"
u59,2013-04-05 00:07:09,cs7,2.0,1.0,3.0,"43.70307048,-72.29134056"
u59,2013-04-05 00:42:07,German 1 Drill,2.0,3.0,2.0,"43.706564088352025,-72.2880931198597"
u59,2013-04-05 00:42:25,German 1,1.0,3.0,3.0,"43.70640328153968,-72.28827752172947"
u59,2013-04-05 16:52:48,German 1 Drill,2.0,2.0,2.0,"43.70410232339054,-72.28721008636057"
u59,2013-04-05 23:42:59,CS 65,2.0,1.0,1.0,"43.70551232714206,-72.29069134220481"
u59,2013-04-05 23:43:14,CS 7,1.0,1.0,5.0,"43.705377923324704,-72.2905449103564"
u59,2013-04-05 23:42:39,German 1,1.0,3.0,3.0,"43.7052727304399,-72.28970169089735"
u59,2013-04-08 17:56:45,German 1,1.0,3.0,3.0,"43.705853219144046,-72.2873000241816"
u59,2013-04-08 19:04:25,CS65,1.0,3.0,4.0,"43.70876152999699,-72.28423618711531"
u59,2013-04-09 00:02:09,CS 65,1.0,1.0,6.0,"43.704237481579185,-72.2890498302877"
u59,2013-04-17 00:02:52,Sexperts,1.0,2.0,3.0,"43.70496301911771,-72.2903998196125"
u59,2013-04-10 00:11:57,Sexperts,1.0,2.0,2.0,"43.70316120330244,-72.28972448967397"
u59,2013-04-10 00:11:34,German 1 Drill,2.0,3.0,3.0,"43.70316120330244,-72.28972448967397"
u59,2013-04-10 00:11:47,German 1,1.0,2.0,2.0,"43.70316120330244,-72.28972448967397"
u59,2013-04-11 16:56:31,German 1 Drill,2.0,2.0,3.0,"43.7040551751852,-72.28721763007343"
u59,2013-04-18 17:58:32,German 1 Drill,2.0,3.0,2.0,"43.70533023029566,-72.28808063082397"
u59,2013-04-11 21:59:53,CS 65,2.0,2.0,2.0,Unknown
u59,2013-04-11 17:55:30,German 1,1.0,2.0,3.0,"43.70270728133619,-72.28772247210145"
u59,2013-04-11 23:56:26,Sexperts,2.0,2.0,2.0,Unknown
u59,2013-04-13 03:36:42,German 1 Drill,2.0,1.0,2.0,"43.70292215142399,-72.2911821026355"
u59,2013-04-13 03:37:08,German 1,1.0,4.0,3.0,"43.70295664295554,-72.29111923836172"
u59,2013-04-18 00:02:49,Germn 1,1.0,1.0,3.0,Unknown
u59,2013-04-16 00:18:48,German 1 Drill,2.0,3.0,2.0,Unknown
u59,2013-04-16 00:19:02,German 1,1.0,3.0,3.0,Unknown
u59,2013-04-18 00:02:37,Germn 1 Drill,2.0,2.0,2.0,Unknown
u59,2013-04-18 00:03:10,Computer Science 7,1.0,4.0,9.0,Unknown
u59,2013-04-18 09:28:18,Sexperts,1.0,3.0,2.0,Unknown
u59,2013-04-18 17:58:44,German 1,1.0,3.0,2.0,"43.7053832039237,-72.28814735077322"
u59,2013-04-18 09:28:40,CS 7,1.0,4.0,9.0,Unknown
u59,2013-04-19 20:53:01,CS 65,2.0,3.0,2.0,"43.70582476258278,-72.29042178019881"
u59,2013-04-19 20:53:17,German 1,1.0,3.0,2.0,"43.70582476258278,-72.29042178019881"
u59,2013-04-19 16:51:31,German 1 Drill,1.0,2.0,2.0,"43.70440830476582,-72.2871760558337"
u59,2013-04-22 17:55:59,German 1,2.0,3.0,2.0,"43.70448730420321,-72.28795372880995"
u59,2013-04-24 02:29:12,German 1,2.0,3.0,1.0,Unknown
u59,2013-04-24 02:29:47,German 1Drill,2.0,1.0,1.0,Unknown
u59,2013-04-24 02:30:07,Sexperts,2.0,1.0,1.0,Unknown
u59,2013-04-26 19:05:53,German 1 Drill,2.0,3.0,2.0,"43.70562979951501,-72.28742231614888"
u59,2013-04-25 18:08:23,German 1,2.0,3.0,1.0,"43.70627956464887,-72.29024643078446"
u59,2013-04-25 23:54:20,CS 7,2.0,1.0,2.0,"43.704175874590874,-72.2904362808913"
u59,2013-04-25 23:54:31,Sexperts,2.0,2.0,2.0,"43.704535835422575,-72.29042085818946"
u59,2013-04-26 19:06:46,CS 65,2.0,1.0,2.0,"43.70562979951501,-72.28742231614888"
u59,2013-04-26 19:06:04,German 1,1.0,3.0,3.0,"43.70562979951501,-72.28742231614888"
u59,2013-04-29 16:53:05,German 1 Drill,2.0,4.0,2.0,"43.704183753579855,-72.28855940513313"
u59,2013-04-29 19:05:31,German 1,1.0,3.0,2.0,"43.704183753579855,-72.28855940513313"
u59,2013-04-29 19:05:40,CS 65,1.0,3.0,12.0,"43.704183753579855,-72.28855940513313"
u59,2013-04-30 17:00:56,German 1 Drill,2.0,3.0,2.0,Unknown
u59,2013-05-01 05:01:22,German 1,1.0,3.0,2.0,"43.70313869789243,-72.2904294077307"
u59,2013-05-01 05:01:38,Sexperts,1.0,1.0,2.0,"43.70313869789243,-72.2904294077307"
u59,2013-05-02 17:58:47,German 1,1.0,2.0,2.0,"43.70215223170817,-72.28934881277382"
u59,2013-05-03 00:01:03,CS 65,2.0,1.0,2.0,"43.70457284152508,-72.2903202753514"
u59,2013-05-02 17:58:35,German 1 Drill,2.0,3.0,2.0,"43.70215223170817,-72.28934881277382"
u59,2013-05-03 00:01:33,Sexperts,2.0,1.0,1.0,"43.705135183408856,-72.29042873717844"
u59,2013-05-03 00:01:16,CS 7,2.0,3.0,1.0,"43.70491880457848,-72.29022338055074"
u59,2013-05-06 18:02:01,German 1,1.0,2.0,2.0,"43.70550696272403,-72.28745399974287"
u59,2013-05-09 17:54:47,German 1,1.0,3.0,3.0,"43.70338646695018,-72.28882427327335"
u59,2013-05-07 02:30:35,CS 7,1.0,1.0,4.0,"43.702878188341856,-72.29103986173868"
u59,2013-05-11 00:00:45,German 1 Drill,2.0,3.0,2.0,Unknown
u59,2013-05-06 16:52:15,German 1 Drill,2.0,3.0,2.0,"43.70389746967703,-72.28679367341101"
u59,2013-05-06 19:42:34,CS 65,2.0,4.0,3.0,"43.705406757071614,-72.28963203728199"
u59,2013-05-07 16:57:15,German 1 Drill,2.0,3.0,2.0,"43.705429220572114,-72.29127271100879"
u59,2013-05-11 00:00:55,German 1,1.0,3.0,2.0,Unknown
u59,2013-05-09 08:22:45,CS 7,1.0,1.0,12.0,Unknown
u59,2013-05-16 15:42:16,CS 65,2.0,3.0,12.0,"43.70553600601852,-72.29107699356973"
u59,2013-05-09 17:54:34,German 1 Drill,2.0,3.0,1.0,"43.70346668176353,-72.28856099769473"
u59,2013-05-16 15:42:49,Sexperts,2.0,1.0,1.0,"43.70553600601852,-72.29107699356973"
u59,2013-05-16 15:42:32,CS 7,1.0,1.0,3.0,"43.70553600601852,-72.29107699356973"
u59,2013-05-18 00:02:56,German 1 Drill,2.0,3.0,2.0,Unknown
u59,2013-05-18 00:03:10,German 1,1.0,3.0,2.0,"43.70520072989166,-72.28917254135013"
u59,2013-05-18 00:03:33,CS 7,1.0,4.0,3.0,"43.70532067492604,-72.28892787359655"
u59,2013-05-21 09:14:21,German 1,1.0,3.0,2.0,"43.705461281351745,-72.2910166438669"
u59,2013-05-21 09:14:37,CS 7,1.0,3.0,12.0,"43.705461281351745,-72.2910166438669"
u59,2013-05-21 09:14:11,German 1 Drill,2.0,3.0,2.0,"43.705461281351745,-72.2910166438669"
u59,2013-05-21 18:55:26,German 1,1.0,3.0,2.0,Unknown
u59,2013-05-22 00:06:53,Sexperts,2.0,3.0,1.0,"43.705348586663604,-72.28977226652205"
u59,2013-05-21 18:55:26,German 1 Drill,2.0,3.0,3.0,Unknown
u59,2013-05-23 01:29:35,Sexperts,2.0,2.0,1.0,"43.705720701254904,-72.29104246012866"
u59,2013-05-23 17:59:06,German 1 Drill,2.0,3.0,1.0,Unknown
u59,2013-05-24 00:06:22,Sexperts,2.0,2.0,1.0,Unknown
u59,2013-05-23 17:59:26,German 1,1.0,3.0,2.0,Unknown
u59,2013-05-24 17:00:37,German 1 Drill,2.0,3.0,1.0,Unknown
u59,2013-05-24 17:57:03,German 1,2.0,3.0,2.0,Unknown
u59,2013-05-25 00:40:11,CS 7,1.0,4.0,3.0,Unknown
u59,2013-05-29 02:02:41,German 1 Drill,2.0,3.0,2.0,Unknown
u59,2013-05-29 02:02:52,German 1,1.0,3.0,4.0,Unknown
u59,2013-05-29 20:08:51,CS 65,1.0,1.0,12.0,Unknown
u59,2013-05-30 00:44:25,Sexperts,1.0,3.0,2.0,Unknown
