uid,resp_time,comment,location
u00,2013-03-27 04:09:24,good run full moon tonight,"43.75932116,-72.32890406"
u00,2013-03-25 20:00:15,dressed,"43.70650512,-72.28724623"
u00,2013-03-29 16:04:19,tired,"43.70552422,-72.28767885"
u00,2013-03-27 23:09:18,done,"43.70857479,-72.28435013"
u00,2013-03-28 02:24:47,home joy,"43.70569473,-72.28728308"
u00,2013-03-28 21:08:02,my first went well,"43.70540958,-72.28769817"
u00,2013-03-28 23:03:01,miles rocks,"43.70688502,-72.28755706"
u00,2013-03-29 20:54:03,getting ready for class,"43.70045799,-72.28948963"
u00,2013-03-31 19:14:48,spring,"43.76469967,-72.32249553"
u00,2013-03-31 17:53:08,happy easter world,"43.75914412,-72.32945574"
u00,2013-04-04 00:28:03,good,"43.70708859,-72.28753397"
u00,2013-04-03 03:43:27,behind in my lectures. but good ruin up turnpike,"43.78765379,-72.32242225"
u00,2013-04-05 04:15:04,stuntmen's,"43.70708859,-72.28753397"
u00,2013-04-05 20:37:36,Friday,"43.70708859,-72.28753397"
u00,2013-04-07 01:58:33,Norwich 90s win,"43.70708859,-72.28753397"
u00,2013-04-08 08:08:36,stuff,"43.78764103,-72.32252081"
u00,2013-04-09 22:43:48,sql,"43.70664656,-72.28802135"
u00,2013-04-23 03:40:02,no eshan,"43.70662332,-72.28742773"
u00,2013-05-21 16:34:41,checking,"43.70625307,-72.28700801"
u01,2013-03-27 20:46:37,La!,"43.70476772,-72.28958601"
u01,2013-03-29 20:31:09,Thank god the weekend is finally here...,"43.70345534,-72.28941129"
u01,2013-04-01 20:16:25,Overslept engs and cs today,"43.70510553,-72.29032599"
u01,2013-04-08 19:24:11,Missed first two classes again...,"43.70542081,-72.29035437"
u01,2013-04-12 20:28:41,Wtf. It's hailing in April!,"43.70695338,-72.28895926"
u01,2013-04-18 20:56:47,Ugh. Crappy weather today. I hate rainy weather,"43.70697801,-72.28665942"
u01,2013-04-19 00:34:25,Weather,"43.70398333,-72.28953576"
u01,2013-04-19 01:48:21,Flying kites. Oh yeah!,"43.70337177,-72.28854999"
u01,2013-04-20 06:45:45,Hooray! It's the weekend! And I've got an ems shift!,"43.70700605,-72.28906778"
u01,2013-04-21 02:00:22,Day one of light hang complete!,"43.7067725,-72.28919025"
u01,2013-04-24 04:15:31,Wtf? Classes are canceled?,"43.7013269,-72.28804199"
u02,2013-03-27 20:08:09,my classes,"43.70834437,-72.28451848"
u03,2013-03-27 18:47:57,,"43.70525296,-72.28308162"
u03,2013-03-27 18:47:54,,"43.70548221,-72.28324167"
u03,2013-04-24 01:00:31,screw all the assignments!,"43.70533762,-72.28346398"
u04,2013-03-27 04:41:28,research,"43.70200674,-72.28525688"
u04,2013-03-27 06:50:32,get going,"43.70420195,-72.28682651"
u04,2013-03-27 20:05:47,need to get going,"43.70405539,-72.28561903"
u04,2013-03-27 15:51:20,parsing strings,"43.70253824,-72.28976264"
u04,2013-03-28 20:00:52,coffee,"43.70437389,-72.28688493"
u04,2013-03-29 16:03:41,phone fell out of pocket. found it,"43.70331081,-72.28734177"
u04,2013-03-28 20:48:36,swipe text cool,"43.70437389,-72.28688493"
u04,2013-04-04 15:37:31,race this weekend,"43.70500049,-72.28555637"
u04,2013-04-07 00:22:25,racing. focused,"43.70419632,-72.28592597"
u04,2013-04-07 16:49:39,coding and lab,"43.70400146,-72.28561947"
u04,2013-04-08 04:19:47,ate too much. too full,Unknown
u04,2013-04-08 19:12:14,data mining,"43.70635395,-72.28656244"
u04,2013-04-08 19:26:55,forgot to log food. again,"43.70636029,-72.28663457"
u04,2013-04-09 02:34:30,stomach ache,"43.70602337,-72.2947901"
u04,2013-04-15 23:04:36,feel good but so much work,"43.70417639,-72.28716427"
u04,2013-04-12 02:05:33,Harvard,"43.70589354,-72.29523217"
u04,2013-04-11 23:25:52,"food, race, research","43.70417131,-72.28591047"
u04,2013-04-13 20:12:27,getting fast,Unknown
u04,2013-04-14 05:29:31,homework,"43.70346867,-72.28554377"
u05,2013-03-27 18:35:01,Getting caught up,"43.70751491,-72.28694759"
u05,2013-03-27 20:11:15,learning some cool stuff,"43.70751491,-72.28694759"
u07,2013-03-27 06:27:20,just watched a movie!!!,"43.70474051,-72.2893123"
u07,2013-03-27 09:17:03,bedtime,"43.70377054,-72.28419329"
u07,2013-03-27 08:15:55,skyping my girlfriend,"43.70287825,-72.28818009"
u07,2013-03-27 20:38:40,fencing ...,"43.7040066,-72.28391899"
u07,2013-03-29 02:20:40,finished practice,"43.70257385,-72.28793151"
u07,2013-03-28 03:21:11,Just took a nice long shower,"43.70264862,-72.28480239"
u07,2013-03-30 03:36:08,just finished practice,"43.70166036,-72.28814555"
u07,2013-04-14 03:24:33,Been working for  a Long time,"43.7038195,-72.28390035"
u07,2013-04-24 02:58:18,No class? Jokes.,"43.70389416,-72.2837747"
u08,2013-04-01 01:38:47,cs homework,"43.70316589,-72.2862713"
u08,2013-04-01 16:50:33,cs,"43.70326445,-72.28627025"
u08,2013-03-27 03:15:36,homework,Unknown
u08,2013-03-27 06:15:06,cs code,Unknown
u08,2013-03-27 21:08:35,cs hw,"43.70227295,-72.28989198"
u08,2013-03-27 21:08:39,,"43.70227295,-72.28989198"
u08,2013-03-28 02:42:10,meeting,"43.70528743,-72.29155419"
u08,2013-03-28 07:57:14,cs code project and homework,"43.70528743,-72.29155419"
u08,2013-03-28 21:18:46,cs,"43.70582719,-72.28937924"
u08,2013-03-29 17:43:09,cs homework,"43.70350954,-72.28608081"
u08,2013-03-31 02:52:53,hobbit,"43.70350954,-72.28608081"
u08,2013-03-30 20:38:13,cs honework,"43.70350954,-72.28608081"
u08,2013-04-03 02:31:18,cs,"43.70237031,-72.28787598"
u08,2013-04-03 17:38:11,class,"43.70237031,-72.28787598"
u08,2013-04-02 03:17:40,exercise,"43.70291844,-72.28747058"
u08,2013-04-01 20:30:41,going to bank,"43.70571772,-72.29156713"
u08,2013-04-04 19:46:05,vs hwk,"43.70301411,-72.28619057"
u08,2013-04-06 01:32:51,computer science homework,"43.70410077,-72.28719868"
u08,2013-04-07 01:27:35,paintball,"43.04906525,-71.72455068"
u08,2013-04-07 03:55:40,party,"43.70376214,-72.28616855"
u08,2013-04-08 02:54:58,cs 65 homework,"43.70278047,-72.28749202"
u08,2013-04-10 10:33:47,cs homework,"43.70731779,-72.2868045"
u08,2013-04-11 03:37:43,toothache,"43.70370174,-72.28680811"
u08,2013-04-13 11:34:33,cs 65 lab,"43.70385469,-72.28643647"
u08,2013-04-17 03:57:03,cs 89,"43.70691883,-72.28761119"
u08,2013-04-12 02:20:36,cs 89,"43.70314121,-72.28659035"
u08,2013-04-14 05:39:25,cs 65,"43.70360138,-72.28652466"
u08,2013-04-16 04:12:27,cs 89,"43.70396504,-72.28927469"
u08,2013-04-18 06:05:38,cs,"43.70430223,-72.29046297"
u08,2013-04-20 20:19:54,cs 65,"43.70518194,-72.28800233"
u08,2013-04-21 20:19:51,cs proj,"43.70406215,-72.28755806"
u08,2013-04-23 06:28:56,so much cs work,"43.7052687,-72.28811786"
u08,2013-04-23 23:01:07,trouble,"43.7038645,-72.28668687"
u08,2013-04-25 21:55:50,cs,"43.70343829,-72.28645877"
u08,2013-05-01 21:55:40,energy website,"43.70708811,-72.28767562"
u08,2013-05-05 09:20:33,cs,"43.7037094,-72.28660102"
u08,2013-05-07 03:52:19,jpeg co.pression,"43.7049437,-72.28880281"
u10,2013-03-30 02:07:50,first week of the term and I'm already stressed. bad idea to take 2cs courses,"43.70644884,-72.28820168"
u10,2013-03-27 23:46:46,hate installing new software without instructions,"43.7063889,-72.28636544"
u12,2013-03-29 21:34:11,"Friday""","43.70977927,-72.28303993"
u12,2013-03-29 21:34:18,"Friday""","43.70977927,-72.28303993"
u12,2013-04-02 16:25:36,ready for school,"43.63734709,-72.24846373"
u12,2013-04-03 17:27:05,get to class on time,"43.63766483,-72.2485018"
u14,2013-03-29 19:22:13,having fun with friends,"43.70509271,-72.28680761"
u14,2013-03-29 23:36:48,entertaining my friend,"43.70468907,-72.28757152"
u14,2013-04-09 09:08:01,finishing homework,"43.70477259,-72.28698419"
u14,2013-04-09 21:52:51,trying to finish work,"43.70574434,-72.28750667"
u14,2013-04-10 22:04:52,trying to brainstorm,"43.70583044,-72.28799584"
u14,2013-04-24 17:17:56,class canceled,"43.7048191,-72.2868582"
u14,2013-04-27 23:05:26,girlfriend,Unknown
u16,2013-03-27 20:02:00,cs 65,"43.70279154,-72.29020511"
u16,2013-04-03 22:02:42,lab 1,"43.70450379,-72.28884561"
u16,2013-04-05 23:34:01,cheese and cider,"43.7037992,-72.29079052"
u16,2013-04-07 21:10:34,homework,"43.70362252,-72.29130382"
u16,2013-04-08 00:04:22,svn,"43.70638642,-72.28846824"
u16,2013-04-08 23:04:22,svn,"43.7040162,-72.29110655"
u16,2013-04-09 21:59:46,balancing work and class,"43.70308789,-72.29000556"
u16,2013-04-15 06:38:50,homework and classes,"43.70350683,-72.28981599"
u16,2013-04-18 20:44:09,prospies,"43.70378332,-72.29056908"
u16,2013-04-20 16:47:41,homework,"43.70381863,-72.2910568"
u16,2013-04-21 20:40:14,I am feeling overwhelmed,"43.70379379,-72.29137476"
u16,2013-04-23 22:06:33,relaxing,"43.70299464,-72.2902466"
u16,2013-04-23 16:19:23,jobs and funding,"43.70373954,-72.29185672"
u16,2013-04-26 22:43:12,I have not been taught anything for this lab,"43.70383449,-72.29122954"
u16,2013-04-26 20:06:32,Campbell being unfair,"43.70381392,-72.29084126"
u16,2013-05-11 16:36:32,balancing work and fun,"43.70317722,-72.28939878"
u16,2013-05-04 00:42:32,life,"43.70373825,-72.29018574"
u16,2013-05-06 05:28:26,my crashing computer,"43.70369577,-72.29064258"
u16,2013-05-07 17:48:29,sleep,"43.70534496,-72.29049134"
u16,2013-05-23 01:45:49,work,"43.70688262,-72.28760657"
u16,2013-05-30 02:29:56,annoyed at Prof Campbell,"43.68753666,-72.29250241"
u17,2013-03-27 20:54:41,projecting a lot of work for term,"43.70605071,-72.28863023"
u17,2013-04-09 05:54:28,greenways science day and tesla,"43.70512967,-72.28920458"
u17,2013-04-19 02:34:13,dimensions events,"43.70237732,-72.28914013"
u17,2013-04-29 04:30:40,forensics,Unknown
u18,2013-03-27 20:32:49,confused about classds,"43.70327352,-72.28957388"
u18,2013-03-30 22:12:03,nice weather,"43.70728041,-72.28918783"
u18,2013-04-08 04:11:07,I've been really lazy,"43.70730177,-72.28915579"
u18,2013-04-05 18:13:15,sleepy,"43.70605791,-72.28694024"
u18,2013-04-08 04:11:18,,"43.70730177,-72.28915579"
u18,2013-04-08 04:11:20,,"43.70730177,-72.28915579"
u18,2013-04-19 03:23:13,I hate people,"43.70264346,-72.28707"
u19,2013-03-27 20:26:19,a little bit confused about life,"43.70690704,-72.28632015"
u19,2013-03-28 06:36:57,a feeling of emptiness,"43.70024816,-72.29095179"
u19,2013-04-02 23:03:20,impending doom. that looming feeling in cs courses,Unknown
u19,2013-04-03 06:44:39,frustrated at this group,"43.7025871,-72.2895324"
u19,2013-04-04 23:31:23,feeling sick,"43.70577175,-72.28809302"
u19,2013-04-08 08:33:09,cs50 destroyed me,"43.7067029,-72.28540419"
u19,2013-04-19 07:08:01,"providers, pointers, revolvers loaders","43.70734975,-72.28629956"
u19,2013-04-21 08:12:45,preparing for a long day tomorrow,"43.7067391,-72.28556913"
u19,2013-04-21 08:12:53,I love frisbee,"43.7067391,-72.28556913"
u19,2013-04-23 07:43:47,finally time to sleep!!!!,"43.70705944,-72.28563764"
u19,2013-04-29 02:46:51,loneliness is a cruel thing,"43.70670747,-72.28550624"
u19,2013-05-01 09:27:25,finally done with crawling and running!!!,"43.70101204,-72.28677708"
u19,2013-05-12 09:05:32,weeeee alpha theta formal,"43.70701211,-72.28611727"
u19,2013-05-03 18:51:11,machine learning is so cool!,"43.70690988,-72.28699822"
u19,2013-05-05 07:52:40,I hope I play better at regionals tmrw,"43.70691192,-72.28587513"
u19,2013-05-04 02:48:33,regionals!!!! Frisbee yeah!,"43.70705362,-72.28594706"
u19,2013-05-05 07:53:00,believe in who you are. be confident!!,"43.70691192,-72.28587513"
u19,2013-05-06 07:30:40,a blizzard of emotions,"43.70706627,-72.28596306"
u19,2013-05-14 08:14:38,what is the amazing project??,"43.70650157,-72.28532126"
u19,2013-05-18 03:58:18,I hate this,"43.70161344,-72.28714129"
u19,2013-05-19 21:53:24,amazing project let's go!!,"43.70669977,-72.28545979"
u19,2013-05-18 00:02:58,so tired and this is boring,"43.70161344,-72.28714129"
u19,2013-05-20 08:27:53,le bun bun is so funny,"43.70754131,-72.28597491"
u19,2013-05-20 21:12:15,2d array memory allocation,"43.70708213,-72.2859049"
u19,2013-05-21 09:11:10,I should sleep,"43.70712264,-72.28701115"
u19,2013-05-23 07:44:58,why you mazes no work?,"43.70693856,-72.28579217"
u19,2013-05-22 08:09:34,time to get our act together for study buddy,"43.7040776,-72.29042456"
u19,2013-05-29 18:33:04,finally done with 13S,"43.70689977,-72.28714289"
u19,2013-05-25 08:22:30,so frustrated...,"43.70744109,-72.28667853"
u19,2013-05-31 07:11:21,its finally done,"43.70696465,-72.28583899"
u19,2013-05-26 09:51:26,so much programming to do,"43.70709334,-72.28524117"
u19,2013-06-01 00:49:41,sleep on sleep on sleep,"43.70704382,-72.28594456"
u20,2013-03-27 23:02:29,great,Unknown
u20,2013-03-29 05:55:10,not bad,Unknown
u20,2013-04-03 18:03:21,Outstanding,"43.70544017,-72.28294543"
u20,2013-04-04 19:05:03,Catch a cold!,"43.70534345,-72.28298988"
u20,2013-04-06 06:06:25,fever and fever,"43.70547218,-72.28253705"
u20,2013-04-05 19:36:14,badly sick fever,"43.70560257,-72.28312535"
u22,2013-03-30 04:41:14,:(,"43.70424862,-72.29040642"
u22,2013-03-27 07:35:32,I like this phone,"43.70665178,-72.28678516"
u22,2013-03-27 17:46:33,feeling kind of sleepy,"43.70456816,-72.2898437"
u22,2013-03-28 10:00:44,coded a lot,"43.70256935,-72.28790785"
u22,2013-03-28 03:07:13,getting work done,"43.70257791,-72.28792984"
u22,2013-03-28 22:45:42,need to work,"43.70399272,-72.29051569"
u22,2013-03-29 19:04:32,working hard,"43.70414927,-72.29076226"
u22,2013-03-31 02:40:52,feeling sad,"43.70411722,-72.29047127"
u22,2013-03-30 00:21:16,about to interview!,"43.7086476,-72.28468996"
u22,2013-03-31 10:15:29,tired,"43.70411722,-72.29047127"
u22,2013-03-31 21:45:31,food is good,"43.70305331,-72.29086377"
u22,2013-03-31 20:33:17,I feel much better,"43.70357146,-72.29017646"
u22,2013-04-01 08:46:08,coded a lot today,"43.70397877,-72.29023959"
u22,2013-04-04 01:15:22,happy Wednesday,"43.70594306,-72.28855419"
u22,2013-04-01 23:39:50,need to work,"43.7040117,-72.29030024"
u22,2013-04-02 23:14:14,feeling good,"43.70407922,-72.29020632"
u22,2013-04-03 04:37:25,got work done,"43.70419679,-72.29044657"
u22,2013-04-04 05:19:46,I'm full,"43.70594306,-72.28855419"
u22,2013-04-04 20:24:57,accidentally slipped,"43.70400449,-72.29016096"
u22,2013-04-08 17:38:36,going to class,"43.70407347,-72.29009938"
u22,2013-04-05 02:01:27,working on presentation,"43.70426694,-72.29029645"
u22,2013-04-09 02:48:01,finished my lab!,"43.70306765,-72.29085617"
u22,2013-04-09 23:56:49,just worked out,"43.70418536,-72.29015097"
u22,2013-04-11 00:07:42,about to work,"43.70458274,-72.29070844"
u22,2013-04-12 00:56:23,just worked out,"43.70385961,-72.28977364"
u22,2013-04-12 23:25:27,about to interview,"43.70414838,-72.29074049"
u22,2013-04-13 02:44:11,interview went well,"43.70393355,-72.29005374"
u22,2013-04-14 21:44:52,hung over,"43.70408869,-72.29048838"
u22,2013-04-13 02:44:18,feeling full,"43.70393355,-72.29005374"
u22,2013-04-16 01:54:13,full,"43.70389866,-72.29006061"
u23,2013-04-02 17:31:28,good,"43.70556865,-72.28310136"
u23,2013-04-03 17:34:51,good,"43.70553167,-72.28322691"
u23,2013-03-27 23:51:40,great,"43.70561004,-72.28332987"
u23,2013-03-29 02:32:11,anxious,"43.70562144,-72.28290055"
u23,2013-03-29 22:14:38,good,"43.705496,-72.28317085"
u23,2013-03-31 05:03:46,good,"43.70552101,-72.28328571"
u23,2013-03-31 17:12:09,nice,"43.70546909,-72.28312334"
u23,2013-04-01 02:39:24,nice,"43.70560877,-72.2829117"
u23,2013-04-03 00:43:35,so so,"43.70543892,-72.28338924"
u23,2013-04-06 01:10:25,soso,"43.70565145,-72.28330752"
u23,2013-04-07 04:15:49,good,"43.70563195,-72.28339769"
u23,2013-04-08 02:53:28,soso,"43.70539334,-72.28311345"
u23,2013-04-10 02:36:04,good,"43.7056173,-72.2833203"
u23,2013-04-14 22:05:32,good,"43.70574109,-72.28323278"
u24,2013-04-03 21:35:16,tails with kappa,"43.70604505,-72.28900077"
u24,2013-03-29 00:39:15,Just ate some burgers,"43.62848411,-72.32236195"
u24,2013-03-29 09:12:12,Work due on Monday,"43.70633345,-72.29084334"
u24,2013-03-30 19:32:46,food and sleep,"43.70617004,-72.29083553"
u24,2013-03-30 09:39:51,work due monday,"43.70588361,-72.29057766"
u24,2013-04-01 08:48:48,Winning the jawbone,"43.70631987,-72.29102945"
u24,2013-04-02 01:29:19,Dinner,"43.70546252,-72.29129583"
u24,2013-04-04 19:53:42,to be productive,"43.70613594,-72.29081044"
u24,2013-04-05 22:58:32,my brother is visiting dartmouth,"43.70655061,-72.28799759"
u24,2013-04-06 20:03:00,productivity,"43.70620136,-72.29091932"
u24,2013-04-12 08:14:04,working out tomorrow,Unknown
u24,2013-04-12 15:06:33,taking a nap later today,"43.70621814,-72.29075864"
u24,2013-04-13 20:58:06,work,"43.70619094,-72.29054811"
u24,2013-05-18 03:33:02,projects due in all three of my classes,"43.70636729,-72.29144404"
u25,2013-03-30 18:16:13,"track and field, and breakfast","43.7007487,-72.28692055"
u25,2013-04-03 23:15:07,homework,"43.70115034,-72.2859029"
u25,2013-03-29 21:48:36,polar bears and magnets,"43.70910721,-72.2843058"
u25,2013-03-31 00:58:58,easter and home,"43.70257254,-72.28783399"
u25,2013-04-01 05:26:46,easter egg hunts,"43.43253057,-72.04154847"
u25,2013-04-04 20:26:39,majors,"43.70866672,-72.28394883"
u25,2013-04-05 18:55:45,screenplays,Unknown
u27,2013-04-17 09:18:34,so much work ?,"43.70400104,-72.28585139"
u30,2013-04-20 22:09:20,cs 50,"41.23064284,-73.0728831"
u31,2013-04-02 09:41:56,stressful because of my freezing desktop,"43.68055526,-72.29341847"
u32,2013-04-01 18:31:40,cs65 lab1 due tonight,"43.70383924,-72.29026049"
u32,2013-04-10 07:58:54,coding,"43.70340811,-72.29061712"
u32,2013-04-12 17:42:32,ready for the weekend,"43.71906267,-72.27262809"
u33,2013-04-05 23:10:21,forgot my location scan this morning,"43.7058539,-72.28945952"
u33,2013-05-03 04:33:39,just failed a midterm,"43.701888339999996,-72.28851972"
u33,2013-05-30 02:22:00,woohoo done with CS65!!,Unknown
u34,2013-03-28 20:01:49,good weather,"43.71820403,-72.30818631"
u35,2013-03-29 04:21:17,the project idea,"43.70551381,-72.28318271"
u35,2013-03-30 22:17:40,NBA tonight,"43.70549179,-72.28322023"
u35,2013-04-14 23:18:49,working tonight,"43.7053364,-72.28315167"
u35,2013-04-21 19:18:28,project proposal,"43.70554288,-72.28320827"
u36,2013-04-13 03:53:31,work hard,"43.70659406,-72.28704229"
u36,2013-04-15 23:17:45,move on,"43.70655534,-72.28702434"
u39,2013-04-10 04:24:43,,"43.70657715,-72.28645985"
u39,2013-04-10 04:24:46,,Unknown
u39,2013-04-10 03:45:45,,"43.70657715,-72.28645985"
u39,2013-04-10 03:45:48,,Unknown
u42,2013-04-02 12:10:04,lol,"43.69810406,-72.28136531"
u43,2013-04-03 19:46:28,not enough hours in the day...,"43.70566059,-72.29130704"
u43,2013-04-02 00:56:41,Trying to catch up on the first week of cs65 that I missed.,"43.70568476,-72.29128041"
u43,2013-04-02 01:36:43,at physical therapy.,"43.70569016,-72.291311"
u43,2013-04-02 19:58:48,"room draw, ah!","43.70546977,-72.29153142"
u43,2013-04-02 03:36:29,never know what to buy for gifts,"43.70546977,-72.29153142"
u43,2013-04-03 02:34:12,waiting for the doctor to email me...,"43.70565263,-72.29132948"
u43,2013-04-03 05:15:34,room draw is on my mind,"43.7056535,-72.29132724"
u43,2013-04-04 00:23:31,my leg is hurting. I hope doctor contacts me soon,"43.70566059,-72.29130704"
u43,2013-04-03 19:47:11,bought 3 textbooks for three classes that I eventually switched out of this term.,"43.70566059,-72.29130704"
u43,2013-04-04 07:16:46,legs hurt so much...,"43.70619631,-72.28823087"
u43,2013-04-04 23:10:46,I think I'm starting to understand what's going on in smartphone finally,"43.70555306,-72.29117085"
u43,2013-04-05 01:26:41,got the room I wanted,"43.70564344,-72.29145757"
u43,2013-04-05 20:49:10,leg hurts,"43.70553772,-72.29041241"
u43,2013-04-07 00:46:58,at Boston with my significant other,"43.50783677,-72.13449058"
u43,2013-04-08 23:27:38,so nice out!,"43.70560342,-72.29137243"
u43,2013-04-14 19:55:09,yesterday was Dartmouth day of fun with gf who came to visit,"43.70500487,-72.2905778"
u43,2013-04-10 19:53:57,doctor appointment tomorrow. legs hurt pretty badly.,"43.70355489,-72.28875143"
u43,2013-04-10 07:40:28,people are being loud in the basement and making it hard to sleep,"43.70573552,-72.29175527"
u43,2013-04-17 23:24:13,so nice out!,"43.70523224,-72.29210557"
u43,2013-04-22 02:18:33,in Maine!,"44.19267176,-69.82764371"
u44,2013-04-02 22:13:07,Practicing coding!!!,"43.70687995,-72.28684036"
u44,2013-04-03 16:33:11,get the shit done and code!,"43.69218426,-72.26682994"
u44,2013-04-04 16:13:38,homework,"43.69206178,-72.26673401"
u44,2013-04-05 16:45:37,work work,"43.69200732,-72.26705782"
u44,2013-04-07 18:06:35,coding interview,"43.69245279,-72.26713384"
u44,2013-04-06 16:31:20,finish cs65hw,"43.69204756,-72.26686638"
u44,2013-04-08 16:40:24,internship,"43.69220733,-72.26727623"
u44,2013-04-09 16:38:25,code,"43.69221111,-72.26702562"
u44,2013-04-10 17:18:32,coding,"43.69223087,-72.26689625"
u44,2013-04-18 16:36:44,cs60assignment,"43.69224331,-72.26692428"
u44,2013-04-13 16:49:19,cd60assigbnent,"43.69215012,-72.26703486"
u44,2013-04-11 17:04:02,java,"43.69231687,-72.26692115"
u44,2013-04-12 17:56:59,interview,"43.69213022,-72.27010971"
u44,2013-04-16 16:28:48,intership,"43.69226815,-72.26702755"
u44,2013-04-15 16:21:37,cs65 assignment,"43.69206212,-72.26702576"
u44,2013-04-19 16:59:46,assignment,"43.69226243,-72.2670789"
u44,2013-04-20 16:34:18,cs60 assignment,"43.69222142,-72.26706862"
u44,2013-04-26 16:26:18,cs60assignment,"43.69232314,-72.26697319"
u44,2013-04-21 17:08:59,cs65assignment,"43.6926262,-72.26656479"
u44,2013-04-22 16:09:42,cs65 assignment,"43.69232152,-72.26694479"
u44,2013-04-23 17:42:21,my macbook track pad alive again!,"43.69215408,-72.26724447"
u44,2013-04-27 17:10:49,cs60 lab,Unknown
u44,2013-04-29 15:12:40,cs65lab,"43.69198838,-72.26681867"
u44,2013-04-30 15:28:15,interview,"43.69205554,-72.2671205"
u44,2013-05-01 15:05:07,interview,"43.692330749999996,-72.26683046"
u44,2013-05-02 16:27:23,interview,"43.69204957,-72.26697347"
u44,2013-05-03 15:34:55,cs60lab,"43.69188917,-72.26670333"
u44,2013-05-12 17:06:08,Boston trip,"43.69220954,-72.26702639"
u44,2013-05-14 17:32:01,assignments,"43.69225,-72.26698519"
u44,2013-05-08 16:28:28,project,"43.69230186,-72.26682816"
u44,2013-05-22 17:41:46,cs60project,"43.69206616,-72.2671326"
u44,2013-05-27 17:28:57,project!,"43.69341383,-72.2733575"
u46,2013-04-01 06:03:39,awesome baby back ribs. what are they made of? why 'baby'?,"43.70105311,-72.28963051"
u46,2013-04-01 09:04:59,lost a game of pong,"43.70105311,-72.28963051"
u46,2013-04-01 05:04:59,feeling pretty good,"43.70628963,-72.28834634"
u46,2013-04-01 03:56:05,trying to plow through all this cs65 notes,"43.70628963,-72.28834634"
u46,2013-04-08 04:04:04,I hate cs,"43.70581445,-72.28774468"
u46,2013-04-04 05:08:51,cs50 ugh,"43.70293603,-72.28959821"
u49,2013-03-31 06:52:47,"relationship, homework","43.70711283219849,-72.29060053949401"
u49,2013-03-29 00:24:09,"internships, classes","43.70660906218045,-72.28850320131149"
u49,2013-04-01 06:35:19,"easter, beginning of school week tomorrow","43.707136718561166,-72.29065781268854"
u49,2013-04-02 22:51:45,"internships, research, math homework, and CS lab","43.707146987999685,-72.29072620916767"
u49,2013-04-03 00:39:43,work,"43.707146987999685,-72.29072620916767"
u49,2013-04-04 22:04:24,financial aid forms,"43.70707964069709,-72.29049692253142"
u49,2013-04-07 02:29:04,girlfriend,"42.370239251465904,-71.10342783989697"
u49,2013-04-06 02:08:06,travelling,"43.47757182567488,-72.10256690864196"
u49,2013-04-13 20:01:40,traveling,"43.32351967587326,-71.89589626821693"
u49,2013-04-16 07:58:51,midterms,"43.707277235827306,-72.29070802286769"
u49,2013-04-18 04:40:03,exams,"43.70143796257927,-72.28840592331314"
u49,2013-05-02 04:58:23,homework,"43.70128447062639,-72.28811807771216"
u49,2013-05-10 20:09:37,summer plans,"43.70578575320415,-72.28875349174373"
u49,2013-05-04 21:03:16,cs,"43.70713433287341,-72.29021107759506"
u49,2013-05-10 07:58:04,summer,"43.7071387297622,-72.29066029782106"
u49,2013-05-13 02:53:32,lab,"43.63199519015069,-72.21044899071187"
u49,2013-05-18 06:33:36,green key,"43.7071803391446,-72.29073719551904"
u49,2013-05-18 00:19:03,green key,"43.70600375009001,-72.28871367120003"
u49,2013-05-23 19:02:01,group android project,"43.70717394799803,-72.29085167812515"
u49,2013-05-31 07:53:20,finals,"43.707175423533876,-72.29072460503018"
u51,2013-04-15 23:18:05,nothing much,"43.7065978,-72.28709206"
u53,2013-03-29 21:32:48,thesis research plan,"43.70789343,-72.28376628"
u53,2013-04-03 08:11:05,research ideas,"43.70545116,-72.28301514"
u53,2013-04-01 06:22:48,homework,"43.40062634,-72.01627429"
u53,2013-04-01 06:22:52,machine learning problem,"43.63641881,-72.28712311"
u53,2013-04-01 06:22:51,,"43.01144742,-71.43616835"
u53,2013-04-01 19:09:51,cs165 lab,"43.7068123,-72.28668344"
u53,2013-04-05 02:23:26,thesis proposal,"43.70588351,-72.28322173"
u53,2013-04-05 23:00:10,website design for app with lorie,"43.70652295,-72.28353758"
u53,2013-04-13 22:54:41,forensics project,"43.70601049,-72.28324145"
u56,2013-04-17 21:19:14,nasty headache today. start of allergy season?,"43.71268733,-72.3089346"
u57,2013-03-27 20:02:33,I want to do my networks homework today,"43.70288118,-72.29008281"
u57,2013-04-02 06:02:48,I'm exhausted,"43.70702215,-72.28926511"
u57,2013-04-02 21:23:50,Finishing homework before fencing club nationals,"43.70496898,-72.28848864"
u57,2013-04-04 23:12:50,Fencing club nationals,"43.70714671,-72.28921668"
u57,2013-04-12 05:02:51,Working on computer networks homework,"43.70717864,-72.28864107"
u57,2013-04-13 06:03:42,Girls,"43.7071603,-72.28890645"
u57,2013-04-12 20:02:26,It is hailing in April!,"43.70704438,-72.28906392"
u57,2013-04-16 22:27:19,Finishing computer networks homework today before midnight,"43.70716532,-72.28887617"
u57,2013-04-14 20:07:03,computer networks,"43.7034383,-72.28949884"
u57,2013-04-20 23:19:52,Homework,"43.81237747,-72.18886948"
u57,2013-04-21 19:38:30,homework,"43.70689052,-72.28872243"
u58,2013-04-26 20:36:21,not overambitious,"43.70607141,-72.28335077"
u58,2013-05-13 03:45:20,finally!,"43.70647378,-72.28294033"
u59,2013-03-31 09:36:36,and I'm hungry too,"43.70295231,-72.29014782"
u59,2013-03-31 09:38:30,I love sad music.,"43.70295231,-72.29014782"
u59,2013-04-03 06:58:03,I'm so full,"43.7052441,-72.29056065"
u59,2013-04-02 03:49:27,twizzlers are ridiculously expensive in sudikoff,"43.70351572,-72.28960285"
u59,2013-04-03 17:59:38,I'm so hungry now omg,"43.70572549,-72.29076597"
u59,2013-04-03 06:58:09,I need to do more work,"43.7052441,-72.29056065"
u59,2013-03-27 03:44:12,I'm very tired but I need to go to the gym.,"43.70600279420614,-72.28865772485733"
u59,2013-03-29 07:25:38,I'm so sleepy!,"43.702606027945876,-72.2895226534456"
u59,2013-03-29 20:51:59,woke up from a nap yay,"43.702606027945876,-72.2895226534456"
u59,2013-03-27 20:25:15,Totally switching classes,"43.702418063767254,-72.28767008520663"
u59,2013-03-27 16:17:33,Waking up early to go to the gym,Unknown
u59,2013-03-28 00:43:05,Textbooks are expensive,"43.70151604525745,-72.2881496977061"
u59,2013-03-28 05:31:48,I'm so tired. I just want to sleep,"43.702606027945876,-72.2895226534456"
u59,2013-03-28 03:02:43,time to do applications,"43.70151604525745,-72.2881496977061"
u59,2013-03-28 06:18:45,so much fun!,"43.702606027945876,-72.2895226534456"
u59,2013-03-29 04:05:46,I'm so bored.,"43.702606027945876,-72.2895226534456"
u59,2013-03-28 19:27:37,I like this pasta. delicious!,"43.702606027945876,-72.2895226534456"
u59,2013-03-28 16:35:23,I am hungry.,"43.702606027945876,-72.2895226534456"
u59,2013-03-28 18:03:23,I like my new class.,"43.702606027945876,-72.2895226534456"
u59,2013-03-28 21:45:16,I'm so excited right now! eeeeep,"43.702606027945876,-72.2895226534456"
u59,2013-03-29 20:51:22,cs65,"43.702606027945876,-72.2895226534456"
u59,2013-04-01 02:47:39,took a 2 hour nap. wow,"43.7025121,-72.28898705"
u59,2013-03-29 22:54:59,its friday?,"43.702606027945876,-72.2895226534456"
u59,2013-03-30 23:41:24,food baby!,"43.70137994,-72.28831007"
u59,2013-03-31 09:36:56,listening to some good old music so I don't fall asleep,"43.70295231,-72.29014782"
u59,2013-03-31 12:04:03,going to sleep.yay,"43.70307389,-72.28977689"
u59,2013-03-31 03:48:27,I'm hungry,"43.70290446,-72.29085355"
u59,2013-03-31 09:36:12,I'm so tired today,"43.70295231,-72.29014782"
u59,2013-03-31 09:36:20,I wanna go to sleep,"43.70295231,-72.29014782"
u59,2013-03-31 07:28:16,wow I took a long nap,"43.70295231,-72.29014782"
u59,2013-03-31 09:37:16,I have to finish my homework tonight so I have a free day tomorrow,"43.70295231,-72.29014782"
u59,2013-03-30 23:38:57,I like the phone!,"43.70703944,-72.28707561"
u59,2013-03-31 09:36:29,why don't I do my homework earlier?,"43.70295231,-72.29014782"
u59,2013-03-31 21:46:24,just woke up. wow,"43.70563006,-72.29085119"
u59,2013-04-02 16:50:09,I'm so tired already. woke up ten minutes before class,"43.70382415,-72.28720683"
u59,2013-04-04 04:10:07,time for homework,"43.70492743,-72.2901242"
u59,2013-03-31 22:12:33,I have to get up,Unknown
u59,2013-04-03 10:34:06,going to sleep,"43.7052441,-72.29056065"
u59,2013-04-01 23:50:32,I'm so tired. I need a nap,"43.70351572,-72.28960285"
u59,2013-04-03 08:24:16,so much work to do,"43.7052441,-72.29056065"
u59,2013-04-01 07:45:20,first time finishing my homework before midnight. yesss,"43.7025121,-72.28898705"
u59,2013-04-01 09:09:44,going to sleep. good night y'all,"43.7025121,-72.28898705"
u59,2013-04-01 15:13:26,just woke up. feeling a little tired,"43.7025121,-72.28898705"
u59,2013-04-03 17:07:54,time to do some work,"43.70572549,-72.29076597"
u59,2013-04-01 17:53:48,I'm so excited,"43.7047936,-72.28801795"
u59,2013-04-01 19:03:19,my tummy is grumbling,"43.7055138,-72.28774539"
u59,2013-04-02 20:54:24,I want to go to sleep. but I just took a two hour nap,"43.70348925,-72.28865624"
u59,2013-04-02 10:47:58,time to sleep,"43.70566922,-72.29087336"
u59,2013-04-03 10:33:59,,"43.7052441,-72.29056065"
u59,2013-04-03 16:21:08,woke up. so tired,"43.7052441,-72.29056065"
u59,2013-04-03 19:06:47,time to eat lunch yeah!,"43.70572549,-72.29076597"
u59,2013-04-02 23:53:05,so sleepy right now,"43.70353832,-72.29031374"
u59,2013-04-03 16:21:32,my contact is really bothering my eye this morning. I need glasses again,"43.7052441,-72.29056065"
u59,2013-04-04 01:12:53,lalacs!!,"43.70492743,-72.2901242"
u59,2013-04-03 22:59:14,my writing seminar is supposed to be about computer science. we barely touched on the topic since the beginning,"43.70492446,-72.29003028"
u59,2013-04-03 21:40:24,on my way to writing. so surprised that I am not sleepy,"43.70397214,-72.29027069"
u59,2013-04-04 02:28:39,yes food yes,"43.70492743,-72.2901242"
u59,2013-04-04 09:55:42,I hate this essay,"43.70492743,-72.2901242"
u59,2013-04-04 07:33:21,time to do essay,"43.70492743,-72.2901242"
u59,2013-04-04 16:57:29,I'm so hungry,"43.70385188,-72.28719243"
u59,2013-04-04 18:58:05,I'm so hungry omggg,"43.7035497,-72.28791333"
u59,2013-04-08 15:59:22,yes coffee yes,"43.705850495025516,-72.29117003269494"
u59,2013-04-07 05:44:37,time for hw,"43.703158563002944,-72.29066770523787"
u59,2013-04-05 04:02:47,I hate this. omg,"43.70497429277748,-72.29044700972736"
u59,2013-04-05 00:44:00,I just need to not care about what people think,"43.70604902040213,-72.28925686329603"
u59,2013-04-05 03:24:57,I'm sleepy and col and have a lot of work to do,"43.70497429277748,-72.29044700972736"
u59,2013-04-05 00:06:37,class was fun,"43.70307048,-72.29134056"
u59,2013-04-05 02:05:02,I'm too sad right now,"43.70498925447464,-72.2904589958489"
u59,2013-04-05 00:42:01,just changed phones again,"43.706902717240155,-72.2880894318223"
u59,2013-04-05 11:37:47,time for sleep,"43.702687877230346,-72.29002338834107"
u59,2013-04-05 06:27:50,I need sleep,"43.70497429277748,-72.29044700972736"
u59,2013-04-08 18:44:30,finished with the lab. yeah!,"43.70876152999699,-72.28423618711531"
u59,2013-04-05 16:52:33,i like german,"43.70410232339054,-72.28721008636057"
u59,2013-04-07 21:45:46,I don't wanna,"43.70376273058355,-72.290263697505"
u59,2013-04-05 18:04:40,I'm hungry,"43.70736854150891,-72.28518761694431"
u59,2013-04-05 15:58:25,just two more terms of drill. just two...,"43.705437518656254,-72.29089770466089"
u59,2013-04-05 17:56:09,on my way to class,"43.70575045701116,-72.28749196976423"
u59,2013-04-05 19:33:15,I'm so sleepy right Niue. ugh,"43.702830956317484,-72.29117556475103"
u59,2013-04-05 19:33:04,,"43.702830956317484,-72.29117556475103"
u59,2013-04-05 23:43:27,I'm so sleepy. but I have work,"43.70539468713105,-72.29043569415808"
u59,2013-04-09 00:02:24,finished with the lab. yes!,"43.704237481579185,-72.2890498302877"
u59,2013-04-06 05:37:56,so much sexperts,"43.70619553606957,-72.28953782469034"
u59,2013-04-06 02:01:49,so much work omg,"43.70619553606957,-72.28953782469034"
u59,2013-04-07 02:12:49,so sleepy right now,"43.70573427993804,-72.2908112872392"
u59,2013-04-06 06:06:09,I want to go out tonight,"43.70619553606957,-72.28953782469034"
u59,2013-04-07 12:43:59,good night,Unknown
u59,2013-04-07 08:06:57,im a sleepy butt,Unknown
u59,2013-04-07 00:13:34,I had fun last night.,"43.70573427993804,-72.2908112872392"
u59,2013-04-07 23:17:10,I don't want to go to work,"43.70376273058355,-72.290263697505"
u59,2013-04-08 17:01:06,I feel sick.I don't want to get sick,"43.70402194093913,-72.28785708546638"
u59,2013-04-08 04:01:23,yum food,"43.703208435326815,-72.29068145155907"
u59,2013-04-08 06:00:58,I hate my writing seminar,"43.7060222402215,-72.29019781574607"
u59,2013-04-08 16:59:14,tuna sandwich yeah,"43.705850495025516,-72.29117003269494"
u59,2013-04-08 19:04:34,never mind. not yet done with lab,"43.70876152999699,-72.28423618711531"
u59,2013-04-08 21:38:08,I hate my writing seminar,"43.704199846833944,-72.2890477348119"
u59,2013-04-08 23:00:32,I'm sick :(,"43.704237481579185,-72.2890498302877"
u59,2013-04-09 02:43:11,I'm sick :( I don't like this,"43.707164358347654,-72.28910917416215"
u59,2013-04-09 08:09:25,finished the lab with extra credit. Awww yeah,"43.705809926614165,-72.29142350144684"
u59,2013-04-12 20:59:55,im drugged up on  ibuprofen and penicillin. but at least my tooth during hurt a lot anymore,"43.70301682502031,-72.29103592224419"
u59,2013-04-16 00:17:25,I think the toothache is finally gone. I can finally stop missing class because it hurts so much,Unknown
u59,2013-04-09 16:04:31,I'm still sick :(,"43.70414901059121,-72.28755131363869"
u59,2013-04-10 06:07:37,doing journals while listening to music. yeahhh,"43.70531099382788,-72.29075856506824"
u59,2013-04-10 09:47:34,I finished my work two hours ago but I still haven't gone to bed. what's wrong with me -_-,"43.70531099382788,-72.29075856506824"
u59,2013-04-10 17:22:01,to shower or not to shower. that is the question,"43.70562917087227,-72.29097867384553"
u59,2013-04-10 02:56:06,getting better yay,Unknown
u59,2013-04-10 05:05:31,I am so lazy omg,"43.70531099382788,-72.29075856506824"
u59,2013-04-17 17:53:32,so sleepy ughhhh,"43.70402018073946,-72.28731980547309"
u59,2013-04-11 06:09:36,oh no. toothache,"43.702832465060055,-72.28970445692539"
u59,2013-04-11 16:56:14,tooth still kinda hurts. but its getting better,"43.70403396897018,-72.28720941580832"
u59,2013-04-11 09:59:06,this toothache sucks. ugh,"43.702832465060055,-72.28970445692539"
u59,2013-04-17 04:00:42,i dont like my writing class,"43.70562028605491,-72.29085822589695"
u59,2013-04-11 17:55:28,German exam was easy,"43.70291506871581,-72.28755542077124"
u59,2013-04-11 22:00:28,turns out I am numero uno in the study yay,Unknown
u59,2013-04-11 23:56:47,Sexperts was super interesting today. I really really liked it!,Unknown
u59,2013-04-12 01:42:52,omg German takes so much time to do,Unknown
u59,2013-04-12 03:53:37,first time I get FoCo to go,Unknown
u59,2013-04-12 06:05:52,this tooth is killing me,Unknown
u59,2013-04-12 16:53:44,I don't think I can go to class. it hurts a lot. I'm gonna take some medicine and hopefully sleep some more :( this sucks,"43.70393468532711,-72.28716691955924"
u59,2013-04-12 15:45:41,toothache is still here. this seriously sucks omg,"43.70560025330633,-72.2910475730896"
u59,2013-04-13 01:05:11,2 naps in one day. my tooth hadn't hurt at all after all that medicine! yes!,"43.70522507932037,-72.29081598110497"
u59,2013-04-13 20:26:20,tooth does not hurt as much as yesterday. yay,Unknown
u59,2013-04-13 03:35:40,I've never taken so much medicine in my life omg,"43.70290907565504,-72.29113843291998"
u59,2013-04-14 00:09:15,doing homework yeah,"43.70568109676242,-72.29072663001716"
u59,2013-04-18 15:53:54,just woke up. I don't wanna go to drill ugh,Unknown
u59,2013-04-14 20:05:53,im hungry,"43.70137925259769,-72.28947512805462"
u59,2013-04-15 11:08:43,allï¿½ nighter ugh,"43.70289662852883,-72.28997561149299"
u59,2013-04-14 06:03:37,out of work yeah,"43.70568109676242,-72.29072663001716"
u59,2013-04-14 11:12:27,too much procrastination,"43.702968335710466,-72.29021784849465"
u59,2013-04-15 18:06:16,ugh i have to skip class again. shouldve taken the medicine before leaving to drill,"43.70289662852883,-72.28997561149299"
u59,2013-04-16 01:23:20,poor boston people :(,Unknown
u59,2013-04-17 11:19:25,I just hate this writing seminar. class sucks,"43.70562854222953,-72.29079879820347"
u59,2013-04-17 05:58:37,im so tired by i have to write this essay,"43.70562028605491,-72.29085822589695"
u59,2013-04-17 00:03:14,i have an essay to write,"43.70496301911771,-72.2903998196125"
u59,2013-04-17 15:50:07,yay all nighter,"43.706074208021164,-72.2909130435437"
u59,2013-04-18 00:04:05,I'm so tired and sleepy and hungry,Unknown
u59,2013-04-18 20:35:54,I don't want to go to writing seminar,"43.706606877967715,-72.28770210407674"
u59,2013-04-18 09:27:53,yay sleep,Unknown
u59,2013-04-19 00:02:07,just woke up from a nap,"43.705556374043226,-72.2909109480679"
u59,2013-04-19 20:52:26,I lobe my prospies!,"43.70582476258278,-72.29042178019881"
u59,2013-04-19 15:57:56,I just want to sleep,"43.70420655235648,-72.28826796635985"
u59,2013-04-19 23:06:06,my tummy hurts,"43.70582476258278,-72.29042178019881"
u59,2013-04-20 04:22:19,today was really fun,"43.70582476258278,-72.29042178019881"
u59,2013-04-20 23:47:34,I'm so tired and sleepy,"43.702826388180256,-72.29127505794168"
u59,2013-04-21 09:43:33,camera is crashing noooo,"43.70409922208637,-72.28208472020924"
u59,2013-04-22 04:17:40,Awww I saw a puppy,"43.70345394127071,-72.29087851010263"
u59,2013-04-22 10:35:04,so much German to learn,"43.70345394127071,-72.29087851010263"
u59,2013-04-22 17:55:03,I missed drill oops,"43.70417214464396,-72.28764502331614"
u59,2013-04-25 00:02:19,just woke up from a nap,"43.705770364031196,-72.29050819762051"
u59,2013-04-24 23:05:18,13 hours of sleep and still tired,"43.703413414768875,-72.28902460075915"
u59,2013-04-24 23:04:58,some guys can to record my friend for some admissions thing while on the piano,"43.703413414768875,-72.28902460075915"
u59,2013-04-23 16:02:38,I hate all nighters,"43.70559400878847,-72.29087733663619"
u59,2013-04-24 02:30:22,I hate all nighters. they make me so unproductive,Unknown
u59,2013-04-24 20:46:11,just woke up,Unknown
u59,2013-04-30 10:48:37,so tired and sleepy,Unknown
u59,2013-04-24 06:05:21,sleepy again. gonna go to aleep,"43.702806774526834,-72.29073786176741"
u59,2013-04-25 01:45:28,I don't like this writing class at all,"43.705770364031196,-72.29050819762051"
u59,2013-04-25 03:01:44,this paper is so stupid ugh,"43.70548307429999,-72.2909040749073"
u59,2013-04-22 21:39:35,stupid dialogs omg,"43.702690224163234,-72.29113147594035"
u59,2013-04-26 21:33:58,I like this tea,"43.70548462495208,-72.29094330221415"
u59,2013-04-26 04:37:18,might finish work before 10 pm and then sleep yeahh,"43.705345443449914,-72.29143733158708"
u59,2013-04-25 18:09:28,on my way to a meeting,"43.70639498345554,-72.2890355810523"
u59,2013-04-27 12:01:47,sucks liking someone,Unknown
u59,2013-04-26 08:17:34,yay sleep time,"43.705437812022865,-72.29115846566856"
u59,2013-04-28 01:37:24,I don't want to go to work ughhh,Unknown
u59,2013-04-28 00:03:47,im tired,Unknown
u59,2013-04-27 21:14:42,so tired so much sleep,Unknown
u59,2013-04-28 02:51:34,all nighter tonight I bet,Unknown
u59,2013-04-26 18:02:09,so sleepy right now,"43.70562979951501,-72.28742231614888"
u59,2013-04-26 19:06:47,I need sleep omg,"43.70562979951501,-72.28742231614888"
u59,2013-04-26 23:08:54,yay French teacher is back,"43.70477182790637,-72.28792866691947"
u59,2013-04-29 16:53:21,stupid insomnia. can't pay attention very well,"43.704183753579855,-72.28855940513313"
u59,2013-04-29 08:14:14,this lab is killing me,"43.706689733080566,-72.28658253327012"
u59,2013-04-28 21:11:09,I was supposed to wake up earlier,"43.705516937188804,-72.29096400551498"
u59,2013-04-29 10:26:53,good night,"43.70636967010796,-72.28717530146241"
u59,2013-04-29 15:57:41,insomnia last night :(,"43.705123574472964,-72.29001735337079"
u59,2013-04-29 22:53:55,so sleepy,"43.705114354379475,-72.28941075503826"
u59,2013-04-30 19:03:16,I'm so tired but finally finished with the lab,"43.70579710230231,-72.29083056561649"
u59,2013-04-30 17:01:09,pulled an all nighter and still not finished with the lab,Unknown
u59,2013-05-02 07:11:44,I have to wake up early tomorrow ughhh,"43.70489332359284,-72.28969481773674"
u59,2013-05-01 05:00:46,i need more sleep,"43.70313869789243,-72.2904294077307"
u59,2013-05-02 02:01:42,I'm feeling better now yay,"43.705593924969435,-72.29075856506824"
u59,2013-05-02 16:03:10,so much work until 4,"43.70563415810466,-72.2912774886936"
u59,2013-05-02 23:59:43,did I really need to learn about contraception for two hours? really?,"43.7036209506914,-72.29050937108696"
u59,2013-05-02 17:59:14,meeting with a professor yay,"43.70215223170817,-72.28934881277382"
u59,2013-05-03 02:15:14,I don't want to do homework,"43.7027834309265,-72.29042119346559"
u59,2013-05-03 05:01:34,might go to sleep before 10!,"43.70568541344255,-72.29091857559979"
u59,2013-05-03 06:13:07,time to sleep yay,"43.70568541344255,-72.29091857559979"
u59,2013-05-03 20:04:16,going to sleep,"43.705528462305665,-72.29130095802248"
u59,2013-05-04 10:26:54,bout to sleep,Unknown
u59,2013-05-05 06:20:38,a bit sleepy but I have to do homework,"43.70178573299199,-72.28840081952512"
u59,2013-05-03 23:48:42,took a three hour nap wow,Unknown
u59,2013-05-04 04:01:51,transform was not great,"43.70374714024365,-72.29070232249796"
u59,2013-05-04 22:28:54,I'm hungry,Unknown
u59,2013-05-05 02:44:58,pride dinner yay,"43.70183828752488,-72.28848681785166"
u59,2013-05-05 20:56:03,just woke up,"43.70551781728864,-72.29054197669029"
u59,2013-05-07 07:56:41,I don't really get this lab :(,"43.702828316017985,-72.29103868827224"
u59,2013-05-09 08:22:01,going to sleep yay,Unknown
u59,2013-05-07 02:30:04,I'm so full,"43.70416569057852,-72.29038154706359"
u59,2013-05-08 17:36:37,going to sleep. skipping class. I hate writing. wrote 5 out of 8 pages,Unknown
u59,2013-05-03 23:49:24,took a three hour nap wow,Unknown
u59,2013-05-06 10:44:10,good night,"43.705581771209836,-72.29074255563319"
u59,2013-05-11 00:01:16,so sad and stressed out :(,Unknown
u59,2013-05-15 08:12:32,I'm so sleepy,"43.70743128005415,-72.28925778530538"
u59,2013-05-06 16:54:28,I don't wanna have this quiz.,"43.70389746967703,-72.28679367341101"
u59,2013-05-08 12:07:40,allnighter for writing. I hate my seminar. its not even interesting,"43.706466439180076,-72.28715711273253"
u59,2013-05-10 08:01:36,ughhh I need sleep,Unknown
u59,2013-05-15 06:02:30,I'm so sleepy but so much work to do,Unknown
u59,2013-05-16 15:41:36,I don't want to do the essay for class :(,"43.70553600601852,-72.29107699356973"
u59,2013-05-20 00:24:29,just 500 more words and I'm finished,"43.704725224524736,-72.28949784301221"
u59,2013-05-19 19:35:34,I need to finish this essay,"43.705568527802825,-72.29081480763853"
u59,2013-05-20 19:48:55,I want to go on the German LSA,"43.70559212286025,-72.29091203771532"
u59,2013-05-21 09:13:27,I need to study german,"43.705461281351745,-72.2910166438669"
u59,2013-05-22 00:07:38,I have so much work,"43.705348586663604,-72.28977226652205"
u59,2013-05-22 05:38:46,going to sleep now,"43.70286435820162,-72.28974292986095"
u59,2013-05-22 06:48:27,time to sleep Awww yes,"43.70286435820162,-72.28974292986095"
u59,2013-05-23 00:04:03,my friend is transferring. no :/,"43.705720701254904,-72.29104246012866"
u59,2013-05-22 18:58:51,I don't wanna go to class I just wanna sleep,"43.705720701254904,-72.29104246012866"
u59,2013-05-24 21:22:00,I don't want to present. I'm really scared,Unknown
u59,2013-06-01 04:03:45,in NYC yeah!,"41.09053309075534,-73.45103331841528"
u59,2013-05-30 19:36:20,done with everything,"43.705530599690974,-72.29089292697608"
u59,2013-05-25 20:37:49,I woke up too late,Unknown
u59,2013-05-26 05:33:05,im tired,Unknown
u59,2013-05-26 19:17:46,I don't want to go to work today,"43.705819859169424,-72.29087230749428"
u59,2013-05-27 08:43:08,this final project is hard,"43.705510566942394,-72.29118637740612"
u59,2013-05-27 19:09:00,I need to do laundry. so many things to do,"43.70550733990967,-72.2909749019891"
u59,2013-05-27 19:49:04,I hop I don't have an ear infection,"43.70550733990967,-72.2909749019891"
u59,2013-05-28 09:47:14,i need sleep,Unknown
u59,2013-05-28 20:06:55,at dicks house :/,"43.70560381561518,-72.29110607877374"
u59,2013-05-29 02:01:14,still not done with this project,Unknown
u59,2013-05-31 18:08:04,so many things left to do and so little time on campus,"43.70569061022252,-72.2908440604806"
u59,2013-06-01 00:23:45,on my way home. yes!,"42.331804521381855,-72.61995915323496"
u59,2013-05-30 16:11:43,awake so early for a test I haven't prepared for. I'm gonna die,"43.705530599690974,-72.29089292697608"
u59,2013-05-31 09:56:21,going to sleep. I'll be on my way home in twelve hours,Unknown
u59,2013-05-31 20:08:34,going back home in two hours ahhh. so excited,"43.70243239682168,-72.28868303820491"
u59,2013-06-01 13:09:57,at the airport waiting for the flight,"40.69961621426046,-73.81507202982903"
u59,2013-06-05 05:06:37,gonna do some exercise,"29.903018628247082,-90.02739306539297"
u59,2013-06-02 21:30:33,I slept 12 hours. wow that is crazy,"29.902878901921213,-90.02735710702837"
u59,2013-06-05 01:10:15,chicken nuggets yum,"29.9028183426708,-90.02741821110249"
u59,2013-06-03 07:57:20,watched an episode of soul mate,"29.903048719279468,-90.02708645537496"
u59,2013-06-04 01:30:19,cleaning the house is not very fun,"29.90283774677664,-90.02724906429648"
u59,2013-06-03 03:47:45,playing the sims with little brother,"29.90317050833255,-90.02723732963204"
u59,2013-06-03 23:59:49,watching Korean dramas with my little brother,"29.90285627078265,-90.02734805457294"
u59,2013-06-02 05:59:38,gonna watch a movie with the little bro,"29.900103276595473,-90.0295245833695"
u59,2013-06-04 08:39:52,bout to hit the bed.,"29.902628953568637,-90.02758811227977"
u59,2013-06-04 23:18:39,watching TV with my mommy,"29.902872280217707,-90.02744721248746"
u59,2013-06-05 07:15:48,some exercise and now I am tired,"29.902972988784313,-90.02737211063504"
u59,2013-06-06 10:21:30,sleep time!,"29.903109236620367,-90.02735501155257"
u59,2013-06-07 23:43:22,,Unknown
