uid,exercise,have,resp_time,schedule,walk,location
u00,4.0,1,2013-04-03 03:43:26,null,2.0,
u00,3.0,2,2013-04-01 14:55:38,1,2.0,
u00,1.0,2,2013-04-01 17:12:56,1,1.0,
u00,1.0,1,2013-04-02 04:03:53,null,1.0,
u00,1.0,2,2013-04-04 00:28:03,1,2.0,
u00,1.0,2,2013-04-04 02:03:44,1,3.0,
u00,1.0,2,2013-04-06 02:19:21,1,1.0,
u00,4.0,1,2013-04-05 02:39:51,2,3.0,
u00,4.0,1,2013-04-05 20:37:51,null,3.0,
u00,3.0,2,2013-04-07 18:35:08,2,3.0,
u00,3.0,1,2013-04-07 01:56:12,null,3.0,
u00,1.0,2,2013-04-10 05:24:58,1,3.0,
u00,1.0,2,2013-04-17 20:27:42,1,2.0,
u00,1.0,2,2013-04-12 22:54:04,1,3.0,
u00,1.0,2,2013-04-17 02:44:44,1,1.0,
u00,1.0,2,2013-04-18 02:04:26,1,2.0,
u00,3.0,2,2013-04-19 04:29:39,1,1.0,"43.75872078,-72.32869187"
u00,3.0,1,2013-04-22 04:23:28,null,2.0,"43.75957917,-72.32886943"
u00,2.0,2,2013-04-24 06:08:27,1,1.0,Unknown
u00,3.0,1,2013-04-29 02:38:13,2,1.0,Unknown
u00,1.0,2,2013-05-05 23:30:24,2,5.0,"48.85875992,2.36238333"
u00,1.0,2,2013-05-08 18:16:23,1,2.0,"45.42686431,12.350003"
u00,1.0,2,2013-05-16 04:07:30,1,1.0,"43.70596914,-72.28674988"
u00,4.0,2,2013-05-17 05:12:07,1,1.0,"43.70138552,-72.28880842"
u00,1.0,2,2013-05-08 19:51:40,1,1.0,Unknown
u00,1.0,2,2013-05-18 22:21:03,1,1.0,"42.80466172,-71.29933505"
u00,1.0,2,2013-05-19 22:19:25,1,1.0,Unknown
u00,1.0,1,2013-05-31 20:27:35,2,1.0,"43.70990415,-72.27948312"
u00,4.0,2,2013-05-25 20:06:41,1,1.0,"38.92432799,-77.05412058"
u00,1.0,2,2013-05-28 20:24:57,1,1.0,"43.70660017,-72.28716763"
u00,3.0,2,2013-05-29 21:04:07,1,1.0,"43.70662665,-72.28716228"
u00,3.0,1,2013-05-30 20:07:05,null,1.0,"43.70006541,-72.29016831"
u00,1.0,null,2013-06-01 20:17:25,null,1.0,"43.999142,-71.83453784"
u00,2.0,1,2013-06-04 23:01:02,null,1.0,"43.70666023,-72.28744135"
u00,3.0,1,2013-06-05 23:18:48,null,1.0,"43.70697532,-72.28696303"
u00,3.0,1,2013-06-03 03:04:49,2,2.0,"43.75910573,-72.32818315"
u00,1.0,null,2013-08-07 01:47:16,null,1.0,"43.70207326,-72.28919072"
u01,1.0,2,2013-04-03 06:03:22,2,3.0,
u01,1.0,2,2013-04-06 03:00:41,2,3.0,
u01,1.0,2,2013-04-07 02:05:47,2,1.0,
u01,1.0,2,2013-04-10 05:31:18,2,1.0,
u01,1.0,2,2013-04-17 02:30:58,2,2.0,
u01,1.0,2,2013-04-19 00:34:55,2,4.0,"43.70523775,-72.28968764"
u01,1.0,2,2013-04-27 03:27:52,2,3.0,"43.70528019,-72.28949827"
u02,3.0,1,2013-04-02 04:12:32,null,2.0,
u02,3.0,1,2013-04-05 02:05:25,1,3.0,
u02,1.0,2,2013-04-07 00:33:25,2,2.0,
u02,1.0,2,2013-04-08 00:04:13,2,2.0,
u02,3.0,1,2013-04-19 04:00:47,2,3.0,"43.70700651,-72.29317331"
u02,1.0,2,2013-04-21 02:00:29,2,3.0,"43.70725865,-72.29291875"
u02,3.0,1,2013-04-24 06:00:34,2,3.0,Unknown
u02,1.0,2,2013-04-28 00:02:03,2,2.0,"43.70699798,-72.29314193"
u02,1.0,2,2013-04-30 02:18:11,2,2.0,"43.70683195,-72.28737158"
u02,3.0,1,2013-05-06 07:34:48,2,2.0,"43.70719676,-72.29315695"
u02,1.0,2,2013-05-16 04:11:39,2,2.0,"43.70713777,-72.29296993"
u02,3.0,1,2013-05-15 04:00:25,2,3.0,"43.70725622,-72.29354946"
u03,2.0,2,2013-04-05 17:29:45,2,2.0,
u03,2.0,2,2013-04-07 18:12:06,2,2.0,
u03,2.0,1,2013-04-11 19:44:21,2,2.0,
u03,1.0,2,2013-04-22 04:00:26,2,2.0,"43.70526343,-72.28319273"
u03,2.0,2,2013-04-29 03:20:48,2,2.0,"43.70532812,-72.28315379"
u03,2.0,2,2013-04-28 03:55:03,2,2.0,"43.70529403,-72.28319906"
u03,2.0,2,2013-04-30 02:00:09,2,3.0,"43.70522961,-72.2829144"
u03,2.0,2,2013-05-06 01:19:38,2,2.0,"43.70525531,-72.28306569"
u04,5.0,1,2013-04-03 16:54:07,1,3.0,
u04,4.0,1,2013-04-04 15:37:53,2,3.0,
u04,4.0,1,2013-04-07 02:17:53,null,3.0,
u04,4.0,1,2013-04-08 01:41:53,2,2.0,
u04,4.0,1,2013-04-18 03:02:19,2,3.0,
u04,5.0,1,2013-04-19 04:07:11,null,3.0,"43.70558971,-72.29688149"
u04,4.0,1,2013-04-24 08:30:55,2,2.0,"43.70310692,-72.28998483"
u04,3.0,1,2013-04-29 02:39:44,2,2.0,"43.70310102,-72.28960565"
u04,4.0,1,2013-04-30 03:59:26,null,2.0,"43.70344161,-72.28587472"
u04,4.0,1,2013-05-07 01:33:03,2,3.0,"43.70556561,-72.29643857"
u04,4.0,1,2013-05-15 05:24:55,null,3.0,"43.7019109,-72.28816483"
u04,4.0,1,2013-05-16 04:18:14,null,2.0,"43.7026866,-72.28761377"
u07,1.0,2,2013-04-01 18:02:11,2,3.0,
u07,5.0,1,2013-04-02 01:40:45,2,3.0,
u07,5.0,1,2013-04-02 12:21:23,2,2.0,
u07,5.0,1,2013-04-03 03:02:22,2,3.0,
u07,3.0,1,2013-04-11 09:32:13,2,3.0,
u07,1.0,2,2013-04-17 03:39:00,1,2.0,
u07,1.0,2,2013-04-18 18:38:25,2,2.0,3
u07,1.0,2,2013-04-19 04:57:05,2,2.0,"43.70464073,-72.29441487"
u07,5.0,1,2013-04-20 06:51:03,2,2.0,"43.70392925,-72.28380701"
u07,1.0,2,2013-04-21 02:32:19,2,2.0,"43.70334071,-72.28326211"
u07,1.0,2,2013-04-22 04:10:59,2,2.0,"43.70671038,-72.27728207"
u07,1.0,2,2013-04-23 21:31:36,1,2.0,"43.70425769,-72.28391582"
u07,1.0,2,2013-04-24 12:09:01,2,2.0,"43.70389416,-72.2837747"
u08,1.0,2,2013-04-03 02:08:58,1,3.0,
u08,1.0,2,2013-04-01 16:50:13,1,1.0,
u08,3.0,1,2013-04-02 03:17:56,null,3.0,
u08,1.0,2,2013-04-03 17:38:11,2,1.0,
u08,1.0,2,2013-04-04 02:08:16,1,2.0,
u08,3.0,1,2013-04-04 19:46:23,null,2.0,
u08,1.0,2,2013-04-05 02:11:20,1,2.0,
u08,1.0,2,2013-04-06 01:32:15,1,2.0,
u08,5.0,1,2013-04-07 01:27:36,null,3.0,
u08,1.0,2,2013-04-08 02:55:10,1,2.0,
u08,1.0,2,2013-04-09 09:36:10,1,3.0,
u08,1.0,2,2013-04-10 10:33:58,1,3.0,
u08,1.0,2,2013-04-16 04:12:27,1,3.0,
u08,1.0,2,2013-04-17 02:00:17,1,3.0,
u08,2.0,1,2013-04-13 11:34:47,null,2.0,
u08,1.0,2,2013-04-12 06:25:18,1,3.0,
u08,1.0,2,2013-04-14 05:39:19,1,2.0,
u08,1.0,2,2013-04-15 04:07:55,2,2.0,
u08,1.0,2,2013-04-18 20:33:50,1,2.0,null
u08,1.0,2,2013-04-18 06:06:00,1,3.0,
u08,4.0,1,2013-04-20 20:20:54,null,2.0,"43.70518194,-72.28800233"
u08,1.0,2,2013-04-21 20:21:17,1,1.0,"43.70406215,-72.28755806"
u08,1.0,2,2013-04-24 07:02:05,1,3.0,"43.70466963,-72.28690138"
u08,1.0,2,2013-04-23 06:30:25,1,2.0,"43.7052687,-72.28811786"
u08,1.0,2,2013-04-25 00:57:17,1,3.0,"43.70440204,-72.29052256"
u08,1.0,2,2013-04-25 21:55:51,1,2.0,"43.70356196,-72.2866634"
u08,1.0,2,2013-04-27 00:28:40,1,3.0,"43.70295661,-72.28995533"
u08,1.0,2,2013-05-01 09:17:30,1,2.0,"43.70708811,-72.28767562"
u08,1.0,2,2013-05-07 03:48:15,1,4.0,"43.7049437,-72.28880281"
u08,5.0,1,2013-05-05 09:20:26,null,3.0,"43.7037094,-72.28660102"
u08,1.0,2,2013-05-19 22:36:10,1,3.0,"43.70573461,-72.28972765"
u10,1.0,2,2013-04-04 02:06:27,1,3.0,
u10,1.0,2,2013-04-02 04:56:42,1,2.0,
u10,1.0,2,2013-04-03 02:07:13,1,2.0,
u10,1.0,2,2013-04-08 01:44:09,1,2.0,
u10,1.0,2,2013-04-06 02:00:17,1,3.0,
u10,1.0,2,2013-04-07 01:59:18,1,2.0,
u10,4.0,1,2013-04-09 02:15:04,null,2.0,
u10,1.0,2,2013-04-10 05:14:36,2,2.0,
u10,3.0,1,2013-04-11 03:36:36,null,2.0,
u10,1.0,2,2013-04-17 02:00:12,1,2.0,
u10,1.0,2,2013-04-17 05:18:30,1,1.0,
u10,1.0,2,2013-04-18 02:44:46,1,4.0,
u10,1.0,2,2013-04-19 04:04:06,1,2.0,"43.7050225,-72.28939767"
u10,4.0,1,2013-04-22 01:55:32,null,2.0,"43.70412385,-72.28696992"
u10,1.0,2,2013-04-24 07:48:05,1,3.0,"43.70324408,-72.28961597"
u10,3.0,1,2013-04-25 05:40:18,null,2.0,"43.70297206,-72.28625376"
u10,1.0,2,2013-04-29 02:16:27,1,2.0,"43.70151131,-72.28813703"
u10,3.0,1,2013-05-04 03:59:07,null,2.0,"43.7035419,-72.28496666"
u10,3.0,1,2013-05-07 00:27:10,null,1.0,"43.70651291,-72.28794506"
u10,1.0,2,2013-05-15 03:57:44,1,1.0,"43.70324666,-72.29028792"
u12,3.0,1,2013-04-03 17:26:48,2,2.0,
u12,1.0,2,2013-04-05 02:00:31,1,3.0,
u12,4.0,1,2013-04-07 06:09:17,null,2.0,
u12,1.0,2,2013-04-06 03:40:10,1,3.0,
u12,3.0,1,2013-04-14 20:04:27,2,2.0,
u12,1.0,2,2013-04-13 22:23:42,1,1.0,
u12,1.0,2,2013-04-11 18:55:55,1,1.0,
u12,1.0,2,2013-04-12 17:48:58,1,1.0,
u12,3.0,1,2013-05-31 17:07:26,2,2.0,"43.63764029,-72.2483575"
u14,1.0,2,2013-04-01 20:04:25,1,1.0,
u14,1.0,2,2013-04-02 04:01:32,1,3.0,
u14,1.0,2,2013-04-04 02:02:22,2,5.0,
u14,1.0,2,2013-04-05 02:49:56,2,5.0,
u14,1.0,2,2013-04-08 00:10:01,2,5.0,
u14,1.0,2,2013-04-18 03:18:54,2,5.0,
u14,1.0,2,2013-04-19 04:00:00,2,5.0,"43.7054501,-72.28744904"
u14,1.0,2,2013-04-30 02:00:06,2,1.0,"43.70677996,-72.28732886"
u15,4.0,1,2013-04-08 04:29:24,2,2.0,
u15,4.0,1,2013-04-08 04:29:26,2,1.0,
u15,5.0,1,2013-04-10 05:00:17,2,2.0,
u15,5.0,1,2013-04-17 03:03:05,2,2.0,
u15,5.0,1,2013-04-18 20:15:43,2,2.0,
u16,1.0,2,2013-04-03 03:19:52,1,2.0,
u16,3.0,1,2013-04-01 18:02:50,null,3.0,
u16,3.0,1,2013-04-03 22:01:17,null,3.0,
u16,3.0,1,2013-04-04 02:42:10,null,3.0,
u16,1.0,2,2013-04-05 02:32:39,2,3.0,
u16,3.0,1,2013-04-08 19:40:25,null,3.0,
u16,3.0,1,2013-04-05 23:34:01,null,3.0,
u16,1.0,2,2013-04-07 01:51:22,2,2.0,
u16,1.0,2,2013-04-08 00:04:07,2,2.0,
u16,5.0,2,2013-04-10 02:31:23,2,4.0,
u16,1.0,2,2013-04-10 17:50:14,1,3.0,
u16,1.0,2,2013-04-11 23:15:04,2,3.0,
u16,1.0,2,2013-04-16 02:39:31,null,2.0,
u16,5.0,1,2013-04-17 02:08:40,null,5.0,
u16,1.0,2,2013-04-18 20:39:40,2,3.0,3
u16,3.0,1,2013-04-18 02:33:45,null,4.0,
u16,1.0,2,2013-04-22 04:05:45,1,2.0,"43.70388114,-72.29106228"
u16,3.0,1,2013-04-20 16:47:16,null,3.0,"43.70381863,-72.2910568"
u16,1.0,2,2013-04-21 20:39:37,1,2.0,"43.70379379,-72.29137476"
u16,5.0,1,2013-04-24 06:26:03,1,5.0,"43.70374487,-72.29078214"
u16,1.0,2,2013-04-26 06:14:41,2,2.0,"43.70381392,-72.29084126"
u16,1.0,2,2013-04-27 00:10:44,1,2.0,"43.70383449,-72.29122954"
u16,1.0,2,2013-04-28 00:42:44,2,2.0,"43.70376923,-72.29082966"
u16,1.0,2,2013-04-29 02:01:18,1,2.0,"43.70378913,-72.29087644"
u16,1.0,2,2013-04-30 02:00:23,2,2.0,"43.70688467,-72.28732802"
u16,1.0,1,2013-05-15 04:04:54,2,2.0,"43.70391463,-72.28988644"
u16,3.0,1,2013-05-16 04:33:23,null,2.0,"43.70374249,-72.29050587"
u16,1.0,2,2013-05-17 05:06:22,2,2.0,Unknown
u16,1.0,2,2013-05-07 00:50:27,1,2.0,"43.70695327,-72.28825554"
u16,1.0,2,2013-05-12 19:15:22,2,3.0,Unknown
u16,4.0,1,2013-05-08 18:38:26,null,3.0,"43.70444528,-72.29050901"
u16,1.0,2,2013-05-13 19:05:51,2,3.0,"43.70339979,-72.28817654"
u16,3.0,1,2013-05-17 19:25:51,null,2.0,Unknown
u16,1.0,2,2013-05-20 22:01:58,2,2.0,Unknown
u16,1.0,2,2013-05-25 20:17:31,2,2.0,"43.70392831,-72.29052029"
u16,1.0,2,2013-05-26 21:22:36,2,2.0,"43.70395666,-72.29093617"
u16,1.0,2,2013-05-27 21:21:17,2,2.0,"43.70390249,-72.29064079"
u16,1.0,2,2013-05-29 22:23:32,2,1.0,"43.68753666,-72.29250241"
u17,1.0,2,2013-04-03 17:41:02,1,3.0,
u17,1.0,2,2013-04-09 05:54:24,1,3.0,
u17,1.0,2,2013-04-09 05:54:25,1,3.0,
u17,1.0,2,2013-04-09 05:54:30,1,3.0,
u17,1.0,2,2013-04-09 05:54:32,1,3.0,
u17,1.0,2,2013-04-09 05:54:34,1,3.0,
u17,1.0,2,2013-04-13 19:32:33,1,4.0,
u17,3.0,1,2013-04-15 17:48:53,2,3.0,
u17,1.0,2,2013-04-17 02:31:23,1,3.0,
u17,1.0,2,2013-04-16 23:51:18,1,2.0,
u17,1.0,2,2013-04-19 02:36:22,1,3.0,"43.70237732,-72.28914013"
u17,1.0,2,2013-04-20 19:46:16,1,3.0,Unknown
u17,2.0,1,2013-04-21 10:16:39,2,3.0,Unknown
u17,2.0,1,2013-04-21 22:10:08,2,3.0,Unknown
u17,1.0,2,2013-04-27 00:50:03,1,3.0,"43.70685225,-72.28683238"
u17,1.0,2,2013-04-29 04:32:45,1,3.0,Unknown
u17,1.0,2,2013-04-28 00:23:09,1,2.0,"43.70366438,-72.2901632"
u17,1.0,2,2013-04-30 03:45:31,1,2.0,Unknown
u17,1.0,2,2013-05-08 00:46:24,1,2.0,"43.70177529,-72.28874021"
u17,1.0,2,2013-05-26 22:06:15,1,1.0,Unknown
u17,1.0,2,2013-05-31 04:37:46,1,1.0,"43.70583041,-72.28925846"
u18,4.0,1,2013-04-04 03:57:18,2,3.0,
u18,3.0,1,2013-04-03 02:57:21,null,3.0,
u18,1.0,2,2013-04-08 04:11:23,null,1.0,
u18,4.0,1,2013-04-05 18:13:24,2,2.0,
u18,1.0,2,2013-04-08 04:11:31,null,2.0,
u18,3.0,1,2013-04-09 04:08:34,2,3.0,
u18,3.0,1,2013-04-09 23:54:38,2,2.0,
u18,3.0,1,2013-04-12 02:43:57,2,3.0,
u18,1.0,2,2013-04-18 17:13:22,1,2.0,
u18,3.0,1,2013-04-19 03:25:23,2,3.0,"43.70264346,-72.28707"
u19,5.0,1,2013-04-02 04:12:17,null,2.0,
u19,1.0,2,2013-04-03 02:01:09,1,3.0,
u19,5.0,1,2013-04-04 08:13:57,2,3.0,
u19,1.0,2,2013-04-05 01:43:49,1,3.0,
u19,1.0,2,2013-04-05 02:21:37,1,1.0,
u19,5.0,1,2013-04-06 03:24:59,null,3.0,
u19,1.0,2,2013-04-08 08:32:49,1,2.0,
u19,1.0,2,2013-04-10 05:04:09,2,3.0,
u19,5.0,1,2013-04-09 03:06:23,null,2.0,
u19,3.0,1,2013-04-12 07:14:44,2,2.0,
u19,2.0,1,2013-04-10 00:46:04,null,3.0,
u19,5.0,1,2013-04-11 09:01:48,null,3.0,
u19,4.0,1,2013-04-13 01:51:34,null,3.0,
u19,5.0,1,2013-04-16 03:18:41,null,2.0,
u19,1.0,2,2013-04-17 02:25:06,1,3.0,
u19,5.0,1,2013-04-18 03:05:59,2,3.0,
u19,2.0,1,2013-04-19 04:19:30,null,3.0,"43.70576649,-72.28783793"
u19,5.0,1,2013-04-21 08:13:10,null,2.0,"43.7067391,-72.28556913"
u19,5.0,1,2013-04-20 02:37:50,null,2.0,"43.70661361,-72.2859456"
u19,5.0,1,2013-04-27 03:24:35,2,2.0,"43.70708146,-72.2859818"
u19,1.0,2,2013-04-24 06:00:10,1,3.0,"43.70453889,-72.28787543"
u19,4.0,1,2013-04-23 00:49:27,null,3.0,"43.70676468,-72.28542565"
u19,5.0,1,2013-04-28 23:34:57,2,2.0,"43.70670747,-72.28550624"
u19,5.0,1,2013-04-30 03:04:28,2,2.0,"43.70729551,-72.28748503"
u19,3.0,1,2013-05-11 05:06:37,2,2.0,"43.70700456,-72.28598088"
u19,1.0,2,2013-05-07 00:04:45,1,2.0,"43.70727285,-72.28621797"
u19,1.0,2,2013-05-03 18:49:30,1,3.0,"43.70690988,-72.28699822"
u19,4.0,1,2013-05-14 03:16:43,2,2.0,"43.70670191,-72.28568105"
u19,1.0,2,2013-05-17 04:02:12,1,2.0,"43.70709415,-72.28737229"
u19,5.0,1,2013-05-05 07:53:39,2,3.0,"43.70691192,-72.28587513"
u19,5.0,1,2013-05-06 05:09:15,2,3.0,"43.70706308,-72.28596174"
u19,1.0,2,2013-05-08 00:05:50,1,3.0,"43.70733979,-72.28607989"
u19,4.0,1,2013-05-04 02:47:37,2,2.0,"43.70705362,-72.28594706"
u19,1.0,2,2013-05-15 05:06:38,1,2.0,"43.70120165,-72.28667414"
u19,1.0,2,2013-05-18 22:28:43,null,2.0,"43.70680509,-72.28557325"
u19,1.0,2,2013-05-18 04:11:19,1,2.0,"43.70161344,-72.28714129"
u19,4.0,1,2013-05-21 06:01:41,2,2.0,"43.70708213,-72.2859049"
u19,1.0,2,2013-05-22 08:09:56,1,2.0,"43.7040776,-72.29042456"
u19,2.0,1,2013-05-23 08:02:07,null,2.0,"43.7066368,-72.2855942"
u19,1.0,2,2013-05-24 08:14:53,1,2.0,Unknown
u19,1.0,2,2013-05-25 20:04:57,1,1.0,"43.70706719,-72.28602375"
u19,1.0,2,2013-05-26 09:52:23,1,2.0,"43.70709334,-72.28524117"
u19,1.0,2,2013-05-29 18:34:11,1,2.0,"43.70689977,-72.28714289"
u19,1.0,2,2013-05-31 07:12:13,1,2.0,"43.70696465,-72.28583899"
u20,1.0,2,2013-04-02 04:00:22,2,3.0,
u20,3.0,2,2013-04-03 02:21:10,2,3.0,
u20,4.0,2,2013-04-08 01:45:07,2,2.0,
u22,1.0,2,2013-04-02 04:43:56,2,1.0,
u22,3.0,1,2013-04-03 02:29:00,2,1.0,
u22,1.0,2,2013-04-04 02:01:29,2,1.0,
u22,1.0,2,2013-04-06 02:15:52,2,1.0,
u22,3.0,1,2013-04-04 22:14:30,2,1.0,
u22,3.0,1,2013-04-05 02:00:25,2,1.0,
u22,1.0,2,2013-04-07 00:51:34,2,1.0,
u22,3.0,1,2013-04-08 01:36:11,2,1.0,
u22,1.0,2,2013-04-08 22:29:19,2,1.0,
u22,3.0,1,2013-04-15 04:34:58,2,1.0,
u22,3.0,1,2013-04-09 23:56:38,2,1.0,
u22,3.0,1,2013-04-12 00:56:10,2,1.0,
u22,1.0,2,2013-04-11 00:07:37,2,1.0,
u22,3.0,1,2013-04-17 02:24:16,2,1.0,
u22,3.0,1,2013-04-19 04:00:49,2,1.0,"43.70426635,-72.29067159"
u22,3.0,1,2013-04-21 02:31:31,2,1.0,"43.70290451,-72.29009473"
u22,3.0,1,2013-04-24 07:59:10,2,1.0,"43.70440331,-72.29084007"
u22,1.0,2,2013-04-27 00:00:14,2,1.0,"42.34645192,-71.06042379"
u22,3.0,1,2013-05-08 00:02:29,2,1.0,"43.70402702,-72.2905121"
u22,1.0,2,2013-05-27 20:05:57,1,1.0,Unknown
u23,1.0,2,2013-04-02 00:30:35,2,1.0,
u23,1.0,null,2013-04-02 00:30:39,null,2.0,
u23,1.0,2,2013-04-02 04:15:29,2,1.0,
u23,1.0,2,2013-04-03 17:35:09,1,2.0,
u23,1.0,2,2013-04-03 00:43:43,2,1.0,
u23,1.0,2,2013-04-04 03:54:33,2,1.0,
u23,1.0,2,2013-04-05 02:01:12,2,1.0,
u23,1.0,2,2013-04-06 01:10:35,2,1.0,
u23,1.0,2,2013-04-07 04:15:58,2,1.0,
u23,3.0,1,2013-04-08 02:53:47,2,2.0,
u23,2.0,2,2013-04-08 00:01:00,2,3.0,
u23,1.0,2,2013-04-10 05:00:34,2,1.0,
u23,3.0,1,2013-04-14 06:00:30,2,2.0,
u23,1.0,null,2013-04-17 02:15:42,null,1.0,
u23,1.0,null,2013-04-19 05:33:07,null,1.0,"43.70547625,-72.28332242"
u23,1.0,null,2013-04-22 04:00:30,null,1.0,"43.70531979,-72.28326262"
u23,1.0,null,2013-04-24 05:59:36,null,1.0,"43.70550562,-72.28313413"
u24,1.0,2,2013-04-01 19:06:32,1,1.0,
u24,1.0,2,2013-04-03 21:35:17,1,3.0,
u24,1.0,2,2013-04-05 03:43:03,1,2.0,
u24,4.0,1,2013-04-07 22:06:27,null,3.0,
u24,2.0,1,2013-04-12 08:14:18,null,2.0,
u24,3.0,1,2013-04-12 16:55:08,null,2.0,
u24,3.0,1,2013-04-13 20:58:23,null,2.0,
u24,1.0,2,2013-04-14 23:01:23,2,2.0,
u24,1.0,2,2013-04-18 02:00:43,1,2.0,
u25,4.0,1,2013-04-02 02:16:44,null,3.0,
u25,5.0,1,2013-04-04 02:36:39,null,2.0,
u25,5.0,1,2013-04-05 03:42:16,null,2.0,
u25,5.0,1,2013-04-08 22:13:50,null,2.0,
u25,1.0,2,2013-04-22 04:08:53,1,2.0,"43.70682898,-72.2876686"
u27,1.0,2,2013-04-02 04:06:21,1,3.0,
u27,1.0,2,2013-04-03 02:18:05,1,2.0,
u27,1.0,2,2013-04-04 02:51:17,2,2.0,
u27,1.0,2,2013-04-18 03:59:43,1,1.0,
u27,1.0,2,2013-04-15 10:19:51,2,2.0,
u27,1.0,2,2013-04-19 04:06:49,1,1.0,"43.70397962,-72.28593035"
u27,1.0,2,2013-04-21 02:19:35,1,1.0,"43.70387421,-72.28565294"
u27,1.0,2,2013-04-22 04:19:44,1,1.0,"43.70356921,-72.28639414"
u27,1.0,2,2013-04-28 01:21:42,1,1.0,"43.70552478,-72.28974476"
u27,1.0,2,2013-04-29 02:09:23,1,1.0,"43.70401485,-72.28565495"
u27,1.0,2,2013-05-04 04:44:54,1,1.0,"43.70317223,-72.28692052"
u30,1.0,2,2013-04-03 18:56:44,1,3.0,
u30,1.0,2,2013-04-06 22:02:01,1,3.0,
u30,1.0,2,2013-04-06 22:01:57,1,3.0,
u30,3.0,1,2013-04-10 19:24:19,null,2.0,
u30,1.0,2,2013-04-17 03:02:26,1,2.0,
u30,3.0,1,2013-04-27 02:59:48,null,3.0,"43.71728912,-72.27389189"
u31,2.0,2,2013-04-04 02:01:16,1,3.0,
u31,4.0,1,2013-04-02 01:55:16,2,2.0,
u31,2.0,2,2013-04-05 02:00:22,2,2.0,
u31,2.0,2,2013-04-06 02:01:51,2,3.0,
u31,4.0,1,2013-04-06 22:45:17,2,4.0,
u31,3.0,2,2013-04-17 02:06:54,2,2.0,
u31,5.0,1,2013-04-16 02:31:31,2,5.0,
u31,2.0,2,2013-04-18 02:05:48,1,2.0,
u32,1.0,2,2013-04-03 02:19:13,2,2.0,
u32,1.0,2,2013-04-02 04:16:50,2,1.0,
u32,1.0,2,2013-04-04 03:24:18,2,2.0,
u32,1.0,2,2013-04-05 04:12:52,2,2.0,
u32,1.0,2,2013-04-08 00:13:56,2,2.0,
u32,2.0,1,2013-04-15 07:51:14,null,2.0,
u32,1.0,2,2013-04-10 07:56:44,2,2.0,
u32,1.0,2,2013-04-12 17:42:09,2,2.0,
u32,1.0,2,2013-04-13 07:43:10,2,2.0,
u32,1.0,2,2013-04-17 08:27:03,2,2.0,
u32,2.0,1,2013-04-20 17:54:30,null,2.0,"43.70587544,-72.2911665"
u32,3.0,1,2013-04-21 02:50:27,null,2.0,"43.70587544,-72.2911665"
u32,1.0,2,2013-04-22 05:29:51,2,2.0,"43.7031993,-72.2904444"
u32,3.0,1,2013-04-23 04:21:00,null,2.0,"43.7031993,-72.2904444"
u32,1.0,2,2013-04-29 02:21:28,2,2.0,"43.70301955,-72.29020739"
u32,1.0,2,2013-04-26 07:42:08,2,2.0,"43.70608389,-72.29104393"
u32,1.0,2,2013-04-29 02:21:51,2,2.0,"43.70301955,-72.29020739"
u32,1.0,2,2013-05-08 02:16:19,2,2.0,"43.70690225,-72.28707856"
u32,1.0,2,2013-05-06 08:52:20,2,2.0,"43.70389513,-72.29041685"
u32,1.0,2,2013-05-16 04:48:46,2,2.0,"43.70333692,-72.29043048"
u32,1.0,2,2013-05-19 22:31:21,2,3.0,Unknown
u32,1.0,2,2013-05-19 22:31:36,2,3.0,Unknown
u32,1.0,2,2013-05-29 21:29:38,2,2.0,"43.70602974,-72.28961179"
u32,2.0,1,2013-05-28 20:13:28,null,2.0,"43.70450738,-72.29025958"
u32,3.0,1,2013-05-30 22:47:44,2,2.0,"43.70605254,-72.28941754"
u33,1.0,2,2013-04-03 02:08:47,2,1.0,
u33,1.0,2,2013-04-02 04:04:53,2,2.0,
u33,1.0,2,2013-04-04 05:48:17,2,3.0,
u33,1.0,2,2013-04-05 02:23:53,2,2.0,
u33,1.0,2,2013-04-08 00:00:10,2,1.0,
u33,1.0,2,2013-04-06 01:46:41,2,3.0,
u33,1.0,2,2013-04-07 00:00:38,1,2.0,
u33,1.0,2,2013-04-09 06:06:18,2,3.0,
u33,1.0,2,2013-04-10 05:07:08,1,2.0,
u33,1.0,2,2013-04-18 05:50:24,2,3.0,
u33,1.0,2,2013-04-12 05:51:46,2,3.0,
u33,1.0,2,2013-04-11 05:59:48,2,3.0,
u33,1.0,2,2013-04-15 12:51:44,2,1.0,
u33,1.0,2,2013-04-13 03:48:08,2,3.0,
u33,1.0,2,2013-04-14 04:31:42,2,1.0,
u33,1.0,2,2013-04-17 02:00:07,2,1.0,
u33,1.0,2,2013-04-16 11:52:14,1,3.0,
u33,1.0,2,2013-04-19 04:50:44,2,3.0,"43.70746347,-72.28509434"
u33,1.0,2,2013-04-20 09:43:27,1,3.0,"43.70375648,-72.29575915"
u33,1.0,2,2013-04-21 02:40:51,2,1.0,"43.70378828,-72.29600636"
u33,1.0,2,2013-04-22 04:00:29,1,3.0,"43.70364552,-72.29593922"
u33,1.0,2,2013-04-24 10:05:05,1,3.0,"43.70371045,-72.29605661"
u33,1.0,2,2013-04-27 00:12:28,1,4.0,"43.70094652,-72.28957887"
u33,1.0,2,2013-04-30 02:21:19,2,2.0,"43.70489887,-72.29225887"
u33,2.0,1,2013-05-08 00:21:35,null,3.0,"43.70358127,-72.29612226"
u33,1.0,2,2013-05-04 06:21:11,2,2.0,"43.70583433,-72.28880318"
u33,1.0,2,2013-05-07 01:01:52,1,3.0,"43.70353749,-72.29596044"
u33,1.0,2,2013-05-07 00:21:44,1,3.0,"43.70353749,-72.29596044"
u33,1.0,2,2013-05-15 03:59:22,1,1.0,"43.70368448,-72.29611307"
u33,1.0,2,2013-05-05 04:00:25,2,2.0,"43.70583433,-72.28880318"
u33,5.0,1,2013-05-13 22:28:09,2,5.0,"43.70416591,-72.29582511"
u33,1.0,2,2013-05-18 22:12:25,2,2.0,"43.70340016,-72.29598785"
u33,1.0,2,2013-05-30 02:22:36,2,3.0,Unknown
u33,1.0,2,2013-05-31 20:56:28,2,1.0,"43.70369562,-72.29580718"
u34,1.0,2,2013-04-04 03:25:15,2,3.0,
u34,3.0,2,2013-04-06 02:57:57,2,4.0,
u34,1.0,2,2013-04-28 00:27:38,2,3.0,Unknown
u35,1.0,2,2013-04-02 04:47:27,1,2.0,
u35,1.0,2,2013-04-04 02:50:50,1,2.0,
u35,1.0,2,2013-04-08 05:53:26,2,2.0,
u35,1.0,2,2013-04-05 03:44:39,1,3.0,
u35,1.0,2,2013-04-08 05:53:24,2,4.0,
u35,1.0,2,2013-04-08 05:53:17,2,2.0,
u35,1.0,2,2013-04-08 05:53:15,2,4.0,
u35,1.0,2,2013-04-21 22:23:21,2,4.0,"43.70554288,-72.28320827"
u35,1.0,2,2013-04-27 19:04:35,2,2.0,"43.70553437,-72.28348632"
u35,5.0,1,2013-05-07 00:03:15,2,5.0,"43.70696392,-72.28734398"
u36,2.0,2,2013-04-03 02:18:14,1,2.0,
u36,3.0,2,2013-04-02 06:51:27,1,2.0,
u36,2.0,2,2013-04-04 02:13:57,1,2.0,
u36,2.0,2,2013-04-06 02:04:54,1,2.0,
u36,2.0,2,2013-04-05 02:03:36,1,2.0,
u36,2.0,2,2013-04-07 00:42:54,1,2.0,
u36,3.0,2,2013-04-08 00:51:31,1,3.0,
u36,3.0,2,2013-04-15 23:17:59,1,3.0,
u36,3.0,2,2013-04-10 05:34:55,1,3.0,
u36,3.0,2,2013-04-18 02:19:04,null,3.0,
u36,2.0,2,2013-04-14 02:32:31,1,2.0,
u36,2.0,2,2013-04-13 03:53:01,1,2.0,
u36,3.0,2,2013-04-17 02:00:41,1,3.0,
u36,3.0,1,2013-04-29 04:31:17,2,3.0,"43.71658745,-72.27561069"
u36,2.0,2,2013-04-28 00:11:49,null,2.0,"43.70674054,-72.28704712"
u36,2.0,2,2013-04-27 00:27:46,1,2.0,"43.70654909,-72.28710478"
u36,2.0,2,2013-04-30 02:29:32,1,2.0,"43.70666412,-72.28708106"
u36,3.0,1,2013-05-01 04:37:42,2,3.0,"43.7064439,-72.28686698"
u36,2.0,2,2013-05-07 01:39:31,1,2.0,"43.70671604,-72.28706727"
u36,2.0,1,2013-05-17 04:02:18,2,2.0,"43.65178229,-72.30992795"
u36,2.0,2,2013-05-16 05:46:43,1,2.0,"43.70660881,-72.28706869"
u36,2.0,2,2013-05-18 04:24:47,2,2.0,"43.65193359,-72.30987428"
u36,5.0,1,2013-05-26 21:20:36,2,5.0,"43.71412072,-72.28619364"
u36,2.0,2,2013-05-27 22:43:33,1,2.0,"43.70669933,-72.28662273"
u39,1.0,2,2013-04-10 04:24:44,2,1.0,
u39,1.0,2,2013-04-10 04:24:46,2,1.0,
u39,1.0,2,2013-04-10 03:45:45,2,1.0,
u39,1.0,2,2013-04-10 03:45:48,2,1.0,
u39,1.0,2,2013-04-13 06:05:08,2,1.0,
u39,1.0,2,2013-04-17 06:34:02,2,1.0,
u39,1.0,1,2013-04-16 04:21:11,1,1.0,
u39,1.0,2,2013-04-24 18:52:39,2,1.0,"43.65167079,-72.31001806"
u39,1.0,2,2013-04-25 20:32:15,2,1.0,"43.70691563,-72.28615388"
u41,3.0,1,2013-04-04 02:03:29,2,3.0,
u42,1.0,2,2013-04-03 02:41:08,2,3.0,
u42,1.0,2,2013-04-04 02:10:07,2,2.0,
u42,2.0,2,2013-04-06 02:57:51,2,2.0,
u42,1.0,2,2013-04-22 04:12:23,2,2.0,"43.65853317,-72.24871692"
u42,1.0,2,2013-04-30 02:32:38,2,1.0,"43.69934723,-72.29020758"
u42,1.0,2,2013-04-28 00:34:16,2,2.0,Unknown
u42,1.0,2,2013-04-29 02:00:16,2,1.0,"43.65870035,-72.24874161"
u42,1.0,2,2013-05-08 00:17:06,2,1.0,Unknown
u42,1.0,2,2013-05-13 19:40:28,2,5.0,"43.66723918,-72.25923325"
u42,1.0,2,2013-05-13 19:40:41,2,5.0,"43.66723918,-72.25923325"
u42,1.0,2,2013-05-29 20:00:10,2,1.0,"43.67176007,-72.26386586"
u43,1.0,2,2013-04-02 04:07:14,2,3.0,
u43,1.0,2,2013-04-04 02:03:09,2,2.0,
u43,1.0,2,2013-04-02 01:37:19,2,3.0,
u43,1.0,2,2013-04-03 02:29:30,2,2.0,
u43,1.0,2,2013-04-04 00:40:04,2,2.0,
u43,1.0,2,2013-04-03 19:47:35,2,3.0,
u43,1.0,2,2013-04-05 02:03:07,2,2.0,
u43,1.0,2,2013-04-04 23:10:58,2,2.0,
u43,1.0,2,2013-04-05 20:49:25,2,3.0,
u43,1.0,2,2013-04-06 04:23:19,2,3.0,
u43,1.0,2,2013-04-08 23:28:14,2,3.0,
u43,1.0,2,2013-04-07 00:38:36,2,3.0,
u43,1.0,2,2013-04-08 01:45:57,2,3.0,
u43,1.0,2,2013-04-10 07:40:47,2,3.0,
u43,1.0,2,2013-04-17 23:24:21,2,3.0,
u43,1.0,2,2013-04-11 05:48:41,2,3.0,
u43,1.0,2,2013-04-12 02:49:51,2,3.0,
u43,1.0,2,2013-04-15 02:14:34,2,3.0,
u43,1.0,2,2013-04-13 05:23:51,2,2.0,
u43,1.0,2,2013-04-16 03:24:39,2,2.0,
u43,1.0,2,2013-04-17 02:38:47,2,2.0,
u43,1.0,2,2013-04-18 02:02:29,2,3.0,
u43,1.0,2,2013-04-19 04:04:17,2,3.0,"43.70568693,-72.29135536"
u43,1.0,2,2013-04-27 02:55:32,2,4.0,"43.70566341,-72.29149906"
u43,1.0,2,2013-04-22 02:18:34,2,3.0,"44.24401313,-69.80753861"
u43,1.0,2,2013-04-22 04:43:46,2,3.0,Unknown
u43,1.0,2,2013-04-24 06:31:15,2,3.0,"43.70565801,-72.2912266"
u43,1.0,2,2013-04-30 02:14:04,2,3.0,"43.705504,-72.29155831"
u43,1.0,2,2013-04-28 00:08:00,2,3.0,"43.70217417,-72.28803253"
u43,1.0,2,2013-04-29 05:34:54,2,3.0,"42.74186846,-71.20821987"
u43,1.0,2,2013-05-04 04:00:26,2,3.0,"43.70551925,-72.2913828"
u43,1.0,2,2013-05-18 22:27:27,2,3.0,"43.70293815,-72.29076426"
u43,1.0,2,2013-05-19 22:11:48,2,3.0,Unknown
u43,1.0,2,2013-05-25 20:00:24,2,3.0,"43.70564182,-72.29120936"
u44,3.0,2,2013-04-02 22:14:05,1,3.0,
u44,1.0,2,2013-04-03 02:10:53,2,2.0,
u44,1.0,2,2013-04-04 02:11:26,2,3.0,
u44,1.0,2,2013-04-03 21:24:11,2,3.0,
u44,1.0,2,2013-04-04 23:29:43,2,2.0,
u44,1.0,2,2013-04-05 02:21:04,2,2.0,
u44,1.0,2,2013-04-05 16:45:41,2,2.0,
u44,1.0,2,2013-04-07 00:21:10,2,3.0,
u44,1.0,2,2013-04-06 09:25:46,2,3.0,
u44,1.0,2,2013-04-07 18:06:50,2,3.0,
u44,1.0,2,2013-04-08 01:38:21,2,2.0,
u44,1.0,2,2013-04-09 07:03:41,2,3.0,
u44,1.0,2,2013-04-17 02:08:05,2,3.0,
u44,1.0,2,2013-04-10 06:36:02,2,3.0,
u44,1.0,2,2013-04-11 02:34:43,2,2.0,
u44,1.0,2,2013-04-15 08:28:59,2,1.0,
u44,3.0,1,2013-04-18 16:37:10,2,3.0,
u44,3.0,1,2013-04-19 04:04:35,2,3.0,"43.69213733,-72.26689796"
u44,1.0,2,2013-04-19 21:11:36,2,3.0,"43.70311929,-72.28220394"
u44,1.0,2,2013-04-21 02:14:49,2,3.0,"43.70938367,-72.28461173"
u44,1.0,2,2013-04-21 17:09:09,2,2.0,"43.6926262,-72.26656479"
u44,1.0,2,2013-04-22 04:26:28,2,3.0,"43.69210219,-72.26702034"
u44,1.0,2,2013-04-24 07:06:04,2,3.0,"43.69236557,-72.26688975"
u44,1.0,2,2013-04-25 02:49:56,2,3.0,"43.69935873,-72.28135033"
u44,1.0,2,2013-04-26 03:09:42,2,3.0,"43.6920329,-72.26703169"
u44,1.0,2,2013-04-27 05:08:14,2,3.0,"43.69223254,-72.26690047"
u44,1.0,2,2013-04-28 00:25:25,2,2.0,Unknown
u44,1.0,2,2013-04-29 02:54:59,2,2.0,"43.69149444,-72.26930575"
u44,1.0,2,2013-05-01 02:36:05,2,2.0,"43.69226652,-72.2670805"
u44,1.0,2,2013-05-02 02:47:10,2,2.0,"43.69226178,-72.26680454"
u44,1.0,2,2013-05-04 03:30:47,2,2.0,"43.70976741,-72.28416244"
u44,1.0,2,2013-05-09 06:08:56,2,2.0,"43.69230186,-72.26682816"
u44,1.0,2,2013-05-08 04:24:57,2,2.0,"43.70672846,-72.28635162"
u44,1.0,2,2013-05-06 01:04:53,2,2.0,"43.70697752,-72.28728895"
u44,3.0,1,2013-05-10 04:47:17,2,2.0,"43.69233024,-72.26686976"
u44,1.0,2,2013-05-16 04:29:13,2,2.0,"43.6922921,-72.26685465"
u44,1.0,2,2013-05-12 04:30:34,2,2.0,Unknown
u44,1.0,2,2013-05-17 05:56:37,2,2.0,"43.69430156,-72.26583813"
u44,1.0,2,2013-05-15 01:00:49,2,2.0,"43.69175278,-72.26719117"
u44,1.0,2,2013-05-19 01:47:49,2,2.0,"43.692126,-72.26679446"
u44,1.0,2,2013-05-21 05:10:21,2,2.0,"43.69227685,-72.26694425"
u44,1.0,2,2013-05-22 04:58:46,2,2.0,"43.69245721,-72.26707397"
u44,1.0,2,2013-05-24 17:20:59,2,2.0,"43.69222786,-72.26719913"
u44,1.0,2,2013-05-31 21:15:47,2,2.0,"43.69232465,-72.26672118"
u45,1.0,2,2013-04-02 10:42:52,1,2.0,
u45,1.0,2,2013-04-04 02:30:57,2,2.0,
u45,1.0,2,2013-04-05 03:06:40,1,3.0,
u45,1.0,2,2013-04-06 02:01:14,2,1.0,
u45,1.0,2,2013-04-22 04:29:45,1,1.0,"43.71778546,-72.30681569"
u45,2.0,2,2013-04-28 01:50:16,1,2.0,Unknown
u45,1.0,2,2013-05-20 22:26:32,1,2.0,"43.7008504,-72.28635463"
u46,1.0,2,2013-04-03 02:14:05,1,2.0,
u46,3.0,1,2013-04-02 04:03:37,null,3.0,
u46,1.0,2,2013-04-01 18:35:00,1,1.0,
u46,4.0,1,2013-04-04 02:20:55,null,3.0,
u46,1.0,2,2013-04-05 02:00:23,2,2.0,
u46,1.0,2,2013-04-08 00:20:37,null,2.0,
u46,1.0,2,2013-04-07 00:23:12,null,2.0,
u46,5.0,1,2013-04-09 02:49:23,null,2.0,
u46,1.0,2,2013-04-10 05:33:36,2,2.0,
u46,1.0,2,2013-04-15 16:34:25,1,2.0,
u46,1.0,2,2013-04-19 04:15:03,null,3.0,"43.70581816,-72.28762381"
u46,1.0,2,2013-04-27 01:23:26,2,3.0,"44.45491021,-73.18366108"
u46,1.0,2,2013-04-29 02:00:11,2,3.0,"43.70528998,-72.29031972"
u47,1.0,2,2013-04-02 04:31:31,2,2.0,
u47,1.0,2,2013-04-19 04:09:13,1,2.0,"43.702567806467414,-72.28883751668036"
u47,1.0,2,2013-04-21 02:04:33,1,2.0,"43.70685012079775,-72.28665403090417"
u47,1.0,2,2013-04-22 04:08:35,1,2.0,"43.70653114747256,-72.28706650435925"
u47,4.0,1,2013-04-28 03:10:14,2,2.0,"43.705234131775796,-72.28328417055309"
u47,1.0,2,2013-05-04 04:00:16,2,4.0,Unknown
u47,1.0,2,2013-05-18 04:01:14,2,3.0,Unknown
u47,1.0,null,2013-05-19 23:04:16,null,1.0,"43.68147579487413,-72.32193337753415"
u47,1.0,null,2013-05-28 20:00:07,null,1.0,"43.681430825963616,-72.32192139141262"
u49,3.0,1,2013-04-02 04:12:09,null,2.0,
u49,1.0,2,2013-04-04 02:04:41,1,2.0,
u49,1.0,2,2013-04-05 02:02:29,1,2.0,
u49,1.0,2,2013-04-06 02:08:07,2,2.0,
u49,1.0,2,2013-04-07 00:45:23,2,2.0,
u49,1.0,2,2013-04-08 00:20:04,2,2.0,
u49,1.0,2,2013-04-10 05:04:40,2,2.0,
u49,1.0,2,2013-04-17 02:00:41,2,1.0,
u49,1.0,2,2013-04-18 04:40:47,2,2.0,
u49,1.0,2,2013-04-28 00:40:21,2,1.0,"43.70731189456981,-72.29060578337602"
u49,3.0,1,2013-04-30 03:40:52,2,2.0,"43.70236269565432,-72.28341078913253"
u49,1.0,2,2013-04-29 02:27:54,2,1.0,Unknown
u49,1.0,2,2013-05-07 06:03:16,2,1.0,"43.705985547631826,-72.2890841770398"
u49,4.0,1,2013-05-10 07:57:14,2,1.0,"43.707106592105006,-72.29073445234907"
u49,1.0,2,2013-05-05 04:23:44,2,1.0,"43.70311076889067,-72.29034101735787"
u49,1.0,2,2013-05-08 02:02:16,2,1.0,"43.70663268030553,-72.29093938341686"
u49,1.0,2,2013-05-15 04:01:53,1,1.0,"43.7059528775494,-72.28796572137354"
u49,2.0,1,2013-05-04 05:14:53,2,1.0,"43.707193056579484,-72.29060547563812"
u49,1.0,2,2013-05-13 02:53:32,2,1.0,"43.63363720299468,-72.21116594197632"
u49,1.0,2,2013-05-18 22:24:22,2,1.0,"43.707252284293055,-72.29079785832832"
u49,1.0,2,2013-05-18 06:33:54,2,1.0,"43.7071803391446,-72.29073719551904"
u49,4.0,1,2013-05-21 03:30:40,2,1.0,"43.70711113605721,-72.2909021265177"
u49,3.0,1,2013-05-24 06:28:41,2,1.0,"43.70714202777838,-72.29071285135586"
u49,1.0,2,2013-05-25 22:37:50,2,1.0,"43.706969888401865,-72.29062563084044"
u49,1.0,2,2013-05-30 20:03:13,2,1.0,"43.70722963681916,-72.29095809155727"
u50,2.0,2,2013-04-04 03:40:07,2,2.0,
u50,2.0,2,2013-04-05 02:56:57,2,2.0,
u50,2.0,1,2013-04-07 02:01:49,1,2.0,
u50,2.0,2,2013-04-10 05:13:13,2,2.0,
u50,2.0,2,2013-05-15 05:12:25,2,2.0,"43.7066062,-72.28694131"
u51,3.0,2,2013-04-03 05:02:11,1,3.0,
u51,3.0,2,2013-04-02 04:00:36,1,3.0,
u51,3.0,2,2013-04-06 03:17:18,2,1.0,
u51,3.0,2,2013-04-05 02:57:01,2,1.0,
u51,3.0,2,2013-04-08 00:46:02,2,3.0,
u51,3.0,2,2013-04-10 05:16:05,1,3.0,
u51,3.0,2,2013-04-17 03:05:27,2,3.0,
u51,3.0,2,2013-04-19 04:00:28,1,3.0,"43.70629349,-72.2869845"
u51,3.0,2,2013-04-21 02:08:46,2,3.0,"43.70835688,-72.28276783"
u51,3.0,2,2013-04-24 17:26:12,1,3.0,"43.69653151,-72.28429978"
u51,3.0,2,2013-05-15 05:00:47,1,3.0,"43.70664139,-72.28665635"
u51,1.0,2,2013-05-08 01:18:57,2,1.0,Unknown
u51,3.0,2,2013-05-04 05:31:54,2,1.0,"43.64675373,-72.30988564"
u51,1.0,2,2013-05-05 23:55:37,2,1.0,"42.03807185,-72.61743268"
u51,1.0,2,2013-05-17 05:11:17,2,1.0,"43.70526533,-72.29056337"
u51,1.0,2,2013-05-18 23:58:27,2,1.0,"43.70640288,-72.28703686"
u51,1.0,2,2013-05-18 23:58:40,2,1.0,"43.70640288,-72.28703686"
u51,1.0,2,2013-05-27 20:00:11,2,1.0,"43.69813972,-72.28405345"
u51,1.0,2,2013-05-26 23:12:37,2,1.0,"44.8133656,-71.88147691"
u51,1.0,2,2013-05-26 23:12:35,2,1.0,"43.6285899,-72.32269504"
u51,1.0,2,2013-05-31 20:08:14,2,1.0,"43.70419424,-72.28832947"
u52,1.0,2,2013-04-03 02:27:46,2,3.0,
u52,1.0,2,2013-04-04 02:38:11,2,1.0,
u52,1.0,2,2013-04-06 18:55:52,2,1.0,
u52,1.0,2,2013-04-06 03:10:50,2,1.0,
u52,1.0,2,2013-04-05 15:02:37,2,1.0,
u52,1.0,2,2013-04-07 00:48:55,2,2.0,
u52,1.0,2,2013-04-08 00:47:33,2,2.0,
u52,1.0,2,2013-04-17 03:54:17,2,3.0,
u52,1.0,2,2013-04-18 02:49:51,2,2.0,
u52,1.0,2,2013-04-28 00:31:11,2,1.0,"43.704733966666666,-72.28868481666666"
u53,3.0,1,2013-04-02 08:35:24,null,2.0,
u53,1.0,2,2013-04-03 02:00:20,1,1.0,
u53,1.0,2,2013-04-04 02:18:39,1,2.0,
u53,1.0,2,2013-04-05 02:21:21,2,1.0,
u53,1.0,2,2013-04-06 03:05:07,2,1.0,
u53,1.0,2,2013-04-06 03:05:06,1,4.0,
u53,1.0,2,2013-04-07 03:56:44,2,1.0,
u53,1.0,2,2013-04-08 17:19:12,2,1.0,
u53,1.0,2,2013-04-13 22:54:41,2,1.0,
u53,1.0,2,2013-04-18 02:18:47,2,1.0,
u53,2.0,1,2013-04-19 06:56:56,null,2.0,"43.70258733,-72.28374163"
u53,1.0,2,2013-04-19 05:19:21,2,2.0,"43.70552167,-72.2830477"
u53,2.0,1,2013-04-28 08:07:40,2,3.0,"43.70603783,-72.28336171"
u53,1.0,2,2013-04-24 10:12:51,2,2.0,"43.70542597,-72.28318778"
u53,1.0,2,2013-04-29 01:42:57,2,2.0,"43.70545297,-72.28328993"
u53,1.0,2,2013-05-05 04:19:50,2,2.0,"43.70537434,-72.28318822"
u53,1.0,2,2013-05-07 00:34:38,2,3.0,"43.70751488,-72.28536136"
u53,1.0,2,2013-05-17 04:48:37,2,1.0,"43.70558555,-72.28313672"
u53,1.0,2,2013-05-16 04:06:32,2,2.0,"43.70542822,-72.28305246"
u53,1.0,2,2013-05-29 21:13:28,2,2.0,"43.70565067,-72.28319189"
u53,1.0,2,2013-05-28 20:47:00,2,2.0,"43.70533454,-72.28299423"
u54,5.0,1,2013-04-07 21:04:58,2,5.0,
u54,1.0,2,2013-04-30 02:35:35,2,2.0,"43.70579093,-72.2916513"
u56,2.0,1,2013-04-08 00:41:30,2,1.0,
u56,1.0,2,2013-04-17 02:17:39,1,2.0,
u56,1.0,2,2013-04-24 06:10:16,1,3.0,"43.71655956,-72.30945355"
u57,5.0,1,2013-04-02 04:00:44,null,4.0,
u57,4.0,1,2013-04-03 03:10:02,null,3.0,
u57,4.0,1,2013-04-04 03:10:32,null,4.0,
u57,4.0,1,2013-04-05 02:17:47,null,4.0,
u57,5.0,1,2013-04-08 00:03:19,null,2.0,
u57,1.0,2,2013-04-06 02:08:04,1,3.0,
u57,5.0,1,2013-04-07 00:07:52,null,2.0,
u57,1.0,2,2013-04-10 05:01:07,2,3.0,
u57,4.0,1,2013-04-12 05:02:17,2,3.0,
u57,3.0,1,2013-04-13 06:03:03,2,3.0,
u57,4.0,1,2013-04-16 04:07:48,null,4.0,
u57,1.0,2,2013-04-17 03:51:43,1,3.0,
u57,4.0,1,2013-04-19 04:00:50,null,3.0,"43.70699504,-72.28855071"
u57,1.0,2,2013-04-21 02:00:35,1,2.0,"43.81237747,-72.18886948"
u57,1.0,2,2013-04-22 05:08:04,1,2.0,"43.70635188,-72.2869814"
u57,1.0,2,2013-04-24 06:00:20,1,3.0,"43.70710105,-72.28877711"
u57,1.0,2,2013-04-27 00:07:51,1,3.0,"43.70712028,-72.28906509"
u57,2.0,1,2013-04-28 00:02:36,2,3.0,"43.70616713,-72.28704858"
u57,1.0,2,2013-04-29 02:04:11,1,2.0,"43.70378547,-72.29036229"
u57,4.0,1,2013-04-30 04:04:15,null,4.0,"43.70278597,-72.29093312"
u57,4.0,1,2013-05-07 00:03:24,2,3.0,"43.70718012,-72.28882735"
u57,1.0,2,2013-05-08 00:07:45,2,3.0,"43.70646031,-72.2900943"
u57,1.0,2,2013-05-05 04:07:31,2,3.0,"43.70255288,-72.28983647"
u57,1.0,2,2013-05-04 04:10:20,1,3.0,"43.70644383,-72.28693503"
u57,1.0,2,2013-05-17 04:08:26,1,4.0,"43.70316512,-72.29094043"
u57,1.0,2,2013-05-15 04:06:18,1,3.0,"43.70202283,-72.28836255"
u57,3.0,1,2013-05-18 04:00:25,2,3.0,"43.70704942,-72.28856556"
u57,1.0,2,2013-05-30 20:00:22,1,2.0,"43.70699711,-72.28881796"
u57,1.0,2,2013-05-25 20:25:31,2,3.0,"43.70653778,-72.28714271"
u57,1.0,2,2013-05-28 20:34:47,2,2.0,"43.70625996,-72.28688972"
u57,4.0,1,2013-06-03 23:03:56,null,3.0,"43.70487483,-72.28075722"
u57,3.0,1,2013-06-02 23:02:28,2,3.0,"43.66400198,-72.30431921"
u58,4.0,1,2013-04-02 04:00:30,null,1.0,
u58,4.0,1,2013-04-05 02:39:15,null,3.0,
u58,3.0,2,2013-04-08 01:46:25,1,2.0,
u58,5.0,1,2013-04-10 05:02:30,2,3.0,
u58,5.0,1,2013-04-17 02:04:22,null,3.0,
u58,1.0,2,2013-04-18 02:43:00,2,3.0,
u58,1.0,2,2013-04-19 05:52:35,1,3.0,"43.70613747,-72.28341241"
u58,5.0,1,2013-04-21 04:34:12,null,5.0,"43.7061514,-72.28332667"
u58,1.0,2,2013-04-22 01:53:03,1,2.0,"43.70626921,-72.28337803"
u58,1.0,2,2013-04-22 04:15:59,1,2.0,"43.70625615,-72.28323149"
u58,5.0,1,2013-04-24 07:51:33,null,5.0,"43.7062471,-72.28322079"
u58,5.0,1,2013-04-23 06:04:37,null,5.0,"43.70623236,-72.2830828"
u58,5.0,1,2013-04-24 05:00:39,null,5.0,"43.7061263,-72.28350977"
u58,3.0,1,2013-04-28 02:11:01,2,2.0,"43.70611602,-72.28317591"
u58,1.0,2,2013-05-13 03:45:20,2,3.0,"43.70647378,-72.28294033"
u58,5.0,1,2013-05-05 05:05:28,null,5.0,"43.70603328,-72.28336464"
u58,3.0,1,2013-05-07 00:14:22,null,2.0,"43.70601095,-72.28337169"
u58,1.0,2,2013-05-11 02:01:20,1,2.0,"43.70613712,-72.28339552"
u58,3.0,1,2013-05-04 04:14:26,null,3.0,"43.70610769,-72.28320694"
u58,1.0,2,2013-05-17 04:19:57,2,4.0,"43.70614076,-72.28333241"
u58,1.0,2,2013-05-16 05:22:13,2,2.0,Unknown
u58,4.0,1,2013-05-18 05:41:20,null,2.0,"43.70579923,-72.28339861"
u58,1.0,2,2013-05-19 22:15:56,null,1.0,"43.7061924,-72.28343594"
u58,1.0,2,2013-05-28 22:13:56,1,4.0,"43.70616098,-72.28301592"
u58,1.0,2,2013-05-28 07:45:25,1,4.0,"43.70616772,-72.28339555"
u58,1.0,2,2013-05-29 20:12:29,2,3.0,"43.70618821,-72.28324607"
u58,1.0,2,2013-05-30 20:02:46,2,1.0,"43.7079224,-72.28383182"
u58,1.0,2,2013-05-31 20:23:36,2,1.0,"43.70630987,-72.28340771"
u58,1.0,2,2013-06-02 21:04:02,2,1.0,"43.70627673,-72.28355468"
u58,1.0,2,2013-06-01 20:26:41,2,4.0,"43.7064518,-72.28345807"
u59,4.0,1,2013-04-02 06:53:49,1,2.0,
u59,1.0,2,2013-04-02 04:34:01,1,3.0,
u59,1.0,2,2013-04-03 03:57:15,1,4.0,
u59,1.0,2,2013-04-04 02:28:26,1,3.0,
u59,1.0,2,2013-04-04 09:56:37,1,4.0,
u59,1.0,2,2013-04-05 02:04:36,1,3.0,
u59,1.0,2,2013-04-07 00:13:23,1,3.0,
u59,1.0,2,2013-04-07 08:07:23,1,4.0,
u59,1.0,2,2013-04-06 02:01:33,1,3.0,
u59,1.0,2,2013-04-08 00:01:09,1,3.0,
u59,1.0,2,2013-04-08 06:01:26,1,3.0,
u59,1.0,2,2013-04-09 08:09:37,1,3.0,
u59,1.0,2,2013-04-10 05:05:21,1,1.0,
u59,1.0,2,2013-04-12 03:55:07,2,3.0,
u59,1.0,2,2013-04-14 00:09:36,1,2.0,
u59,1.0,2,2013-04-14 20:05:55,2,3.0,
u59,1.0,2,2013-04-17 02:14:41,1,3.0,
u59,1.0,2,2013-04-18 02:00:27,1,3.0,
u59,1.0,2,2013-04-19 16:01:02,1,4.0,"43.70400148909539,-72.28680146858096"
u59,1.0,2,2013-04-21 09:44:05,2,4.0,"43.70409922208637,-72.28208472020924"
u59,1.0,2,2013-04-22 04:00:41,1,3.0,"43.70345394127071,-72.29087851010263"
u59,1.0,2,2013-04-24 02:28:51,1,3.0,Unknown
u59,1.0,2,2013-04-24 06:05:06,1,3.0,"43.702806774526834,-72.29073786176741"
u59,1.0,2,2013-04-26 04:38:07,1,3.0,"43.705345443449914,-72.29143733158708"
u59,1.0,2,2013-04-28 00:03:33,1,2.0,Unknown
u59,1.0,2,2013-04-27 00:21:03,1,3.0,"43.70476709213108,-72.2879319358617"
u59,1.0,2,2013-04-29 08:16:11,1,4.0,"43.706689733080566,-72.28658253327012"
u59,1.0,2,2013-05-04 04:01:23,1,3.0,"43.70586520526558,-72.29101865552366"
u59,1.0,2,2013-05-15 06:05:06,1,4.0,Unknown
u59,1.0,2,2013-05-20 20:48:15,1,3.0,"43.70559212286025,-72.29091203771532"
u59,1.0,2,2013-05-22 05:39:29,2,3.0,"43.70286435820162,-72.28974292986095"
u59,1.0,2,2013-05-25 20:37:32,2,,
u59,1.0,2,2013-05-28 20:06:39,1,3.0,"43.70560381561518,-72.29110607877374"
u59,1.0,2,2013-05-29 20:08:19,1,2.0,Unknown
u59,1.0,2,2013-06-02 21:30:16,1,3.0,"29.902878901921213,-90.02735710702837"
u59,3.0,1,2013-06-06 10:22:06,null,2.0,"29.90286414977163,-90.02727756276727"
