uid,resp_time,hour,location,rate,social
u00,2013-03-25 18:54:36,8.0,"43.70692415,-72.2873929",1.0,1.0
u00,2013-04-03 17:27:27,5.0,"43.70708859,-72.28753397",3.0,2.0
u00,2013-03-26 21:46:45,8.0,"43.70759062,-72.28510298",1.0,1.0
u00,2013-03-26 18:07:14,7.0,"43.70393682,-72.30152284",2.0,1.0
u00,2013-03-27 04:09:49,8.0,"43.75932116,-72.32890406",3.0,1.0
u00,2013-03-27 18:18:27,8.0,"43.70688822,-72.28758629",1.0,1.0
u00,2013-03-28 02:25:12,6.0,"43.70528646,-72.28684485",2.0,1.0
u00,2013-03-28 17:00:35,7.0,"43.70567695,-72.2879286",2.0,1.0
u00,2013-03-29 15:57:08,4.0,"43.70466313,-72.30515871",3.0,1.0
u00,2013-03-29 02:04:50,8.0,"43.70671862,-72.28748696",1.0,1.0
u00,2013-03-29 17:22:29,4.0,"43.70647015,-72.28715547",3.0,1.0
u00,2013-03-29 19:03:15,8.0,"43.70777831,-72.28510534",1.0,1.0
u00,2013-03-31 17:24:17,9.0,"43.75914412,-72.32945574",2.0,1.0
u00,2013-04-01 17:11:06,3.0,"43.70677717,-72.2874797",4.0,1.0
u00,2013-04-04 17:06:33,10.0,"43.70708859,-72.28753397",2.0,2.0
u00,2013-04-05 17:00:15,4.0,"43.70708859,-72.28753397",1.0,1.0
u00,2013-04-07 18:07:19,9.0,"43.70708859,-72.28753397",1.0,1.0
u00,2013-04-06 17:12:30,9.0,"43.70708859,-72.28753397",2.0,2.0
u00,2013-04-08 17:00:32,5.0,"43.70678333,-72.28754051",1.0,1.0
u00,2013-04-08 17:00:44,4.0,"43.70680961,-72.28757253",3.0,1.0
u00,2013-04-09 17:45:23,6.0,"43.64301116,-72.30784768",3.0,1.0
u00,2013-04-10 17:27:02,5.0,"43.705058,-72.28772623",1.0,1.0
u00,2013-04-11 17:25:29,8.0,"43.70414319,-72.28774882",1.0,1.0
u00,2013-04-12 17:06:05,3.0,"43.71253942,-72.30803315",1.0,1.0
u00,2013-04-15 17:09:02,3.0,"43.70661096,-72.28731884",1.0,1.0
u00,2013-04-14 00:06:00,14.0,Unknown,1.0,1.0
u00,2013-04-14 19:15:31,9.0,"43.75917269,-72.32894748",1.0,1.0
u00,2013-04-14 19:15:38,9.0,"43.75917269,-72.32894748",1.0,1.0
u00,2013-04-15 17:09:08,3.0,"43.70661096,-72.28731884",4.0,1.0
u00,2013-04-17 17:01:04,3.0,"43.70399343,-72.30226048",4.0,1.0
u00,2013-04-20 20:12:34,8.0,"41.64732181,-71.51018915",1.0,1.0
u00,2013-04-21 17:10:05,8.0,"43.75957917,-72.32886943",2.0,1.0
u00,2013-04-24 22:07:14,9.0,"43.75923622,-72.32892739",1.0,1.0
u00,2013-04-23 17:56:59,6.0,"43.71722994,-72.30901577",3.0,1.0
u00,2013-04-22 17:06:04,3.0,"43.70661363,-72.28736513",4.0,1.0
u00,2013-04-25 17:03:23,5.0,"43.72475325,-72.31381984",3.0,1.0
u00,2013-05-01 17:39:53,3.0,"43.71346364,-72.30894875",4.0,1.0
u00,2013-05-01 17:39:34,3.0,"43.71346364,-72.30894875",4.0,1.0
u00,2013-05-01 17:39:33,3.0,"43.71346364,-72.30894875",4.0,1.0
u00,2013-05-10 17:51:59,11.0,"43.70665289,-72.28734948",1.0,1.0
u00,2013-05-13 17:34:02,15.0,"43.7336199,-72.31693218",1.0,1.0
u00,2013-05-05 12:43:40,10.0,"48.86274371,2.33147895",1.0,1.0
u00,2013-05-09 17:45:03,10.0,"43.75959375,-72.32893949",2.0,1.0
u00,2013-05-06 14:40:04,9.0,Unknown,1.0,1.0
u00,2013-05-08 18:16:24,6.0,"45.43592024,12.34452394",1.0,1.0
u00,2013-05-16 17:33:14,10.0,"42.62013314,-71.17654852",1.0,1.0
u00,2013-05-17 17:39:42,9.0,"43.7590614,-72.32948628",2.0,1.0
u00,2013-05-23 18:35:02,9.0,Unknown,2.0,1.0
u00,2013-05-24 18:55:21,9.0,"43.70251211,-72.2885559",2.0,2.0
u00,2013-05-25 17:18:03,7.0,"38.92580143,-77.05273194",3.0,1.0
u00,2013-05-26 18:43:49,12.0,"43.75908452,-72.32932991",2.0,1.0
u00,2013-05-28 17:54:35,9.0,"43.70602498,-72.28697831",3.0,3.0
u00,2013-05-29 17:07:45,1.0,Unknown,1.0,1.0
u00,2013-05-31 17:03:11,10.0,"43.75946982,-72.32910245",2.0,1.0
u00,2013-06-02 17:59:16,9.0,"43.75938059,-72.32893392",1.0,1.0
u01,2013-04-03 17:53:52,6.0,"43.70517864,-72.29310913",2.0,3.0
u01,2013-03-27 04:45:45,7.0,"43.70705013,-72.28730277",2.0,4.0
u01,2013-04-01 20:15:39,7.0,"43.70634494,-72.28951935",2.0,1.0
u01,2013-03-27 18:04:48,7.0,"43.70584333,-72.29017652",2.0,1.0
u01,2013-03-28 20:28:10,10.0,"43.7066424,-72.2890265",1.0,3.0
u01,2013-03-29 17:00:23,7.0,"43.70652979,-72.28926963",1.0,1.0
u01,2013-03-30 19:31:22,8.0,"43.70677676,-72.28902977",1.0,2.0
u01,2013-03-31 18:49:16,8.0,"43.70678938,-72.28927705",1.0,1.0
u01,2013-04-02 20:50:32,8.0,"43.70685259,-72.28918567",2.0,3.0
u01,2013-04-04 19:57:12,8.0,"43.70680683,-72.28946636",2.0,1.0
u01,2013-04-05 20:59:05,7.0,"43.70691657,-72.28849213",3.0,1.0
u01,2013-04-06 21:57:29,8.0,"43.70649925,-72.28905413",1.0,1.0
u01,2013-04-07 21:22:00,9.0,"43.70570732,-72.2889679",1.0,1.0
u01,2013-04-08 19:23:36,6.0,"43.70542081,-72.29035437",2.0,1.0
u01,2013-04-10 02:59:34,8.0,"43.70403134,-72.28895495",1.0,1.0
u01,2013-04-10 17:05:01,5.0,"43.70687149,-72.28907564",2.0,1.0
u01,2013-04-17 02:30:33,7.0,"43.70725639,-72.28916553",1.0,1.0
u01,2013-04-11 18:32:19,6.0,"43.70664697,-72.28911878",2.0,4.0
u01,2013-04-12 18:10:44,5.0,"43.70684932,-72.28899775",2.0,3.0
u01,2013-04-13 19:56:59,9.0,"43.70680288,-72.28934208",1.0,4.0
u01,2013-04-17 18:15:05,5.0,"43.70659283,-72.28814359",2.0,3.0
u01,2013-04-14 18:25:42,8.0,"43.70687853,-72.28921947",1.0,1.0
u01,2013-04-18 19:58:34,8.0,"43.70717445,-72.28666226",1.0,1.0
u01,2013-04-19 17:57:07,7.0,"43.70697063,-72.28757551",2.0,1.0
u01,2013-04-21 20:14:11,7.0,"43.70166778,-72.28840981",2.0,4.0
u01,2013-04-23 18:13:11,7.0,"43.70685448,-72.28901014",1.0,1.0
u01,2013-04-22 17:57:02,7.0,"43.70780807,-72.28439587",2.0,1.0
u02,2013-03-27 07:30:53,8.0,"43.70723501,-72.29347145",2.0,1.0
u02,2013-03-29 17:16:25,7.0,"43.70707642,-72.29320008",3.0,1.0
u02,2013-03-27 18:03:21,8.0,"43.70834437,-72.28451848",2.0,1.0
u02,2013-03-28 17:00:36,7.0,"43.70641389,-72.29107117",2.0,1.0
u02,2013-03-30 18:54:33,8.0,"43.70709166,-72.29282882",2.0,1.0
u02,2013-03-31 17:00:24,7.0,"43.70727019,-72.29252239",2.0,1.0
u02,2013-04-01 18:00:33,7.0,"43.70662942,-72.29294684",2.0,1.0
u02,2013-04-03 18:01:42,8.0,"43.70675024,-72.28772427",3.0,2.0
u02,2013-04-02 18:10:01,8.0,"43.70694471,-72.29285091",2.0,2.0
u02,2013-04-04 17:33:02,8.0,"43.70699087,-72.29313158",2.0,2.0
u02,2013-04-05 17:09:28,8.0,"43.70719722,-72.29290575",2.0,1.0
u02,2013-04-06 20:49:39,7.0,"43.70706246,-72.29325032",2.0,1.0
u02,2013-04-08 00:04:22,9.0,"43.70620445,-72.29116858",2.0,1.0
u02,2013-04-08 17:58:10,7.0,"43.70720645,-72.29347981",2.0,1.0
u02,2013-04-09 17:00:33,7.0,"43.70713201,-72.29322051",2.0,1.0
u02,2013-04-10 18:25:00,8.0,"43.7069528,-72.2931724",2.0,2.0
u02,2013-04-13 17:03:11,8.0,"43.707168,-72.29310824",2.0,2.0
u02,2013-04-17 18:05:16,9.0,"43.70605802,-72.28864087",2.0,1.0
u02,2013-04-21 19:30:09,8.0,"43.70719648,-72.29309611",2.0,1.0
u02,2013-04-22 18:08:04,8.0,"43.70900376,-72.2843243",2.0,2.0
u02,2013-04-25 22:01:21,7.0,"43.70870796,-72.28461773",2.0,1.0
u02,2013-04-26 17:14:25,6.0,"43.70720485,-72.29317244",2.0,2.0
u02,2013-05-03 06:19:33,8.0,Unknown,2.0,2.0
u02,2013-05-03 18:18:20,9.0,"43.7071293,-72.29291473",1.0,2.0
u02,2013-05-16 17:37:35,12.0,"43.70731664,-72.29342927",2.0,1.0
u02,2013-05-05 18:15:07,9.0,"43.70716858,-72.29328296",1.0,2.0
u03,2013-03-31 23:50:40,7.0,"43.70535266,-72.28309587",1.0,1.0
u03,2013-03-27 18:47:56,8.0,"43.70525296,-72.28308162",2.0,1.0
u03,2013-03-27 18:47:54,9.0,"43.70546863,-72.28321419",1.0,1.0
u03,2013-03-27 18:47:57,8.0,"43.70525296,-72.28308162",1.0,1.0
u03,2013-03-31 23:50:35,8.0,"43.70746063,-72.28315636",1.0,1.0
u03,2013-03-31 23:50:33,7.0,"43.70530603,-72.28310302",1.0,1.0
u03,2013-03-31 23:50:42,10.0,"43.70535266,-72.28309587",2.0,1.0
u03,2013-03-31 23:50:44,7.0,"43.70535266,-72.28309587",3.0,1.0
u03,2013-03-31 23:50:38,7.0,"43.70523052,-72.28350678",2.0,1.0
u03,2013-04-01 17:51:05,7.0,"43.70920786,-72.28460593",1.0,1.0
u03,2013-04-03 17:04:38,6.0,"43.7054161,-72.28299347",3.0,1.0
u03,2013-04-04 21:59:49,10.0,"43.70552434,-72.28317625",1.0,2.0
u03,2013-04-05 17:29:22,4.0,"43.70532086,-72.2832369",3.0,2.0
u03,2013-04-07 18:11:48,6.0,"43.70528579,-72.28310255",2.0,1.0
u03,2013-04-08 17:14:48,7.0,"43.7053387,-72.28324926",1.0,1.0
u03,2013-04-09 17:04:54,8.0,"43.705293,-72.28306177",1.0,1.0
u03,2013-04-10 18:04:46,7.0,"43.70513656,-72.2831101",1.0,1.0
u03,2013-04-11 19:44:05,10.0,"43.70513656,-72.2831101",3.0,2.0
u03,2013-04-13 19:54:12,9.0,"43.70757708,-72.28323056",1.0,1.0
u03,2013-04-15 18:35:31,8.0,"43.70521639,-72.28299915",3.0,1.0
u03,2013-04-16 18:07:14,8.0,"43.70519796,-72.2831421",2.0,1.0
u03,2013-04-21 17:17:24,7.0,"43.70528154,-72.28321151",1.0,1.0
u03,2013-04-22 15:23:43,7.0,"43.70536246,-72.28320682",1.0,1.0
u03,2013-04-23 18:07:20,7.0,"43.70514059,-72.28261432",2.0,1.0
u03,2013-04-29 17:09:12,7.0,"43.70490311,-72.28288916",2.0,1.0
u03,2013-05-12 19:33:46,13.0,"43.7051697,-72.28238955",3.0,1.0
u03,2013-05-10 17:34:21,15.0,"43.70518948,-72.28302556",1.0,1.0
u03,2013-05-21 19:00:06,9.0,"43.70528139,-72.28324128",2.0,1.0
u04,2013-04-01 15:03:19,6.0,"43.70410518,-72.28790447",2.0,1.0
u04,2013-03-27 01:59:02,6.0,"43.70443732,-72.28677041",2.0,1.0
u04,2013-03-27 18:18:39,6.0,"43.70653338,-72.28661597",2.0,1.0
u04,2013-03-27 15:15:39,6.0,"43.70421582,-72.2867684",2.0,1.0
u04,2013-03-28 15:13:09,7.0,"43.70437389,-72.28688493",2.0,1.0
u04,2013-03-28 17:59:09,6.0,"43.70437389,-72.28688493",2.0,1.0
u04,2013-03-29 15:10:42,6.0,"43.70349874,-72.28440608",2.0,1.0
u04,2013-03-29 17:57:04,6.0,"43.70414142,-72.28932127",2.0,1.0
u04,2013-03-30 20:08:56,7.0,,3.0,1.0
u04,2013-03-31 19:33:15,7.0,"43.70315377,-72.28626052",3.0,1.0
u04,2013-04-01 17:54:48,6.0,"43.70338698,-72.28924152",2.0,1.0
u04,2013-04-02 17:23:49,8.0,"43.7058173,-72.29660835",2.0,1.0
u04,2013-04-03 18:02:02,8.0,"43.7038194,-72.28630753",2.0,1.0
u04,2013-04-04 20:02:31,7.0,"43.70500049,-72.28555637",2.0,1.0
u04,2013-04-04 15:38:08,7.0,"43.70500049,-72.28555637",2.0,1.0
u04,2013-04-07 00:22:25,5.0,"41.56429417,-73.40466456",2.0,1.0
u04,2013-04-05 15:25:30,6.0,"43.70302172,-72.28510945",2.0,1.0
u04,2013-04-05 17:53:30,7.0,"43.70301965,-72.2847275",2.0,1.0
u04,2013-04-07 16:49:39,5.0,"43.70400146,-72.28561947",3.0,1.0
u04,2013-04-08 17:47:53,8.0,"43.70661818,-72.28797185",2.0,1.0
u04,2013-04-10 17:16:37,6.0,"43.70493208,-72.28856946",3.0,1.0
u04,2013-04-09 19:04:29,8.0,"43.70449075,-72.28617485",2.0,1.0
u04,2013-04-11 17:13:08,7.0,"43.70417131,-72.28591047",3.0,1.0
u04,2013-04-12 17:23:43,6.0,"43.7041984,-72.28652356",2.0,1.0
u04,2013-04-16 18:51:22,6.0,"43.70433801,-72.28693212",2.0,1.0
u04,2013-04-15 18:05:33,6.0,"43.70414785,-72.28568415",1.0,1.0
u04,2013-04-17 17:02:51,6.0,"43.70406175,-72.28602073",2.0,1.0
u04,2013-04-18 17:11:53,6.0,"43.7040839,-72.29095577",2.0,1.0
u04,2013-04-19 15:02:51,6.0,"43.70394475,-72.2863293",1.0,1.0
u04,2013-04-22 17:51:28,7.0,"43.70623282,-72.28816572",1.0,1.0
u04,2013-04-23 18:42:06,8.0,"43.70431008,-72.28573285",1.0,1.0
u04,2013-04-30 17:58:43,6.0,"43.70392825,-72.28599485",2.0,1.0
u04,2013-05-01 18:00:26,7.0,"43.70405908,-72.28617372",3.0,1.0
u04,2013-05-13 17:54:19,5.0,"43.70359634,-72.28941721",2.0,1.0
u05,2013-03-27 18:35:03,7.0,"43.70751491,-72.28694759",1.0,1.0
u05,2013-03-27 18:35:01,8.0,"43.70751491,-72.28694759",1.0,1.0
u05,2013-03-28 20:08:32,8.0,"43.70751491,-72.28694759",2.0,1.0
u05,2013-03-30 01:02:59,5.0,"43.70751491,-72.28694759",3.0,1.0
u05,2013-03-30 22:03:23,9.0,"43.7048376,-72.29028059",1.0,4.0
u05,2013-03-31 17:36:35,8.0,"42.99574623,-71.51884702",1.0,1.0
u07,2013-03-30 20:27:57,9.0,"43.70386706,-72.28368428",2.0,1.0
u07,2013-03-27 03:43:05,6.0,"43.70675332,-72.2868274",2.0,1.0
u07,2013-03-27 17:17:48,6.0,"43.70400696,-72.28392317",2.0,1.0
u07,2013-03-27 18:00:33,6.0,"43.7040066,-72.28391899",2.0,1.0
u07,2013-03-28 18:03:17,7.0,"43.70381904,-72.28413912",3.0,1.0
u07,2013-03-29 17:05:04,6.0,"43.70392608,-72.28391071",3.0,1.0
u07,2013-03-30 10:01:23,7.0,"43.7038505,-72.28368719",1.0,1.0
u07,2013-03-31 21:37:35,8.0,"43.70384974,-72.28380085",2.0,1.0
u07,2013-04-02 20:26:05,7.0,"43.70393516,-72.28368383",1.0,1.0
u07,2013-04-01 18:00:21,7.0,"43.70371391,-72.28343209",2.0,1.0
u07,2013-04-03 17:57:04,7.0,"43.70391766,-72.28483911",2.0,1.0
u07,2013-04-04 20:01:54,5.0,"43.70350051,-72.28955671",2.0,1.0
u07,2013-04-05 17:30:06,7.0,"43.70376232,-72.2840329",2.0,1.0
u07,2013-04-08 22:50:27,5.0,"42.68157539,-84.64788235",1.0,1.0
u07,2013-04-10 17:56:11,8.0,"43.70387324,-72.2836399",2.0,1.0
u07,2013-04-11 09:32:46,9.0,"43.70416133,-72.28362449",2.0,1.0
u07,2013-04-12 17:49:41,8.0,"43.70398518,-72.28358741",2.0,1.0
u07,2013-04-11 19:09:21,8.0,"43.70404614,-72.28405349",1.0,1.0
u07,2013-04-13 22:23:49,7.0,"43.70380812,-72.28401109",3.0,1.0
u07,2013-04-17 18:01:11,6.0,"43.70758488,-72.28290043",3.0,1.0
u07,2013-04-15 19:23:38,7.0,"43.70375535,-72.28381706",2.0,1.0
u07,2013-04-22 19:20:29,7.0,"43.70354163,-72.28381072",2.0,2.0
u07,2013-04-23 21:32:02,8.0,"43.70425769,-72.28391582",1.0,1.0
u07,2013-05-02 19:57:07,8.0,"43.70377565,-72.28402126",3.0,1.0
u08,2013-03-30 20:37:44,10.0,"43.70350954,-72.28608081",2.0,1.0
u08,2013-03-27 03:15:48,6.0,Unknown,2.0,1.0
u08,2013-03-27 21:08:48,6.0,"43.70227295,-72.28989198",1.0,1.0
u08,2013-03-27 17:06:38,6.0,Unknown,2.0,1.0
u08,2013-03-28 19:38:28,10.0,"43.70528743,-72.29155419",3.0,1.0
u08,2013-03-29 17:42:58,6.0,"43.70350954,-72.28608081",3.0,1.0
u08,2013-04-02 21:46:06,8.0,"43.7029938,-72.28634884",2.0,1.0
u08,2013-03-31 18:48:25,7.0,"43.70203852,-72.28684389",3.0,1.0
u08,2013-04-01 16:49:27,6.0,"43.70326445,-72.28627025",2.0,1.0
u08,2013-04-03 17:37:18,6.0,"43.70237031,-72.28787598",3.0,1.0
u08,2013-04-04 19:44:37,8.0,"43.70301411,-72.28619057",2.0,1.0
u08,2013-04-05 18:15:13,6.0,"43.70342734,-72.28638739",3.0,2.0
u08,2013-04-07 01:27:36,6.0,"43.04882397,-71.72452648",3.0,1.0
u08,2013-04-08 02:55:17,8.0,"43.70278047,-72.28749202",1.0,1.0
u08,2013-04-15 04:07:24,10.0,"43.70343873,-72.28651243",1.0,1.0
u08,2013-04-10 17:49:11,6.0,"43.70370174,-72.28680811",2.0,1.0
u08,2013-04-10 10:34:08,8.0,"43.70731779,-72.2868045",1.0,1.0
u08,2013-04-12 02:20:47,7.0,"43.70314121,-72.28659035",1.0,1.0
u08,2013-04-14 05:39:07,8.0,"43.70360138,-72.28652466",1.0,1.0
u08,2013-04-16 04:12:27,7.0,"43.70396504,-72.28927469",3.0,1.0
u08,2013-04-16 19:15:52,9.0,"43.70322923,-72.28831716",2.0,1.0
u08,2013-04-18 06:06:18,5.0,"43.70430223,-72.29046297",3.0,2.0
u08,2013-04-18 20:34:01,8.0,"43.70430223,-72.29046297",2.0,2.0
u08,2013-04-20 20:20:41,7.0,"43.70518194,-72.28800233",1.0,1.0
u08,2013-04-25 21:55:53,9.0,"43.70354857,-72.28679727",1.0,1.0
u08,2013-04-21 20:21:27,6.0,"43.70406215,-72.28755806",1.0,1.0
u08,2013-04-23 06:30:38,0.0,"43.7052687,-72.28811786",4.0,1.0
u08,2013-04-23 23:01:57,8.0,"43.70434734,-72.28679491",1.0,1.0
u08,2013-04-25 00:57:16,8.0,"43.70440204,-72.29052256",1.0,1.0
u08,2013-04-22 17:37:51,0.0,"43.7052687,-72.28811786",4.0,1.0
u08,2013-04-27 00:31:14,7.0,"43.70295661,-72.28995533",2.0,1.0
u08,2013-05-01 09:17:00,6.0,"43.70708811,-72.28767562",2.0,1.0
u08,2013-05-03 17:41:11,8.0,"43.70502255,-72.28804551",1.0,1.0
u08,2013-05-15 17:49:34,7.0,"43.70531628,-72.29101359",2.0,1.0
u08,2013-05-05 09:19:45,8.0,"43.7037094,-72.28660102",1.0,1.0
u08,2013-05-11 21:22:49,15.0,"43.70527997,-72.2896421",1.0,1.0
u08,2013-05-09 21:58:51,1.0,"43.70454326,-72.2895076",1.0,1.0
u08,2013-05-07 03:53:29,8.0,"43.7049437,-72.28880281",1.0,1.0
u08,2013-05-09 21:59:00,12.0,"43.70454326,-72.2895076",1.0,1.0
u08,2013-05-19 21:01:43,9.0,"43.70573461,-72.28972765",2.0,2.0
u08,2013-05-23 13:39:46,1.0,"43.70447785,-72.29155849",3.0,3.0
u09,2013-03-29 18:00:56,8.0,"43.70869749,-72.28451668",2.0,1.0
u09,2013-03-27 18:03:43,8.0,"43.70704889,-72.28891638",1.0,1.0
u09,2013-03-28 17:58:20,8.0,"43.70712567,-72.28877234",2.0,1.0
u10,2013-04-01 17:34:54,7.0,"43.70341845,-72.29014363",2.0,1.0
u10,2013-04-03 17:02:28,8.0,"43.70459605,-72.2899188",2.0,1.0
u10,2013-03-27 19:11:24,7.0,"43.70822031,-72.28454379",2.0,1.0
u10,2013-03-27 19:11:24,7.0,"43.70407087,-72.28782785",2.0,1.0
u10,2013-03-30 02:07:43,8.0,"43.70430713,-72.29029683",2.0,1.0
u10,2013-03-30 02:07:47,6.0,"43.70647211,-72.28802604",2.0,1.0
u10,2013-03-30 20:11:17,8.0,"43.70291316,-72.28943322",1.0,1.0
u10,2013-03-30 16:37:17,8.0,"43.70443854,-72.2860879",1.0,1.0
u10,2013-03-31 17:47:23,8.0,"43.70268506,-72.2871776",2.0,1.0
u10,2013-04-02 17:52:32,7.0,"43.70679334,-72.28767766",2.0,1.0
u10,2013-04-04 17:33:32,7.0,"43.70168352,-72.28807511",2.0,1.0
u10,2013-04-08 17:00:29,8.0,"43.70238375,-72.28772441",2.0,1.0
u10,2013-04-05 17:49:50,7.0,"43.70173422,-72.28775943",2.0,1.0
u10,2013-04-07 17:41:19,7.0,"43.70336268,-72.28777469",2.0,1.0
u10,2013-04-06 18:35:00,8.0,"43.70464259,-72.28795732",2.0,3.0
u10,2013-04-09 17:02:03,8.0,"43.70278942,-72.28658418",2.0,1.0
u10,2013-04-10 17:04:42,8.0,"43.70278942,-72.28658418",3.0,1.0
u10,2013-04-11 17:20:13,8.0,"43.70278942,-72.28658418",2.0,1.0
u10,2013-04-12 17:00:54,7.0,"43.70278942,-72.28658418",2.0,1.0
u10,2013-04-13 20:00:55,6.0,"43.70278942,-72.28658418",3.0,3.0
u10,2013-04-17 17:41:58,8.0,"43.7050225,-72.28939767",2.0,1.0
u10,2013-04-16 17:05:14,8.0,"43.7050225,-72.28939767",2.0,1.0
u10,2013-04-14 18:36:55,7.0,"43.70278942,-72.28658418",3.0,1.0
u10,2013-04-15 17:48:18,8.0,"43.7050225,-72.28939767",2.0,1.0
u10,2013-04-18 17:50:42,8.0,"43.7050225,-72.28939767",2.0,3.0
u10,2013-04-21 17:20:27,8.0,"43.70539179,-72.28841197",2.0,1.0
u10,2013-04-23 16:48:27,6.0,"43.70324408,-72.28961597",3.0,1.0
u10,2013-04-22 17:21:27,8.0,"43.70324408,-72.28961597",2.0,1.0
u10,2013-04-23 17:56:37,6.0,"43.70324408,-72.28961597",3.0,1.0
u10,2013-04-27 17:00:41,8.0,"43.70416259,-72.2875169",3.0,1.0
u10,2013-04-26 17:44:23,8.0,"43.70330372,-72.2898598",2.0,4.0
u10,2013-04-29 17:27:18,8.0,"43.70340655,-72.28873632",3.0,1.0
u10,2013-04-30 17:55:11,7.0,"43.70160853,-72.28805517",4.0,1.0
u10,2013-05-01 17:57:19,8.0,"43.70412157,-72.28527572",2.0,1.0
u10,2013-05-02 17:59:19,8.0,"43.70412157,-72.28527572",1.0,1.0
u10,2013-05-08 17:39:20,10.0,"43.70420958,-72.28780578",2.0,1.0
u10,2013-05-07 17:54:18,5.0,"43.70321757,-72.28619493",2.0,1.0
u10,2013-05-11 17:59:05,10.0,"43.70274793,-72.28753523",2.0,1.0
u10,2013-05-16 19:02:57,10.0,"43.70620585,-72.28792804",2.0,1.0
u10,2013-05-12 19:28:17,10.0,"43.70274636,-72.28946321",2.0,1.0
u10,2013-05-06 17:53:19,8.0,"43.70290684,-72.28530452",2.0,1.0
u10,2013-05-10 18:15:36,10.0,"43.70721373,-72.28551043",2.0,1.0
u10,2013-05-05 19:31:58,7.0,"43.70428011,-72.28681054",2.0,1.0
u10,2013-05-03 21:23:32,7.0,"43.70431466,-72.28543542",2.0,1.0
u10,2013-05-14 18:56:23,10.0,"43.70345358,-72.28778708",2.0,1.0
u10,2013-05-21 18:51:36,10.0,Unknown,1.0,1.0
u10,2013-05-29 19:28:46,7.0,"43.70288597,-72.29129431",2.0,1.0
u12,2013-04-03 17:26:07,8.0,"43.63766483,-72.2485018",1.0,1.0
u12,2013-03-27 17:35:42,6.0,"43.63687425,-72.28544436",2.0,1.0
u12,2013-03-28 17:24:52,8.0,"43.67698318,-72.26028412",1.0,1.0
u12,2013-03-29 17:10:00,8.0,"43.70977927,-72.28303993",1.0,1.0
u12,2013-03-30 17:22:19,7.0,"43.63753107,-72.24846418",3.0,1.0
u12,2013-03-31 15:35:13,9.0,"43.63765489,-72.2487072",1.0,1.0
u12,2013-04-01 17:52:46,7.0,"43.70850413,-72.28575574",2.0,1.0
u12,2013-04-02 15:33:00,8.0,"43.63748657,-72.2482552",1.0,1.0
u12,2013-04-03 15:33:22,7.0,"43.63745411,-72.24846941",3.0,1.0
u12,2013-04-04 20:04:55,7.0,"43.70770892,-72.28875085",3.0,1.0
u12,2013-04-05 17:49:26,8.0,"43.70291796,-72.29076097",2.0,1.0
u12,2013-04-08 15:04:57,5.0,"37.07031926,-76.35966675",1.0,2.0
u12,2013-04-10 17:00:28,7.0,"43.63744706,-72.2481714",2.0,1.0
u12,2013-04-10 17:58:07,6.0,"43.63733001,-72.24831108",1.0,1.0
u12,2013-04-11 18:55:48,8.0,"43.63760479,-72.24817944",1.0,1.0
u12,2013-04-12 17:48:34,7.0,"43.70651514,-72.28830687",2.0,1.0
u12,2013-04-13 17:52:45,9.0,"43.63769981,-72.24843196",1.0,1.0
u12,2013-04-14 17:00:09,8.0,"43.63755737,-72.24817945",1.0,1.0
u12,2013-04-15 17:09:31,6.0,"43.70661726,-72.28610243",2.0,1.0
u12,2013-04-16 17:05:55,6.0,"43.6377843,-72.24839682",3.0,1.0
u12,2013-04-30 17:08:51,7.0,"43.63730762,-72.24814653",1.0,1.0
u12,2013-05-03 17:30:57,8.0,"43.6376426,-72.24851725",3.0,1.0
u12,2013-05-16 17:45:55,11.0,"43.63767795,-72.24819483",1.0,1.0
u12,2013-05-31 17:07:01,11.0,"43.63764029,-72.2483575",1.0,1.0
u12,2013-05-25 17:34:04,11.0,"43.6944467,-72.27895006",1.0,3.0
u12,2013-06-03 18:16:26,11.0,"43.7072019,-72.28658185",1.0,1.0
u13,2013-04-08 18:27:36,8.0,"43.65165759,-72.30982479",1.0,1.0
u14,2013-03-29 17:51:54,7.0,"43.70509271,-72.28680761",2.0,1.0
u14,2013-03-29 19:22:26,7.0,"43.70509271,-72.28680761",2.0,1.0
u14,2013-03-30 18:58:36,5.0,"43.70503113,-72.28694162",2.0,1.0
u14,2013-04-02 18:24:22,9.0,"43.70481251,-72.28700429",2.0,1.0
u14,2013-04-01 17:39:27,7.0,,2.0,1.0
u14,2013-04-01 10:22:28,7.0,"43.70516844,-72.28680259",3.0,1.0
u14,2013-04-03 17:11:45,6.0,"43.7049256,-72.28632081",2.0,1.0
u14,2013-04-04 17:30:20,8.0,"43.70500868,-72.28667785",1.0,1.0
u14,2013-04-05 16:08:04,6.0,"43.70491826,-72.28692692",2.0,3.0
u14,2013-04-05 17:26:24,6.0,"43.70491826,-72.28692692",2.0,3.0
u14,2013-04-07 17:59:18,5.0,"43.7044612,-72.28747684",1.0,1.0
u14,2013-04-06 20:47:09,8.0,"43.70506289,-72.28675801",2.0,2.0
u14,2013-04-09 14:56:46,6.0,"43.70491146,-72.28659003",1.0,2.0
u14,2013-04-09 17:26:01,6.0,"43.70491146,-72.28659003",1.0,1.0
u14,2013-04-10 21:04:20,6.0,"43.70498939,-72.28699053",3.0,3.0
u14,2013-04-12 18:02:26,7.0,"43.70460577,-72.28671025",2.0,2.0
u14,2013-04-11 18:15:17,9.0,"43.70511041,-72.28702345",1.0,2.0
u14,2013-04-15 16:39:42,8.0,"43.70545641,-72.28669002",1.0,1.0
u14,2013-04-15 17:15:27,8.0,"43.70545641,-72.28669002",1.0,1.0
u14,2013-04-17 15:57:16,8.0,"43.70498624,-72.28674182",1.0,1.0
u14,2013-04-18 18:09:30,7.0,"43.70506325,-72.28676239",2.0,2.0
u14,2013-04-29 19:14:21,4.0,"43.70507579,-72.28712698",3.0,1.0
u14,2013-04-21 17:56:39,7.0,"43.70497161,-72.28670851",1.0,1.0
u14,2013-04-23 17:50:31,7.0,"43.70494497,-72.28655078",2.0,1.0
u14,2013-04-22 17:56:07,6.0,"43.70494282,-72.28700713",2.0,1.0
u14,2013-05-01 17:00:02,6.0,"43.70238157,-72.28744885",2.0,1.0
u14,2013-05-02 17:51:57,9.0,"43.70203484,-72.28768856",1.0,1.0
u14,2013-05-03 17:59:46,9.0,"43.70508371,-72.28699762",1.0,1.0
u14,2013-05-06 17:53:16,7.0,"43.70488631,-72.28725883",1.0,1.0
u14,2013-05-09 18:02:52,8.0,"43.70513216,-72.28744864",1.0,1.0
u15,2013-03-29 08:36:43,7.0,Unknown,2.0,3.0
u15,2013-03-29 19:02:23,8.0,"43.70603333,-72.28705357",1.0,1.0
u15,2013-03-31 02:07:21,8.0,"43.70471098,-72.2906745",1.0,1.0
u15,2013-04-03 18:01:37,8.0,"43.70428082,-72.28776631",2.0,1.0
u15,2013-04-03 16:42:15,8.0,"43.70457417,-72.29062836",2.0,1.0
u15,2013-04-03 05:18:23,6.0,"43.70671181,-72.28623406",3.0,1.0
u15,2013-04-05 18:00:29,6.0,"43.70384903,-72.28732435",2.0,1.0
u15,2013-04-08 04:29:24,10.0,"41.50578384,-71.45561789",2.0,2.0
u15,2013-04-08 04:29:25,10.0,Unknown,1.0,1.0
u15,2013-04-08 17:59:56,6.0,"43.70384519,-72.28717248",3.0,1.0
u15,2013-04-09 16:56:46,8.0,"43.70423505,-72.29046602",3.0,1.0
u15,2013-04-12 18:37:50,6.0,Unknown,2.0,3.0
u15,2013-04-10 18:01:14,7.0,"43.70578547,-72.28703541",2.0,1.0
u15,2013-04-18 20:15:59,6.0,Unknown,2.0,1.0
u15,2013-04-17 03:02:50,8.0,"43.70591041,-72.28826857",1.0,1.0
u15,2013-04-15 18:03:25,6.0,"43.70808053,-72.28506786",1.0,1.0
u15,2013-04-17 03:02:05,9.0,"43.70591041,-72.28826857",1.0,1.0
u15,2013-04-22 18:04:04,8.0,"43.70746352,-72.28565777",1.0,1.0
u15,2013-05-29 17:04:41,4.0,Unknown,4.0,1.0
u16,2013-04-01 15:48:30,8.0,"43.70358976,-72.29054215",2.0,1.0
u16,2013-03-29 16:11:40,8.0,"43.70522803,-72.28957771",2.0,2.0
u16,2013-03-27 15:43:43,7.0,"43.70648373,-72.28839429",2.0,1.0
u16,2013-03-27 18:00:17,7.0,"43.70646168,-72.28822731",2.0,1.0
u16,2013-03-28 18:06:32,7.0,"43.70502111,-72.29058862",2.0,1.0
u16,2013-03-29 17:13:15,8.0,"43.70355272,-72.29052274",2.0,2.0
u16,2013-03-30 19:59:34,8.0,"43.70724486,-72.28721651",1.0,1.0
u16,2013-03-31 19:13:10,9.0,"43.70490618,-72.2903464",1.0,1.0
u16,2013-04-02 17:48:58,9.0,"43.70358976,-72.29054215",1.0,2.0
u16,2013-04-03 17:59:47,8.0,"43.70450379,-72.28884561",2.0,1.0
u16,2013-04-04 18:19:47,8.0,"43.70393687,-72.29111144",2.0,1.0
u16,2013-04-05 18:03:48,8.0,Unknown,1.0,1.0
u16,2013-04-06 22:17:11,10.0,"43.703672,-72.29074429",2.0,1.0
u16,2013-04-07 19:53:52,8.0,"43.70362252,-72.29130382",1.0,1.0
u16,2013-04-08 18:02:04,7.0,"43.70411779,-72.28816375",2.0,1.0
u16,2013-04-12 19:34:39,6.0,"43.70364199,-72.29076278",2.0,1.0
u16,2013-04-09 19:27:14,8.0,Unknown,1.0,3.0
u16,2013-04-10 17:49:33,6.0,"43.70474513,-72.28856577",3.0,1.0
u16,2013-04-13 18:22:28,9.0,"43.70364199,-72.29076278",2.0,1.0
u16,2013-04-11 20:13:47,9.0,Unknown,2.0,1.0
u16,2013-04-15 17:48:46,5.0,"43.70350683,-72.28981599",2.0,1.0
u16,2013-04-14 18:30:59,7.0,"43.70348086,-72.29159422",3.0,1.0
u16,2013-04-16 18:18:09,8.0,"43.70383103,-72.28971738",3.0,1.0
u16,2013-04-17 18:03:59,7.0,"43.71269528,-72.28398406",2.0,1.0
u16,2013-04-18 20:39:11,7.0,"43.70378332,-72.29056908",2.0,1.0
u16,2013-04-19 16:05:53,7.0,"43.70370463,-72.29071195",3.0,1.0
u16,2013-04-20 16:44:38,7.0,"43.70381863,-72.2910568",2.0,2.0
u16,2013-04-21 17:00:14,8.0,"43.70389767,-72.29092793",1.0,2.0
u16,2013-04-22 17:35:24,7.0,"43.70366774,-72.29147122",2.0,2.0
u16,2013-04-23 16:16:50,8.0,"43.70378422,-72.29157491",3.0,1.0
u16,2013-04-26 17:03:01,9.0,"43.70381392,-72.29084126",2.0,2.0
u16,2013-04-26 06:16:24,5.0,"43.70381392,-72.29084126",4.0,2.0
u16,2013-04-28 18:24:05,7.0,"43.70380827,-72.290783",2.0,1.0
u16,2013-04-29 17:00:17,6.0,"43.70373463,-72.29053354",3.0,1.0
u16,2013-04-30 17:10:59,6.0,"43.70376088,-72.29035391",3.0,1.0
u16,2013-05-01 17:59:42,8.0,"43.70358001,-72.29105521",1.0,1.0
u16,2013-05-02 17:27:30,8.0,Unknown,2.0,1.0
u16,2013-05-03 18:00:39,9.0,"43.70360319,-72.29109274",2.0,1.0
u16,2013-05-05 17:10:15,8.0,"43.70397531,-72.28989529",2.0,1.0
u16,2013-05-06 17:17:02,7.0,"43.70369577,-72.29064258",1.0,1.0
u16,2013-05-12 19:13:20,6.0,Unknown,2.0,1.0
u16,2013-05-07 17:47:22,8.0,"43.70534496,-72.29049134",2.0,2.0
u16,2013-05-11 19:24:38,10.0,"43.70317722,-72.28939878",2.0,2.0
u16,2013-05-13 19:05:45,13.0,"43.70339979,-72.28817654",2.0,1.0
u16,2013-05-04 18:11:34,8.0,"43.70355342,-72.29047722",3.0,1.0
u16,2013-05-14 17:31:16,9.0,"43.70391463,-72.28988644",3.0,1.0
u16,2013-05-08 17:36:39,10.0,"43.70444528,-72.29050901",2.0,1.0
u16,2013-05-11 16:33:40,10.0,"43.70317722,-72.28939878",2.0,2.0
u16,2013-05-10 17:34:08,9.0,"43.70345091,-72.29056717",1.0,1.0
u16,2013-05-15 18:07:12,9.0,"43.70374249,-72.29050587",2.0,1.0
u16,2013-05-19 20:19:33,13.0,"43.70633473,-72.28883226",1.0,1.0
u16,2013-05-17 19:26:08,8.0,Unknown,1.0,1.0
u16,2013-05-18 19:14:24,8.0,Unknown,2.0,1.0
u16,2013-05-20 18:14:03,9.0,Unknown,1.0,1.0
u16,2013-05-21 16:11:55,7.0,Unknown,1.0,1.0
u16,2013-05-21 16:12:06,7.0,Unknown,1.0,2.0
u16,2013-05-22 16:42:22,6.0,"43.70708133,-72.28751809",2.0,1.0
u16,2013-05-29 17:29:51,1.0,"43.68753666,-72.29250241",1.0,1.0
u16,2013-05-23 22:49:07,6.0,"43.70675104,-72.28740962",2.0,1.0
u16,2013-05-24 17:37:36,13.0,"43.70372826,-72.29097234",1.0,1.0
u16,2013-05-27 18:00:01,13.0,"43.70390249,-72.29064079",3.0,1.0
u16,2013-05-29 15:44:55,1.0,"43.68753666,-72.29250241",4.0,1.0
u16,2013-05-25 18:03:10,8.0,"43.70392831,-72.29052029",1.0,1.0
u16,2013-05-26 17:42:26,9.0,"43.70395666,-72.29093617",1.0,1.0
u16,2013-05-28 17:19:52,11.0,"43.68753666,-72.29250241",3.0,1.0
u17,2013-04-01 17:40:41,7.0,"43.70425434,-72.29121363",3.0,2.0
u17,2013-03-27 20:55:06,6.0,"43.70605071,-72.28863023",2.0,2.0
u17,2013-03-28 17:48:59,7.0,"43.70704086,-72.28731294",2.0,3.0
u17,2013-03-29 17:15:24,7.0,"43.70465195,-72.29099209",3.0,1.0
u17,2013-03-30 20:39:57,7.0,"43.70406856,-72.29058126",2.0,2.0
u17,2013-03-31 18:42:56,6.0,"43.70470793,-72.29118335",3.0,1.0
u17,2013-04-03 17:41:03,6.0,"43.70629105,-72.28869027",3.0,3.0
u17,2013-04-09 05:54:33,6.0,"43.70467368,-72.29087023",2.0,1.0
u17,2013-04-09 05:54:31,6.0,"43.7046699,-72.29098352",2.0,2.0
u17,2013-04-09 05:54:27,6.0,"43.70512967,-72.28920458",2.0,1.0
u17,2013-04-09 05:54:23,0.0,"43.70426189,-72.29088555",4.0,2.0
u17,2013-04-09 05:54:24,4.0,"43.70533787,-72.28805256",3.0,2.0
u17,2013-04-09 05:54:20,5.0,"43.70629105,-72.28869027",2.0,2.0
u17,2013-04-12 18:02:01,3.0,"43.70434729,-72.29081836",2.0,3.0
u17,2013-04-10 17:57:20,5.0,"43.70556943,-72.28809499",3.0,3.0
u17,2013-04-11 17:46:10,4.0,"43.70380893,-72.28772947",2.0,3.0
u17,2013-04-13 19:32:24,8.0,"43.70459704,-72.29138802",1.0,3.0
u17,2013-04-15 17:11:32,4.0,Unknown,3.0,2.0
u17,2013-04-16 17:09:21,4.0,"43.70495522,-72.29090614",3.0,3.0
u17,2013-04-16 23:51:31,5.0,"43.70495522,-72.29090614",3.0,3.0
u17,2013-04-17 17:58:45,5.0,"43.70495522,-72.29090614",3.0,2.0
u17,2013-04-18 17:47:12,5.0,"43.70460031,-72.29111515",3.0,1.0
u17,2013-04-19 02:36:34,5.0,"43.70237732,-72.28914013",4.0,2.0
u17,2013-04-19 17:57:23,4.0,"43.70477525,-72.2912571",3.0,1.0
u17,2013-04-20 19:46:53,8.0,Unknown,3.0,2.0
u17,2013-04-21 22:10:22,6.0,Unknown,2.0,2.0
u17,2013-04-26 17:09:03,4.0,"43.7060191,-72.28758328",2.0,2.0
u17,2013-04-28 00:23:44,5.0,"43.70366438,-72.2901632",3.0,2.0
u17,2013-04-29 04:33:54,4.0,Unknown,2.0,3.0
u17,2013-05-01 17:42:44,5.0,"43.7046102,-72.29099328",2.0,3.0
u17,2013-05-03 17:56:15,5.0,"43.70405489,-72.28757532",3.0,2.0
u17,2013-05-07 17:57:17,4.0,"43.70418222,-72.29064333",2.0,2.0
u17,2013-05-08 17:46:25,1.0,"43.70632774,-72.28670996",3.0,3.0
u17,2013-05-17 09:52:56,9.0,"43.70419436,-72.29111957",2.0,3.0
u17,2013-05-15 01:49:46,1.0,"43.70673393,-72.28776049",3.0,4.0
u17,2013-05-15 18:56:29,1.0,"43.704622379999996,-72.29115798",4.0,4.0
u17,2013-05-13 17:54:41,3.0,"43.70440021,-72.29112204",4.0,3.0
u17,2013-05-18 19:25:25,3.0,"43.70551279,-72.29153409",3.0,3.0
u17,2013-05-20 18:45:58,2.0,"43.70551279,-72.29153409",4.0,4.0
u17,2013-06-01 15:38:19,10.0,"43.70583041,-72.28925846",2.0,4.0
u18,2013-04-01 18:02:58,7.0,"43.70300616,-72.28763907",1.0,3.0
u18,2013-03-27 18:02:11,8.0,"43.70687522,-72.28935409",1.0,1.0
u18,2013-03-27 17:02:13,9.0,"43.70687522,-72.28935409",1.0,2.0
u18,2013-03-29 17:11:56,7.0,"43.70712161,-72.28902635",1.0,1.0
u18,2013-03-28 17:17:12,8.0,"43.70725878,-72.28908602999999",1.0,1.0
u18,2013-03-29 15:37:23,7.0,"43.70740815,-72.28911409",2.0,2.0
u18,2013-03-31 17:01:50,7.0,"43.70730033,-72.28913193",1.0,2.0
u18,2013-04-02 17:02:53,9.0,"43.70736968,-72.28918996",1.0,2.0
u18,2013-04-03 16:46:42,5.0,"43.70759124,-72.28920206",2.0,2.0
u18,2013-04-03 18:00:25,5.0,"43.70294491,-72.28786798",2.0,1.0
u18,2013-04-08 04:11:34,9.0,"43.70730177,-72.28915579",1.0,1.0
u18,2013-04-05 17:17:04,5.0,"43.70500601,-72.28802766",3.0,3.0
u18,2013-04-06 17:37:36,8.0,"43.70760886,-72.28913276",1.0,1.0
u18,2013-04-05 18:13:30,5.0,"43.70605791,-72.28694024",1.0,1.0
u18,2013-04-08 17:16:25,7.0,"43.70518901,-72.2895567",1.0,2.0
u18,2013-04-09 23:54:28,7.0,"43.70741131,-72.28909446",1.0,1.0
u18,2013-04-10 18:06:09,5.0,"43.70489004,-72.28783747",4.0,2.0
u18,2013-04-11 18:11:43,5.0,"43.70288021,-72.29096487",4.0,3.0
u18,2013-04-11 20:08:12,5.0,"43.70730854,-72.287476",3.0,4.0
u18,2013-04-12 21:35:54,0.0,"43.70815083,-72.28904366",4.0,3.0
u18,2013-04-14 19:06:12,5.0,"43.70736373,-72.28909608",1.0,1.0
u18,2013-04-17 18:31:18,7.0,"43.70739738,-72.28890727",2.0,3.0
u18,2013-04-18 17:12:56,6.0,"43.70739738,-72.28890727",2.0,2.0
u18,2013-04-19 03:25:39,6.0,"43.70264346,-72.28707",1.0,2.0
u18,2013-04-21 16:19:26,6.0,"43.70747855,-72.28919547",2.0,1.0
u18,2013-04-21 16:07:50,9.0,"43.70747855,-72.28919547",1.0,3.0
u18,2013-04-21 18:32:30,7.0,"43.70747855,-72.28919547",1.0,1.0
u18,2013-04-30 17:08:45,0.0,"43.70675911,-72.28704289",4.0,1.0
u18,2013-05-02 17:31:13,4.0,"43.70562403,-72.28962377",2.0,2.0
u18,2013-05-03 17:31:35,7.0,"43.70739317,-72.28896594",3.0,1.0
u18,2013-05-15 17:31:14,8.0,"43.70704503,-72.2889001",1.0,1.0
u18,2013-05-26 19:49:20,1.0,"43.70732876,-72.28925613",1.0,1.0
u18,2013-05-29 17:11:13,1.0,Unknown,1.0,1.0
u19,2013-04-01 08:33:18,7.0,Unknown,3.0,1.0
u19,2013-03-27 07:23:01,8.0,"43.70690704,-72.28632015",1.0,1.0
u19,2013-03-27 19:28:51,8.0,"43.70690704,-72.28632015",1.0,1.0
u19,2013-03-28 17:00:25,8.0,"43.700133459999996,-72.29134407",2.0,1.0
u19,2013-03-29 17:26:13,7.0,"43.70705849,-72.28616283",2.0,1.0
u19,2013-04-02 17:09:35,8.0,"43.70693078,-72.2855125",1.0,1.0
u19,2013-04-01 17:12:48,8.0,"43.70683851,-72.2861567",1.0,1.0
u19,2013-04-03 17:13:32,8.0,"43.70708116,-72.28593836",2.0,1.0
u19,2013-04-04 17:18:30,7.0,"43.707185,-72.28624139",2.0,2.0
u19,2013-04-08 17:00:39,8.0,"43.70694223,-72.28568637",1.0,3.0
u19,2013-04-06 16:29:57,5.0,"43.70338929,-72.29081561",2.0,2.0
u19,2013-04-05 17:14:21,7.0,"43.70703099,-72.28607976",2.0,2.0
u19,2013-04-07 17:59:37,7.0,"43.7039954,-72.29034683",2.0,3.0
u19,2013-04-06 17:41:59,5.0,"43.70341822,-72.29023895",2.0,2.0
u19,2013-04-09 17:22:56,8.0,"43.70668606,-72.28578397",1.0,2.0
u19,2013-04-13 17:09:02,7.0,"43.70312765,-72.29053296",2.0,3.0
u19,2013-04-12 17:14:44,8.0,"43.70659889,-72.2854301",1.0,2.0
u19,2013-04-10 17:58:26,8.0,"43.70713935,-72.28571073",1.0,2.0
u19,2013-04-11 17:35:17,7.0,"43.70698335,-72.28582114",1.0,2.0
u19,2013-04-17 17:04:33,7.0,"43.7027651,-72.2899934",2.0,3.0
u19,2013-04-16 17:12:07,7.0,"43.70154751,-72.29133289",2.0,2.0
u19,2013-04-14 17:14:03,8.0,"43.70285468,-72.29111293",1.0,2.0
u19,2013-04-15 17:16:31,8.0,"43.70154751,-72.29133289",1.0,2.0
u19,2013-04-18 17:20:23,6.0,"43.70692759,-72.28739722",3.0,2.0
u19,2013-04-19 17:40:48,8.0,"43.70712619,-72.28587268",1.0,3.0
u19,2013-04-22 17:01:34,3.0,"43.7067805,-72.28550931",2.0,3.0
u19,2013-04-23 16:48:49,9.0,"43.70703558,-72.28588339",1.0,3.0
u19,2013-04-25 16:52:17,7.0,"43.70686641,-72.28708456",2.0,4.0
u19,2013-04-26 17:01:44,8.0,"43.70693121,-72.28557612",1.0,2.0
u19,2013-04-29 17:06:59,6.0,"43.70676257,-72.28579269",2.0,4.0
u19,2013-04-29 07:54:41,7.0,"43.70710107,-72.28593983",2.0,3.0
u19,2013-05-01 17:37:25,6.0,"43.70696863,-72.28601686",2.0,4.0
u19,2013-05-01 09:29:32,3.0,"43.70101204,-72.28677708",2.0,4.0
u19,2013-05-02 17:03:33,8.0,"43.70703204,-72.28609341",1.0,4.0
u19,2013-05-03 17:41:30,8.0,"43.70690988,-72.28699822",1.0,4.0
u19,2013-05-12 18:51:45,11.0,"43.70714923,-72.28728168",1.0,2.0
u19,2013-05-16 18:00:00,6.0,"43.70743755,-72.28620149",2.0,1.0
u19,2013-05-10 17:51:00,10.0,"43.70705135,-72.28595115",1.0,2.0
u19,2013-05-06 17:32:10,8.0,"43.70725489,-72.28618348",1.0,1.0
u19,2013-05-11 18:50:43,9.0,"43.70701211,-72.28611727",2.0,3.0
u19,2013-05-14 19:53:18,8.0,"43.70120165,-72.28667414",2.0,1.0
u19,2013-05-13 17:33:27,10.0,"43.70670191,-72.28568105",2.0,2.0
u19,2013-05-15 18:09:03,9.0,"43.7038516,-72.28886243",2.0,2.0
u19,2013-05-17 17:05:09,6.0,"43.7069985,-72.28761352",2.0,4.0
u19,2013-05-17 17:41:50,6.0,"43.7069985,-72.28761352",2.0,4.0
u19,2013-05-18 18:02:45,13.0,"43.70680509,-72.28557325",1.0,4.0
u19,2013-05-19 17:52:29,12.0,"43.70669977,-72.28545979",1.0,2.0
u19,2013-05-20 17:59:27,12.0,"43.70708213,-72.2859049",1.0,2.0
u19,2013-05-22 18:01:23,11.0,"43.70693856,-72.28579217",1.0,2.0
u19,2013-05-24 18:54:52,11.0,Unknown,3.0,2.0
u19,2013-05-31 18:13:53,14.0,"43.70730115,-72.28615193",1.0,1.0
u19,2013-05-25 17:05:46,11.0,"43.7070687,-72.2859182",2.0,1.0
u19,2013-05-29 18:31:38,1.0,"43.70689977,-72.28714289",4.0,4.0
u19,2013-05-26 17:21:02,9.0,"43.70709334,-72.28524117",2.0,1.0
u19,2013-05-27 17:12:48,6.0,"43.70695189,-72.285625",2.0,2.0
u20,2013-04-03 18:03:05,6.0,"43.70544017,-72.28294543",1.0,1.0
u20,2013-04-01 18:03:53,6.0,"43.70552887,-72.28341726",1.0,1.0
u20,2013-03-27 23:02:29,7.0,Unknown,1.0,1.0
u20,2013-03-28 18:06:39,7.0,Unknown,2.0,1.0
u20,2013-04-02 18:25:25,6.0,"43.70581285,-72.28282006",1.0,1.0
u20,2013-04-04 19:03:37,7.0,"43.7058526,-72.28346962",2.0,1.0
u20,2013-04-08 18:07:52,7.0,"43.70698496,-72.28367832",1.0,1.0
u20,2013-04-05 19:35:40,3.0,"43.70564244,-72.2831979",4.0,1.0
u20,2013-04-07 19:56:39,7.0,"43.70540262,-72.28310172",2.0,1.0
u20,2013-04-11 19:22:12,8.0,"43.70644022,-72.28264149",3.0,1.0
u20,2013-04-10 19:07:03,7.0,"43.70552537,-72.28312295",2.0,1.0
u20,2013-04-12 17:53:44,6.0,"43.70527536,-72.28314925",2.0,1.0
u22,2013-03-31 20:33:01,9.0,"43.70357146,-72.29017646",1.0,1.0
u22,2013-04-03 17:19:03,7.0,"43.70417513,-72.29017786",2.0,1.0
u22,2013-03-27 07:35:58,6.0,"43.70665178,-72.28678516",3.0,1.0
u22,2013-03-28 19:30:33,8.0,"43.70399272,-72.29051569",2.0,1.0
u22,2013-03-28 03:06:53,6.0,"43.70277234,-72.28807846",3.0,1.0
u22,2013-03-29 17:48:26,7.0,"43.70414927,-72.29076226",1.0,1.0
u22,2013-03-31 02:40:53,8.0,"43.70411722,-72.29047127",1.0,1.0
u22,2013-04-01 17:21:13,8.0,"43.70436634,-72.29015652",2.0,1.0
u22,2013-04-02 18:22:01,8.0,"43.70407922,-72.29020632",1.0,1.0
u22,2013-04-04 19:21:24,9.0,"43.70400449,-72.29016096",1.0,1.0
u22,2013-04-05 20:06:03,8.0,"43.70405335,-72.29024681",1.0,1.0
u22,2013-04-08 17:38:18,8.0,"43.70407347,-72.29009938",1.0,1.0
u22,2013-04-09 19:24:16,9.0,"43.70418536,-72.29015097",1.0,1.0
u22,2013-04-10 17:48:35,8.0,"43.70458274,-72.29070844",2.0,1.0
u22,2013-04-11 19:16:29,7.0,"43.70464858,-72.29198064",1.0,1.0
u22,2013-04-14 21:44:17,8.0,"43.70408869,-72.29048838",2.0,1.0
u22,2013-04-21 18:52:21,9.0,"43.70418092,-72.29045018",1.0,1.0
u22,2013-04-30 20:00:10,8.0,"37.32982039,-122.0375421",1.0,1.0
u22,2013-05-10 17:39:18,10.0,Unknown,3.0,1.0
u22,2013-05-14 19:52:59,15.0,"43.70394194,-72.29039284",1.0,1.0
u23,2013-04-03 17:34:26,7.0,"43.70553167,-72.28322691",2.0,2.0
u23,2013-03-28 18:21:14,8.0,"43.70545859,-72.28327112",2.0,1.0
u23,2013-03-29 17:20:30,9.0,"43.70562674,-72.28323386",3.0,2.0
u23,2013-03-30 17:14:35,8.0,"43.70543514,-72.2831621",1.0,1.0
u23,2013-03-31 17:11:31,8.0,"43.70546909,-72.28312334",1.0,1.0
u23,2013-03-31 17:12:12,8.0,"43.70546909,-72.28312334",1.0,1.0
u23,2013-04-02 17:06:11,8.0,"43.70556865,-72.28310136",1.0,1.0
u23,2013-04-01 17:00:30,8.0,"43.70556097,-72.28321515",2.0,1.0
u23,2013-04-04 17:01:34,8.0,"43.70539876,-72.28336841",1.0,2.0
u23,2013-04-05 17:04:11,8.0,"43.70573813,-72.28325543",1.0,1.0
u23,2013-04-08 17:01:12,8.0,"43.70535792,-72.28348372",3.0,1.0
u23,2013-04-06 17:00:51,8.0,"43.70511575,-72.28317434",1.0,1.0
u23,2013-04-07 17:00:50,7.0,"43.7055044,-72.28338837",2.0,1.0
u23,2013-04-09 17:00:56,8.0,"43.70554357,-72.28325924",3.0,1.0
u23,2013-04-11 17:11:04,8.0,"43.70528483,-72.28336024",1.0,2.0
u23,2013-04-12 17:00:40,5.0,"43.7054476,-72.28326768",3.0,3.0
u23,2013-04-13 18:58:35,10.0,"43.7054183,-72.28319637",3.0,1.0
u23,2013-04-18 17:07:53,8.0,"43.70533021,-72.28320935",1.0,1.0
u23,2013-04-14 17:55:24,8.0,"43.7050633,-72.28352333",1.0,1.0
u23,2013-04-15 17:44:41,8.0,"43.70548232,-72.28294733",1.0,1.0
u23,2013-04-17 17:40:38,6.0,"43.70563203,-72.28296566",1.0,1.0
u23,2013-04-20 21:02:29,8.0,"43.70587021,-72.28397539",1.0,1.0
u23,2013-04-22 17:02:52,6.0,"43.70500519,-72.28332888",1.0,1.0
u24,2013-04-03 21:35:17,9.0,"43.70607141,-72.28867039",1.0,1.0
u24,2013-03-29 00:39:16,6.0,"43.70641892,-72.29107603",4.0,1.0
u24,2013-03-29 00:39:15,7.0,"43.6323532,-72.31687088",2.0,1.0
u24,2013-03-29 18:00:51,7.0,"43.70633345,-72.29084334",2.0,1.0
u24,2013-03-29 21:01:37,7.0,"43.70633345,-72.29084334",3.0,4.0
u24,2013-03-30 19:31:45,9.0,"43.70617004,-72.29083553",2.0,4.0
u24,2013-04-02 21:12:07,6.0,"43.70677201,-72.29138349",2.0,1.0
u24,2013-04-01 08:48:17,7.0,"43.70631987,-72.29102945",2.0,2.0
u24,2013-04-01 17:52:30,8.0,"43.70644324,-72.28839048",2.0,1.0
u24,2013-04-04 19:40:39,6.0,"43.70613594,-72.29081044",3.0,1.0
u24,2013-04-05 19:04:34,9.0,"43.70610429,-72.29075771",1.0,1.0
u24,2013-04-06 20:02:36,10.0,"43.70620136,-72.29091932",2.0,1.0
u24,2013-04-08 17:48:48,7.0,"43.70613935,-72.29098339",3.0,1.0
u24,2013-04-14 09:13:20,10.0,"43.70618738,-72.29054297",2.0,4.0
u24,2013-04-09 19:47:28,9.0,"43.70622719,-72.29042601",3.0,1.0
u24,2013-04-12 08:14:26,10.0,Unknown,1.0,1.0
u24,2013-04-12 17:59:59,6.0,"43.70597871,-72.28908972",2.0,1.0
u24,2013-04-12 15:06:02,5.0,"43.70621814,-72.29075864",3.0,1.0
u24,2013-04-13 20:14:35,9.0,"43.70619094,-72.29054811",3.0,1.0
u24,2013-04-14 23:01:05,9.0,"43.70306598,-72.29015459",2.0,1.0
u24,2013-04-18 02:01:03,7.0,Unknown,2.0,1.0
u24,2013-05-13 23:09:46,9.0,"43.70334641,-72.28788749",2.0,1.0
u24,2013-05-26 18:07:31,5.0,"43.70554093,-72.29083252",4.0,1.0
u25,2013-03-30 18:15:44,9.0,"43.70076509,-72.2869313",1.0,2.0
u25,2013-03-28 17:54:22,8.0,"43.70909673,-72.28432992",2.0,2.0
u25,2013-04-02 17:20:27,8.0,"43.70065679,-72.28685874",3.0,2.0
u25,2013-04-01 05:27:26,8.0,"43.43954867,-72.05279939",2.0,2.0
u25,2013-04-01 04:11:26,7.0,"41.99134713,-71.27689197",2.0,1.0
u25,2013-04-01 17:56:28,8.0,"43.44242939,-72.06891831",2.0,3.0
u25,2013-04-03 17:54:39,7.0,"43.7078117,-72.28487208",3.0,3.0
u25,2013-04-05 17:55:19,7.0,Unknown,3.0,1.0
u25,2013-04-08 05:52:47,8.0,Unknown,1.0,1.0
u25,2013-04-08 05:53:07,8.0,Unknown,1.0,1.0
u25,2013-04-09 17:20:22,8.0,"43.70749748,-72.28712595",1.0,2.0
u25,2013-04-10 17:53:18,7.0,Unknown,3.0,1.0
u25,2013-04-16 17:20:17,8.0,"43.70609873,-72.28690685",1.0,1.0
u25,2013-04-14 22:06:42,4.0,"43.70051117,-72.28678993",3.0,1.0
u25,2013-04-22 18:10:34,6.0,"43.70892266,-72.28457671",3.0,1.0
u27,2013-04-01 17:56:00,4.0,"43.70413216,-72.28586105",3.0,1.0
u27,2013-03-28 20:37:20,5.0,"43.70655446,-72.28713909",4.0,2.0
u27,2013-03-29 18:04:46,5.0,"43.70754161,-72.28527106",3.0,1.0
u27,2013-03-31 20:05:36,9.0,"43.70389316,-72.28575202",1.0,1.0
u27,2013-04-03 17:07:52,5.0,"43.70435602,-72.28669392",2.0,1.0
u27,2013-04-04 19:00:33,7.0,"43.70403288,-72.28595896",2.0,2.0
u27,2013-04-05 17:00:32,5.0,"43.70475035,-72.28638803",2.0,1.0
u27,2013-04-08 18:00:39,3.0,"43.70586093,-72.28868897",3.0,1.0
u27,2013-04-10 17:00:48,2.0,Unknown,4.0,2.0
u27,2013-04-18 20:30:19,7.0,"43.70424431,-72.28559775",2.0,3.0
u27,2013-04-17 17:17:23,3.0,"43.70400104,-72.28585139",4.0,1.0
u27,2013-04-19 18:07:37,6.0,"43.70375531,-72.28604079",2.0,1.0
u27,2013-04-20 23:58:52,12.0,"43.70387421,-72.28565294",1.0,1.0
u27,2013-04-29 17:00:25,0.0,"43.70394816,-72.28577831",4.0,1.0
u27,2013-05-03 17:31:52,6.0,Unknown,1.0,1.0
u27,2013-05-22 17:32:38,3.0,"43.70370727,-72.28600459",4.0,2.0
u30,2013-04-03 18:56:46,8.0,"43.70324769,-72.29030293",1.0,1.0
u30,2013-03-29 03:23:54,8.0,Unknown,1.0,1.0
u30,2013-03-29 03:23:55,8.0,Unknown,1.0,1.0
u30,2013-03-29 17:10:30,8.0,"43.70240618,-72.28732915",1.0,1.0
u30,2013-03-31 08:47:45,6.0,"42.94097068,-72.52796872",2.0,1.0
u30,2013-03-31 17:58:30,7.0,"42.94097068,-72.52796872",2.0,1.0
u30,2013-04-01 17:02:48,8.0,"43.70216667,-72.2862385",1.0,1.0
u30,2013-04-03 18:56:45,7.0,"43.70216667,-72.2862385",2.0,1.0
u30,2013-04-06 22:01:59,8.0,"43.70294473,-72.28772261",2.0,1.0
u30,2013-04-07 18:15:34,8.0,Unknown,3.0,2.0
u30,2013-04-06 22:01:58,4.0,"43.70294473,-72.28772261",2.0,1.0
u30,2013-04-06 22:02:02,6.0,"43.70294473,-72.28772261",2.0,1.0
u30,2013-04-08 20:11:10,8.0,Unknown,3.0,1.0
u30,2013-04-10 04:00:07,9.0,"43.70260784,-72.28705135",1.0,1.0
u30,2013-04-10 19:24:21,8.0,"43.70259206,-72.28665032",1.0,1.0
u30,2013-04-11 19:24:56,7.0,"43.70279814,-72.28714674",1.0,1.0
u30,2013-04-12 16:37:43,8.0,"43.70266979,-72.28673413",1.0,1.0
u30,2013-04-13 21:39:41,4.0,"43.69971813,-72.29088714",2.0,1.0
u30,2013-04-16 17:14:58,7.0,"43.70257447,-72.28689498",1.0,2.0
u30,2013-04-14 17:04:23,8.0,"40.7742808,-73.96073797",1.0,2.0
u30,2013-04-15 17:44:22,7.0,"43.70218934,-72.28761108",1.0,1.0
u30,2013-04-17 16:39:31,7.0,"43.70249632,-72.286166",1.0,1.0
u30,2013-04-18 17:42:24,4.0,"43.70263246,-72.28706428",3.0,1.0
u30,2013-04-19 18:01:33,8.0,"43.70254488,-72.28677668",1.0,1.0
u30,2013-04-20 22:09:21,6.0,"41.23064284,-73.0728831",2.0,1.0
u30,2013-04-22 17:07:46,8.0,"41.23064284,-73.0728831",1.0,1.0
u30,2013-04-23 20:58:59,7.0,"41.23064284,-73.0728831",1.0,1.0
u30,2013-04-26 18:05:02,8.0,Unknown,1.0,1.0
u30,2013-04-25 04:02:21,7.0,"41.23064284,-73.0728831",1.0,1.0
u30,2013-04-29 17:11:50,5.0,"43.70652524,-72.28699002",2.0,1.0
u30,2013-05-01 18:03:03,6.0,"43.70333152,-72.28938876",3.0,1.0
u30,2013-05-02 19:59:52,9.0,"43.70303414,-72.28449439",1.0,1.0
u30,2013-05-03 17:59:09,6.0,"43.70451244,-72.28888935",2.0,1.0
u30,2013-05-06 18:01:06,9.0,Unknown,1.0,1.0
u31,2013-04-02 17:10:07,5.0,"43.6804572,-72.29349846",3.0,4.0
u31,2013-03-28 02:01:59,2.0,"43.68050026,-72.29332341",4.0,2.0
u31,2013-03-29 00:00:53,4.0,"43.68060986,-72.29350695",3.0,2.0
u31,2013-03-29 17:01:48,5.0,"43.68055327,-72.29350013",2.0,2.0
u31,2013-03-31 17:01:17,8.0,"43.68055197,-72.29346788",1.0,1.0
u31,2013-04-01 17:54:40,8.0,"43.69876384,-72.28975678",1.0,4.0
u31,2013-04-02 09:41:18,3.0,"43.68063654,-72.29350259",4.0,2.0
u31,2013-04-03 21:25:22,8.0,"43.68058033,-72.29352704",1.0,1.0
u31,2013-04-05 00:14:04,5.0,"43.68043243,-72.2937815",3.0,2.0
u31,2013-04-10 18:01:50,6.0,"43.68071233,-72.29336227",3.0,4.0
u31,2013-04-10 18:01:42,6.0,"43.68071233,-72.29336227",3.0,1.0
u32,2013-04-03 17:50:28,7.0,"43.70371584,-72.2909896",3.0,2.0
u32,2013-04-02 20:11:01,11.0,"43.7032657,-72.29045059",1.0,1.0
u32,2013-03-31 19:53:52,7.0,"42.35025658,-71.07655539",2.0,1.0
u32,2013-04-01 17:55:53,9.0,"43.70383924,-72.29026049",2.0,2.0
u32,2013-04-04 17:34:20,7.0,"43.70584223,-72.29075364",2.0,1.0
u32,2013-04-08 17:35:39,7.0,"43.70515516,-72.28939444",2.0,1.0
u32,2013-04-06 23:39:35,7.0,"43.70515516,-72.28939444",3.0,1.0
u32,2013-04-05 16:15:23,6.0,"43.70584223,-72.29075364",2.0,2.0
u32,2013-04-07 21:04:06,10.0,"43.70515516,-72.28939444",2.0,2.0
u32,2013-04-17 17:23:48,7.0,"43.70285908,-72.29002745",3.0,3.0
u32,2013-04-09 17:00:47,7.0,"43.70826063,-72.28421526",2.0,1.0
u32,2013-04-10 18:02:27,7.0,"43.70340811,-72.29061712",2.0,1.0
u32,2013-04-16 18:35:18,9.0,"43.70635749,-72.28923654",2.0,2.0
u32,2013-04-11 20:03:57,7.0,"43.70433336,-72.29107034",2.0,1.0
u32,2013-04-12 15:50:44,7.0,"43.70845191,-72.28419384",2.0,1.0
u32,2013-04-13 18:16:53,7.0,"43.7040787,-72.28808059",3.0,1.0
u32,2013-04-14 17:44:05,10.0,"43.71713165,-72.27145544",1.0,2.0
u32,2013-04-15 17:58:08,8.0,"43.71713165,-72.27145544",2.0,1.0
u32,2013-04-18 19:23:08,9.0,Unknown,3.0,1.0
u32,2013-04-19 18:05:46,7.0,"43.70300607,-72.29026873",2.0,1.0
u32,2013-04-20 20:25:38,8.0,"43.70587544,-72.2911665",3.0,1.0
u32,2013-04-24 19:04:30,8.0,Unknown,3.0,2.0
u32,2013-04-22 18:13:23,8.0,"43.7031993,-72.2904444",2.0,1.0
u32,2013-04-23 21:39:04,7.0,"43.70635966,-72.28846146",3.0,1.0
u32,2013-04-25 18:58:06,6.0,"43.70608389,-72.29104393",3.0,1.0
u32,2013-04-27 19:00:41,8.0,"43.71796947,-72.27247143",3.0,1.0
u32,2013-04-26 19:05:48,9.0,"43.70608389,-72.29104393",2.0,2.0
u32,2013-04-28 18:30:20,8.0,"43.70301955,-72.29020739",4.0,1.0
u32,2013-04-29 17:51:58,6.0,"43.70374615,-72.29053936",2.0,2.0
u32,2013-04-30 18:21:33,9.0,"43.47216071,-71.99885894",3.0,2.0
u32,2013-05-01 18:03:48,9.0,"43.47216071,-71.99885894",2.0,1.0
u32,2013-05-03 17:39:09,9.0,"43.70211393,-72.28994529",2.0,1.0
u32,2013-05-10 18:06:08,9.0,"43.719082,-72.2724696",2.0,1.0
u32,2013-05-06 17:58:24,8.0,"43.70389513,-72.29041685",2.0,1.0
u32,2013-05-05 17:27:50,9.0,"43.70420319,-72.28854729",2.0,1.0
u32,2013-05-08 18:17:03,8.0,"43.7089232,-72.28415444",2.0,1.0
u32,2013-05-13 00:08:11,1.0,"43.7037874,-72.29006945",3.0,1.0
u32,2013-05-14 19:51:17,15.0,"43.70421817,-72.28966565",3.0,1.0
u32,2013-05-19 20:14:42,4.0,Unknown,3.0,1.0
u32,2013-05-18 19:23:31,11.0,Unknown,2.0,1.0
u32,2013-05-19 20:21:50,4.0,Unknown,3.0,1.0
u32,2013-05-20 17:51:11,14.0,Unknown,2.0,2.0
u32,2013-05-22 16:10:32,9.0,"43.70680906,-72.28749051",2.0,1.0
u32,2013-05-28 17:13:36,6.0,"43.70450738,-72.29025958",2.0,2.0
u32,2013-05-25 18:45:03,10.0,Unknown,3.0,1.0
u32,2013-05-27 06:29:09,12.0,"43.65273307,-72.24424084",2.0,2.0
u32,2013-06-03 19:28:32,12.0,Unknown,2.0,1.0
u33,2013-03-28 19:01:11,8.0,Unknown,1.0,2.0
u33,2013-03-29 17:11:34,7.0,"43.70369622,-72.29611425",2.0,2.0
u33,2013-03-30 19:00:36,7.0,"43.7037725,-72.29602645",2.0,1.0
u33,2013-03-31 17:03:32,7.0,"43.70400733,-72.29568279",2.0,1.0
u33,2013-04-01 17:13:35,6.0,"43.70412701,-72.29543193",4.0,1.0
u33,2013-04-02 20:09:54,6.0,"43.70370694,-72.29603486",4.0,1.0
u33,2013-04-03 17:16:26,0.0,"43.70366916,-72.29604051",4.0,1.0
u33,2013-04-04 19:40:58,8.0,"43.70403059,-72.29608355",2.0,3.0
u33,2013-04-05 15:31:40,7.0,"43.70346806,-72.29615925",1.0,1.0
u33,2013-04-07 18:42:05,9.0,"43.70374466,-72.29602394",2.0,1.0
u33,2013-04-06 19:42:11,10.0,"43.70359603,-72.29619839",1.0,1.0
u33,2013-04-08 17:53:13,6.0,"43.70524265,-72.29380967",1.0,1.0
u33,2013-04-09 19:20:46,10.0,"43.70356543,-72.29661063",1.0,1.0
u33,2013-04-10 18:53:06,6.0,"43.70332015,-72.29598121",2.0,1.0
u33,2013-04-11 17:47:27,8.0,"43.70341924,-72.29629875",2.0,1.0
u33,2013-04-12 17:32:30,8.0,"43.70368617,-72.29580241",2.0,2.0
u33,2013-04-15 17:16:15,4.0,"43.70369666,-72.29597969",3.0,1.0
u33,2013-04-13 21:55:32,10.0,"43.70351337,-72.29604785",1.0,1.0
u33,2013-04-14 20:45:04,8.0,"43.70362837,-72.29609942",2.0,1.0
u33,2013-04-17 00:31:14,13.0,"43.70370911,-72.29582755",1.0,1.0
u33,2013-04-17 18:08:55,2.0,"43.70342539,-72.29594334",4.0,1.0
u33,2013-04-18 19:16:53,8.0,"43.70306371,-72.29579391",2.0,2.0
u33,2013-04-19 20:30:45,6.0,"43.70396846,-72.29555338",3.0,2.0
u33,2013-04-20 22:24:14,12.0,"43.70378828,-72.29600636",1.0,1.0
u33,2013-04-22 05:05:44,10.0,"43.70405707,-72.29551034",1.0,1.0
u33,2013-04-22 11:07:48,8.0,"43.70410502,-72.29484537",2.0,1.0
u33,2013-04-22 17:29:52,5.0,"43.70377459,-72.29617515",3.0,1.0
u33,2013-04-24 10:03:23,4.0,"43.70371045,-72.29605661",4.0,2.0
u33,2013-04-24 21:10:49,8.0,"43.7034689,-72.29640505",2.0,2.0
u33,2013-04-26 17:12:53,4.0,"43.7037887,-72.29615197",3.0,1.0
u33,2013-04-30 07:19:28,8.0,"43.70351749,-72.29606608",1.0,1.0
u33,2013-05-03 17:31:12,0.0,"43.70354602,-72.29604776",4.0,2.0
u33,2013-05-13 17:52:58,1.0,"43.70242394,-72.2919064",4.0,2.0
u33,2013-05-09 16:57:27,7.0,Unknown,2.0,2.0
u33,2013-05-06 21:29:51,5.0,"43.70353749,-72.29596044",2.0,1.0
u33,2013-05-08 20:13:22,9.0,Unknown,2.0,2.0
u33,2013-05-07 20:24:42,8.0,"43.70353749,-72.29596044",2.0,4.0
u33,2013-05-11 18:57:05,16.0,"43.70373736,-72.29577621",2.0,2.0
u33,2013-05-23 17:31:31,9.0,"43.7036104,-72.29599087",2.0,2.0
u33,2013-05-24 17:31:29,2.0,"43.70363097,-72.29625958",4.0,1.0
u33,2013-05-30 02:20:20,1.0,Unknown,4.0,2.0
u34,2013-04-03 18:16:17,7.0,"43.71710059,-72.3083916",1.0,1.0
u34,2013-03-28 20:02:25,7.0,"43.71820403,-72.30818631",1.0,1.0
u34,2013-04-02 21:28:43,8.0,"43.64985305,-72.31114762",1.0,1.0
u34,2013-04-01 18:23:12,7.0,"43.70878824,-72.28328871",1.0,1.0
u34,2013-04-05 18:41:37,7.0,"43.70867495,-72.28248702",1.0,1.0
u34,2013-04-29 18:51:39,5.0,"43.67081116,-72.25601405",2.0,2.0
u34,2013-05-13 19:13:29,7.0,"43.70530899,-72.28319773",2.0,1.0
u35,2013-03-29 04:21:18,7.0,"43.70551214,-72.283181",2.0,1.0
u35,2013-03-29 17:34:22,6.0,"43.7054765,-72.2830961",1.0,1.0
u35,2013-04-01 17:28:27,6.0,"43.70536459,-72.28320162",3.0,2.0
u35,2013-04-03 18:23:41,5.0,"43.70544082,-72.28316785",2.0,3.0
u35,2013-04-02 19:26:11,6.0,"43.70536857,-72.2831202",1.0,1.0
u35,2013-04-04 17:24:45,7.0,"43.70544541,-72.28313092",1.0,1.0
u35,2013-04-08 05:53:16,9.0,"43.53959054,-72.38995452",1.0,1.0
u35,2013-04-05 17:29:23,7.0,"43.70539301,-72.28309238",1.0,1.0
u35,2013-04-08 05:53:25,9.0,"43.53959054,-72.38995452",1.0,1.0
u35,2013-04-08 17:12:49,8.0,"43.53959054,-72.38995452",1.0,1.0
u35,2013-04-14 23:19:09,8.0,"43.7053364,-72.28315167",1.0,1.0
u35,2013-04-09 18:37:36,8.0,"43.70602674,-72.28742674",1.0,1.0
u35,2013-04-10 19:17:45,8.0,"43.70410839,-72.29042107",1.0,1.0
u35,2013-04-12 18:50:58,8.0,"43.7032067,-72.29080808",1.0,1.0
u35,2013-04-15 18:45:32,8.0,Unknown,1.0,1.0
u35,2013-04-16 17:36:26,7.0,Unknown,1.0,1.0
u35,2013-04-17 19:14:26,7.0,"43.70545396,-72.28297235",2.0,1.0
u35,2013-04-18 17:19:51,6.0,"43.7077701,-72.28363396",1.0,1.0
u35,2013-04-29 18:03:23,8.0,"43.70462528,-72.30440054",1.0,1.0
u35,2013-04-30 19:20:39,6.0,"43.70462528,-72.30440054",3.0,1.0
u35,2013-05-02 17:25:56,6.0,"43.70537226,-72.28333742",2.0,1.0
u35,2013-05-03 18:03:17,6.0,"43.70537226,-72.28333742",2.0,1.0
u35,2013-05-10 18:58:57,8.0,"43.65861498,-72.24869697",1.0,1.0
u35,2013-05-06 19:04:11,6.0,"43.70517353,-72.28354394",1.0,1.0
u35,2013-05-27 17:30:57,4.0,"43.70545577,-72.28364354",3.0,2.0
u36,2013-04-01 17:45:46,5.0,"43.65180755,-72.3098317",4.0,1.0
u36,2013-03-29 17:17:38,7.0,"43.65179828,-72.30998204",2.0,1.0
u36,2013-03-31 18:51:03,8.0,"43.65193883,-72.30979792",2.0,1.0
u36,2013-03-30 18:13:02,8.0,"43.65158151,-72.31004153",1.0,1.0
u36,2013-04-02 17:27:54,8.0,"43.65170046,-72.30994989",1.0,1.0
u36,2013-04-03 17:27:34,7.0,"43.65181117,-72.31002075",2.0,1.0
u36,2013-04-04 17:10:37,8.0,"43.65176754,-72.3098904",2.0,1.0
u36,2013-04-05 17:24:04,4.0,"43.65173128,-72.30996775",4.0,1.0
u36,2013-04-07 18:17:14,8.0,"43.65162591,-72.3100873",2.0,1.0
u36,2013-04-06 17:04:38,8.0,"43.65186855,-72.30992432",2.0,1.0
u36,2013-04-08 17:41:16,8.0,"43.65175234,-72.30991784",2.0,1.0
u36,2013-04-09 17:22:26,8.0,"43.65177652,-72.31003679",2.0,1.0
u36,2013-04-10 17:29:49,8.0,"43.65152672,-72.30988846",1.0,1.0
u36,2013-04-17 17:00:24,8.0,"43.65175181,-72.3098089",2.0,1.0
u36,2013-04-11 17:25:41,8.0,"43.65196548,-72.3102879",1.0,1.0
u36,2013-04-12 17:25:55,5.0,"43.65158304,-72.30996323",4.0,1.0
u36,2013-04-15 17:31:25,8.0,"43.65169916,-72.3100547",2.0,1.0
u36,2013-04-14 17:22:06,8.0,"43.65178381,-72.30987986",2.0,1.0
u36,2013-04-15 23:18:10,8.0,"43.70655534,-72.28702434",2.0,1.0
u36,2013-04-21 19:13:57,8.0,"37.94400248,-121.72342483",2.0,1.0
u36,2013-04-22 21:14:02,6.0,"38.58404326,-121.50064231",2.0,1.0
u36,2013-04-28 17:37:56,7.0,"43.65167494,-72.30968224",2.0,1.0
u36,2013-04-29 17:17:37,7.0,"43.65159753,-72.30987449",2.0,1.0
u36,2013-05-01 17:33:28,7.0,"43.65203022,-72.31004777",2.0,1.0
u36,2013-05-02 17:07:00,6.0,"43.65184746,-72.30996688",2.0,1.0
u36,2013-05-03 16:51:58,8.0,"43.65172546,-72.30994232",2.0,1.0
u36,2013-05-11 17:55:01,8.0,"43.65160512,-72.3099223",2.0,1.0
u36,2013-05-05 18:01:55,8.0,"43.6517384,-72.31006585",2.0,1.0
u36,2013-05-08 17:32:57,10.0,"43.65168477,-72.30992573",1.0,1.0
u36,2013-05-06 17:38:43,7.0,"43.70685421,-72.28708325",2.0,1.0
u36,2013-05-09 18:39:28,10.0,"43.69374231,-72.28454521",1.0,1.0
u36,2013-05-19 19:12:59,10.0,"43.65180627,-72.30959223",1.0,1.0
u39,2013-04-10 04:24:46,7.0,Unknown,1.0,1.0
u39,2013-04-10 03:45:46,8.0,"43.70657715,-72.28645985",1.0,1.0
u39,2013-04-10 03:45:48,7.0,Unknown,1.0,1.0
u39,2013-04-10 04:24:44,8.0,"43.70657715,-72.28645985",1.0,1.0
u39,2013-04-13 06:05:12,8.0,"43.65161386,-72.31003509",1.0,1.0
u39,2013-04-16 04:21:12,8.0,"43.7008617,-72.28950786",1.0,1.0
u39,2013-04-17 06:34:08,8.0,"43.65176968,-72.30989016",1.0,1.0
u39,2013-04-24 18:52:22,8.0,"43.65167079,-72.31001806",1.0,1.0
u39,2013-04-24 18:52:40,8.0,"43.65167079,-72.31001806",1.0,1.0
u39,2013-04-25 20:32:15,8.0,"43.70691563,-72.28615388",1.0,1.0
u41,2013-03-29 17:19:54,7.0,"43.7039835,-72.28589738",2.0,1.0
u41,2013-03-30 20:15:17,10.0,"43.70397289,-72.28593403",1.0,1.0
u41,2013-03-31 20:37:52,8.0,"43.70394481,-72.28581948",2.0,1.0
u41,2013-04-02 19:52:53,10.0,"43.70394481,-72.28581948",1.0,1.0
u41,2013-04-01 17:31:24,7.0,"43.70394481,-72.28581948",3.0,1.0
u41,2013-04-04 20:08:12,8.0,"43.70377722,-72.28783656",2.0,1.0
u41,2013-04-09 05:47:45,6.0,Unknown,2.0,1.0
u41,2013-04-09 05:47:43,6.0,Unknown,2.0,1.0
u41,2013-04-09 19:10:05,8.0,Unknown,2.0,1.0
u41,2013-04-10 17:55:55,8.0,"43.70367091,-72.28590427",2.0,1.0
u41,2013-04-11 19:17:54,7.0,"43.70389958,-72.28580745",1.0,1.0
u41,2013-04-12 18:54:48,7.0,"43.70525445,-72.2884545",3.0,1.0
u41,2013-04-22 18:25:56,8.0,"43.70495742,-72.28768275",1.0,1.0
u41,2013-05-12 18:32:12,6.0,"43.70429654,-72.28590964",3.0,1.0
u42,2013-04-02 19:16:25,7.0,"43.65863297,-72.24870111",1.0,1.0
u42,2013-04-03 18:06:16,7.0,"43.62834565,-72.3223213",2.0,1.0
u42,2013-04-02 12:10:05,6.0,"43.69682623,-72.28051789",2.0,2.0
u42,2013-04-05 17:56:19,6.0,"43.70909224,-72.28344156",3.0,1.0
u42,2013-04-08 18:06:49,8.0,"43.70873044,-72.28238031",1.0,1.0
u42,2013-04-10 18:03:17,5.0,"43.65854943,-72.24890222",1.0,3.0
u42,2013-04-17 17:48:53,5.0,"43.69716255,-72.28066949",3.0,3.0
u42,2013-04-21 19:52:03,6.0,"43.65886906,-72.24845008",2.0,4.0
u42,2013-05-13 19:40:26,9.0,"43.65817203,-72.25123965",1.0,2.0
u42,2013-05-15 18:14:49,7.0,"43.6986801,-72.28079068",1.0,1.0
u42,2013-05-13 19:40:39,9.0,"43.65817203,-72.25123965",1.0,2.0
u42,2013-05-18 22:59:11,15.0,Unknown,1.0,1.0
u42,2013-05-27 19:12:26,1.0,"43.70699451,-72.28534492",2.0,1.0
u42,2013-05-29 19:55:37,3.0,"43.67176007,-72.26386586",1.0,1.0
u43,2013-04-03 17:00:15,7.0,"43.70566059,-72.29130704",3.0,3.0
u43,2013-04-01 22:42:32,7.0,"43.70660193,-72.28760155",2.0,2.0
u43,2013-04-02 18:00:46,8.0,"43.70546977,-72.29153142",2.0,2.0
u43,2013-04-03 16:58:35,7.0,"43.70566059,-72.29130704",3.0,3.0
u43,2013-04-04 19:46:55,8.0,"43.70619631,-72.28823087",1.0,4.0
u43,2013-04-05 17:12:06,8.0,"43.70549825,-72.29185536",2.0,2.0
u43,2013-04-07 17:44:35,8.0,"42.36112482,-71.07113958",2.0,2.0
u43,2013-04-06 17:17:53,8.0,"43.50783677,-72.13449058",2.0,1.0
u43,2013-04-08 17:08:34,8.0,"43.70560342,-72.29137243",2.0,2.0
u43,2013-04-10 17:16:08,8.0,"43.70565468,-72.29149208",3.0,1.0
u43,2013-04-09 17:06:16,7.0,"43.70565715,-72.2915844",2.0,1.0
u43,2013-04-11 18:53:15,7.0,"43.67572307,-72.27196101",3.0,1.0
u43,2013-04-12 17:26:57,8.0,"43.70234665,-72.28813935",3.0,2.0
u43,2013-04-13 17:36:06,9.0,"43.70462998,-72.28974619",2.0,2.0
u43,2013-04-16 17:45:16,6.0,"43.70574465,-72.29162099",3.0,1.0
u43,2013-04-14 19:33:04,8.0,"43.70462998,-72.28974619",3.0,1.0
u43,2013-04-15 17:07:12,7.0,Unknown,2.0,2.0
u43,2013-04-16 17:45:04,6.0,"43.70584294,-72.29136839",1.0,1.0
u43,2013-04-17 17:37:19,7.0,"43.70567669,-72.29136528",2.0,2.0
u43,2013-04-18 17:25:39,8.0,"43.70557117,-72.29109324",2.0,1.0
u43,2013-04-22 02:18:35,8.0,"44.26410768,-69.80665528",2.0,1.0
u43,2013-04-26 17:02:44,8.0,"43.70554879,-72.2916246",2.0,1.0
u43,2013-05-01 18:00:26,8.0,"43.70546467,-72.29120503",2.0,1.0
u43,2013-05-03 18:28:36,6.0,"43.70548852,-72.2911601",2.0,1.0
u43,2013-05-10 18:58:38,7.0,"43.70873911,-72.28427701",3.0,1.0
u44,2013-04-02 22:13:17,8.0,"43.70687995,-72.28684036",1.0,1.0
u44,2013-04-03 17:34:12,7.0,"43.70743771,-72.2862709",1.0,1.0
u44,2013-04-03 16:31:39,7.0,"43.69212184,-72.26683989",1.0,1.0
u44,2013-04-04 16:14:15,8.0,"43.69208086,-72.26664611",2.0,1.0
u44,2013-04-04 18:20:40,8.0,"43.69207668,-72.26667703",1.0,1.0
u44,2013-04-08 16:40:12,7.0,"43.69220733,-72.26727623",2.0,1.0
u44,2013-04-05 16:45:49,6.0,"43.69200732,-72.26705782",1.0,1.0
u44,2013-04-06 16:30:54,6.0,"43.70785555,-72.28572217",1.0,1.0
u44,2013-04-07 18:06:14,8.0,"43.6922067,-72.26699306",1.0,1.0
u44,2013-04-17 17:34:48,8.0,"43.69221205,-72.26692546",1.0,1.0
u44,2013-04-09 16:38:23,8.0,"43.69221111,-72.26702562",1.0,1.0
u44,2013-04-09 19:36:40,8.0,"43.69188915,-72.26684014",1.0,1.0
u44,2013-04-10 17:18:04,8.0,"43.69208545,-72.26681348",1.0,1.0
u44,2013-04-11 17:03:53,8.0,"43.69231687,-72.26692115",1.0,1.0
u44,2013-04-12 17:00:15,8.0,"43.69236851,-72.26702972",1.0,1.0
u44,2013-04-15 16:21:52,7.0,"43.69206212,-72.26702576",2.0,1.0
u44,2013-04-13 19:54:42,8.0,"43.70926341,-72.28546583",2.0,1.0
u44,2013-04-13 16:49:02,8.0,"43.69220716,-72.26708063",1.0,1.0
u44,2013-04-18 16:35:37,8.0,"43.69219202,-72.26690084",1.0,3.0
u44,2013-04-18 16:35:31,8.0,"43.69219202,-72.26690084",1.0,1.0
u44,2013-04-19 16:59:36,8.0,"43.69231923,-72.26700025",1.0,2.0
u44,2013-04-20 16:35:33,7.0,"43.6921885,-72.26704181",1.0,2.0
u44,2013-04-21 17:08:38,8.0,"43.6926262,-72.26656479",1.0,1.0
u44,2013-04-22 16:09:28,8.0,"43.69228193,-72.26674988",2.0,4.0
u44,2013-04-25 00:30:16,8.0,"43.69935873,-72.28135033",1.0,4.0
u44,2013-04-23 17:42:31,7.0,"43.69219598,-72.26719594",1.0,2.0
u44,2013-04-26 16:26:00,8.0,"43.69217927,-72.26709868",1.0,3.0
u44,2013-04-25 16:29:51,8.0,"43.69221585,-72.26709452",1.0,1.0
u44,2013-04-27 17:10:25,8.0,Unknown,1.0,4.0
u44,2013-04-28 22:12:02,7.0,"43.69230343,-72.26698234",2.0,3.0
u44,2013-04-29 15:12:41,8.0,"43.69215296,-72.26684735",2.0,3.0
u44,2013-04-30 15:29:04,8.0,"43.69205554,-72.2671205",1.0,3.0
u44,2013-05-01 15:04:36,10.0,"43.692330749999996,-72.26683046",1.0,1.0
u44,2013-05-02 16:26:56,8.0,"43.69204957,-72.26697347",1.0,3.0
u44,2013-05-03 15:34:27,8.0,"43.69180541,-72.26667398",1.0,4.0
u44,2013-05-10 17:02:27,12.0,"43.69254978,-72.26711348",1.0,3.0
u44,2013-05-06 20:10:44,8.0,"43.70691341,-72.28711558",1.0,4.0
u44,2013-05-08 16:28:08,11.0,"43.69230186,-72.26682816",1.0,4.0
u44,2013-05-14 17:31:34,12.0,"43.69225,-72.26698519",1.0,1.0
u44,2013-05-05 17:45:54,7.0,"43.69238395,-72.26701546",1.0,3.0
u44,2013-05-04 17:11:30,8.0,"43.69208378,-72.26703755",1.0,4.0
u44,2013-05-15 16:49:18,10.0,"43.69219289,-72.26671048",1.0,1.0
u44,2013-05-16 17:49:12,17.0,"43.69229577,-72.26673522",1.0,1.0
u44,2013-05-07 18:24:28,6.0,"43.69255276,-72.26704092",2.0,4.0
u44,2013-05-09 17:39:26,12.0,"43.69230186,-72.26682816",1.0,3.0
u44,2013-05-12 04:30:20,14.0,Unknown,1.0,1.0
u44,2013-05-12 17:05:44,11.0,"43.69220954,-72.26702639",1.0,3.0
u44,2013-05-13 17:11:27,11.0,"43.69206484,-72.26700327",1.0,3.0
u44,2013-05-19 17:57:48,12.0,"43.69179308,-72.26678906",1.0,1.0
u44,2013-05-17 17:44:31,13.0,"43.69229406,-72.26664182",1.0,1.0
u44,2013-05-18 17:40:21,12.0,"43.6922613,-72.26687932",1.0,1.0
u44,2013-05-20 16:44:51,12.0,"43.69230186,-72.26692699",1.0,1.0
u44,2013-05-22 17:41:44,11.0,"43.69230566,-72.26694933",1.0,3.0
u44,2013-05-23 17:13:35,12.0,"43.69213441,-72.26712004",1.0,3.0
u44,2013-05-24 17:20:50,11.0,"43.69222786,-72.26719913",1.0,4.0
u44,2013-05-25 17:43:42,11.0,"43.69476866,-72.27943547",1.0,4.0
u44,2013-05-27 17:28:33,10.0,"43.69341383,-72.2733575",1.0,4.0
u44,2013-06-01 19:23:39,12.0,"43.69232465,-72.26672118",1.0,3.0
u45,2013-04-02 10:42:53,8.0,"43.69882328,-72.28230081",1.0,3.0
u45,2013-04-02 18:11:09,8.0,"43.71781156,-72.30693846",2.0,3.0
u45,2013-04-04 00:50:55,6.0,"43.70882663,-72.28289559",1.0,1.0
u45,2013-04-04 19:19:04,8.0,"43.70367932,-72.28347928",1.0,1.0
u45,2013-04-05 18:10:05,8.0,"43.70944275,-72.2839016",1.0,1.0
u45,2013-04-08 18:05:54,8.0,"43.70920909,-72.28400858",1.0,1.0
u45,2013-04-12 18:15:01,6.0,"43.70934347,-72.28408449",1.0,1.0
u45,2013-04-13 19:10:28,8.0,"43.71759725,-72.30740769",1.0,1.0
u45,2013-05-06 18:56:47,8.0,"43.70919686,-72.28357429",1.0,1.0
u45,2013-05-14 20:15:40,9.0,"43.70679514,-72.28655298",1.0,1.0
u45,2013-05-15 18:08:02,8.0,"43.70355938,-72.28766844",1.0,1.0
u46,2013-04-01 00:20:26,9.0,"43.70651948,-72.28796088",1.0,1.0
u46,2013-04-03 16:19:26,7.0,"43.70433137,-72.29699785",2.0,1.0
u46,2013-04-01 17:01:04,5.0,"43.70105311,-72.28963051",3.0,1.0
u46,2013-04-01 20:20:33,6.0,"43.7044068,-72.28971584",3.0,1.0
u46,2013-04-03 17:13:23,7.0,"43.70509059,-72.29282176",2.0,1.0
u46,2013-04-02 18:00:47,7.0,"43.70508503,-72.28998507",2.0,2.0
u46,2013-04-03 22:10:03,7.0,"43.70675529,-72.28728531",2.0,1.0
u46,2013-04-05 17:05:31,5.0,"43.70460768,-72.29552697",3.0,1.0
u46,2013-04-06 21:47:26,8.0,"43.70443306,-72.29711671",2.0,2.0
u46,2013-04-07 18:10:36,7.0,"43.70589876,-72.28814521",2.0,1.0
u46,2013-04-08 17:50:44,6.0,"43.70551407,-72.2896007",2.0,2.0
u46,2013-04-10 17:54:47,7.0,"43.70417591,-72.29706744",3.0,2.0
u46,2013-04-12 17:09:01,6.0,"43.70450188,-72.2971835",3.0,1.0
u46,2013-04-15 18:08:18,3.0,"43.70757846,-72.28529267",4.0,1.0
u46,2013-04-15 16:34:35,3.0,"43.70520754,-72.29021202",4.0,1.0
u46,2013-04-17 18:47:24,7.0,"43.70424679,-72.29701855",3.0,3.0
u46,2013-04-18 17:30:41,6.0,"43.70513005,-72.29196685",3.0,4.0
u46,2013-04-25 05:51:57,9.0,"43.70578178,-72.28774369",1.0,1.0
u46,2013-04-26 17:00:25,6.0,"43.70525386,-72.29094429",1.0,1.0
u46,2013-04-29 17:45:06,6.0,"43.70439006,-72.29698883",1.0,1.0
u46,2013-05-01 17:04:40,6.0,"43.704172989999996,-72.29619323",2.0,1.0
u46,2013-05-03 17:54:25,5.0,"43.70752624,-72.28644491",3.0,1.0
u46,2013-05-06 17:53:10,6.0,"43.70526124,-72.2914827",2.0,1.0
u47,2013-03-29 17:59:41,8.0,Unknown,1.0,1.0
u47,2013-03-29 09:08:04,9.0,Unknown,1.0,1.0
u47,2013-03-30 20:09:56,8.0,Unknown,2.0,2.0
u47,2013-03-31 17:14:07,4.0,"43.681593937799335,-72.32194008305669",2.0,2.0
u47,2013-04-01 17:55:35,6.0,"43.70706360787153,-72.28679325431585",2.0,3.0
u47,2013-04-21 19:48:55,9.0,"43.68149109184742,-72.32198987156153",1.0,1.0
u47,2013-05-21 17:37:02,7.0,"43.68146347347647,-72.32229606248438",2.0,1.0
u47,2013-05-23 17:31:20,7.0,"43.68152252398431,-72.32199875637889",2.0,1.0
u47,2013-05-27 17:03:09,1.0,"43.6820404836908,-72.3214628174901",1.0,1.0
u49,2013-03-29 18:02:59,5.0,"43.70291176631045,-72.28730966605328",3.0,1.0
u49,2013-03-29 22:03:53,4.0,"43.70267879651378,-72.29108858322432",3.0,1.0
u49,2013-03-30 18:13:16,9.0,"43.706964558218715,-72.29087324241945",1.0,1.0
u49,2013-03-31 17:43:13,2.0,"43.70706300122456,-72.29071133138713",3.0,2.0
u49,2013-04-01 17:55:25,5.0,"43.70710977403523,-72.29060104667536",2.0,1.0
u49,2013-04-02 18:44:14,3.0,"43.70338315129848,-72.2868059778217",3.0,2.0
u49,2013-04-03 18:04:22,4.0,"43.703158651028865,-72.2870008394822",4.0,1.0
u49,2013-04-04 22:03:34,3.0,"43.70713554237899,-72.29075818191895",3.0,1.0
u49,2013-04-05 18:02:36,6.0,"43.70724971989739,-72.29065322458139",2.0,2.0
u49,2013-04-07 19:05:03,10.0,"42.370239251465904,-71.10342783989697",1.0,1.0
u49,2013-04-06 21:40:37,7.0,Unknown,2.0,1.0
u49,2013-04-08 18:02:21,3.0,"43.708982659046605,-72.2843149049884",4.0,1.0
u49,2013-04-09 18:01:40,5.0,"43.70714428609825,-72.29067048599494",2.0,1.0
u49,2013-04-10 17:59:44,3.0,"43.70321966184834,-72.2876130893634",3.0,1.0
u49,2013-04-11 19:21:35,3.0,"43.707237451704,-72.29060946718205",4.0,1.0
u49,2013-04-13 17:31:08,8.0,"43.70729028288569,-72.29073884084035",2.0,2.0
u49,2013-04-14 18:03:30,6.0,"43.70719365486746,-72.29071570807986",2.0,1.0
u49,2013-04-17 18:02:05,5.0,"43.707216948298175,-72.29069947820092",2.0,2.0
u49,2013-04-18 19:00:31,6.0,"43.70394738046085,-72.289129704774",1.0,1.0
u49,2013-04-20 19:17:13,7.0,"43.707155363146875,-72.29064042453753",1.0,3.0
u49,2013-04-21 17:05:28,3.0,"43.70730819178383,-72.29083098682922",4.0,3.0
u49,2013-04-22 18:04:30,7.0,"43.70752456576272,-72.29012686100621",2.0,2.0
u49,2013-04-24 20:28:35,4.0,"43.70383361977115,-72.28747730662586",3.0,3.0
u49,2013-04-29 02:28:05,8.0,Unknown,1.0,1.0
u49,2013-05-01 22:10:33,4.0,Unknown,2.0,3.0
u49,2013-05-03 18:01:44,8.0,"43.70714137897134,-72.29071016037413",2.0,1.0
u49,2013-05-10 20:10:04,11.0,"43.70578575320415,-72.28875349174373",1.0,1.0
u49,2013-05-13 19:08:17,9.0,"43.70377306642512,-72.28776140116048",1.0,1.0
u49,2013-05-06 19:01:52,5.0,Unknown,2.0,2.0
u49,2013-05-12 17:38:16,15.0,Unknown,2.0,4.0
u49,2013-05-10 18:01:21,11.0,"43.70809230725667,-72.28412694395998",1.0,1.0
u49,2013-05-04 22:01:14,10.0,"43.707177072888065,-72.29092730930216",1.0,1.0
u49,2013-05-07 17:52:56,4.0,"43.70565234028792,-72.28963802288838",2.0,1.0
u49,2013-05-13 02:53:33,15.0,"43.64049900762078,-72.21764057956567",2.0,4.0
u49,2013-05-18 17:55:03,15.0,"43.70721291407551,-72.29065928006904",1.0,1.0
u49,2013-05-19 17:40:57,3.0,"43.70717475496306,-72.29062391735162",2.0,2.0
u49,2013-05-21 18:05:40,15.0,"43.70542558639555,-72.28802614647891",1.0,2.0
u49,2013-05-24 07:56:01,5.0,"43.70705546477196,-72.29062002318801",2.0,2.0
u49,2013-05-27 01:00:11,9.0,"43.70510624689851,-72.29518489609907",1.0,2.0
u49,2013-05-30 18:52:17,7.0,"43.70722963681916,-72.29095809155727",1.0,1.0
u49,2013-05-31 07:53:08,7.0,"43.707175423533876,-72.29072460503018",1.0,1.0
u50,2013-04-02 18:40:29,7.0,"43.70554895,-72.28311931",2.0,2.0
u50,2013-04-01 02:05:32,7.0,"43.70649263,-72.28726854",3.0,2.0
u50,2013-04-01 18:10:33,7.0,"43.70876539,-72.28425377",2.0,1.0
u50,2013-04-03 21:29:53,9.0,"43.70556326,-72.28323358",2.0,1.0
u50,2013-04-08 17:46:59,6.0,"43.70552061,-72.28323748",2.0,1.0
u50,2013-05-13 19:10:29,5.0,"43.70655981,-72.28696346",2.0,1.0
u51,2013-03-28 18:20:12,7.0,"43.70319647,-72.28913653",2.0,1.0
u51,2013-03-29 18:06:21,7.0,"43.70272665,-72.28765604",2.0,1.0
u51,2013-04-02 19:51:41,7.0,"43.70656531,-72.28745368",2.0,2.0
u51,2013-04-03 21:57:05,8.0,"43.6934635,-72.28444421",3.0,3.0
u51,2013-04-01 17:30:32,5.0,"43.70635724,-72.28698976",3.0,1.0
u51,2013-04-04 17:54:41,7.0,"43.69361617,-72.28418761",3.0,1.0
u51,2013-04-05 17:54:30,7.0,"43.6944476,-72.28377596",2.0,4.0
u51,2013-04-06 23:47:54,8.0,"43.63775583,-72.27461681",2.0,1.0
u51,2013-04-07 19:22:18,7.0,"43.69250465,-72.28607875",2.0,1.0
u51,2013-04-08 19:08:14,6.0,"43.69392162,-72.28463368",3.0,3.0
u51,2013-04-09 20:28:50,8.0,"43.69406201,-72.28421537",1.0,1.0
u51,2013-04-11 19:11:10,8.0,"43.70644132,-72.28719247",1.0,1.0
u51,2013-04-12 18:17:51,6.0,"43.70174619,-72.28933834",2.0,1.0
u51,2013-04-13 19:10:23,8.0,"43.70664201,-72.28687051",1.0,1.0
u51,2013-04-15 18:18:26,8.0,Unknown,1.0,1.0
u51,2013-04-16 22:30:24,7.0,"43.69449058,-72.28438757",2.0,1.0
u51,2013-04-17 19:18:33,6.0,"43.70763358,-72.28826433",2.0,1.0
u51,2013-04-21 22:41:10,8.0,"43.70647457,-72.28694116",1.0,1.0
u51,2013-04-22 18:49:32,8.0,"43.70639016,-72.28683325",1.0,1.0
u51,2013-04-29 17:56:27,5.0,"43.70655557,-72.28705565",1.0,1.0
u51,2013-04-30 23:52:00,6.0,"43.70429267,-72.28766204",3.0,1.0
u51,2013-05-12 10:59:02,1.0,Unknown,1.0,1.0
u51,2013-05-03 20:50:49,6.0,"43.70813836,-72.28349752",1.0,1.0
u51,2013-05-09 17:56:43,9.0,"43.70555413,-72.28776555",2.0,1.0
u51,2013-05-11 20:00:32,9.0,"43.70558487,-72.28330142",2.0,1.0
u51,2013-05-20 18:27:18,13.0,"43.7065055,-72.28685125",2.0,1.0
u51,2013-05-21 18:56:36,8.0,"43.708082,-72.28348521",2.0,1.0
u51,2013-05-31 17:46:28,11.0,"43.70642775,-72.28707311",2.0,1.0
u51,2013-05-26 23:12:36,7.0,"44.8133656,-71.88147691",3.0,1.0
u51,2013-05-28 17:46:26,1.0,"43.70654371,-72.28756387",4.0,1.0
u51,2013-05-29 17:03:11,1.0,"43.70738663,-72.28550615",1.0,1.0
u51,2013-05-30 19:51:56,9.0,"43.70820579,-72.28342416",2.0,1.0
u51,2013-05-30 19:54:12,9.0,"43.70820579,-72.28342416",2.0,1.0
u51,2013-06-03 17:32:54,9.0,"43.65737758,-72.24507738",3.0,1.0
u52,2013-03-28 17:40:04,8.0,"43.70714838333333,-72.2890624",1.0,3.0
u52,2013-03-29 17:40:55,8.0,"43.707167749999996,-72.28905748333334",1.0,2.0
u52,2013-04-01 17:45:36,10.0,"43.7069961,-72.28911515",1.0,1.0
u52,2013-03-30 20:33:42,10.0,"43.7071966,-72.28920046666667",1.0,2.0
u52,2013-04-03 17:46:38,8.0,"43.70699236666667,-72.28822946666666",1.0,2.0
u52,2013-04-02 17:07:50,8.0,"43.70716975,-72.28908595",1.0,2.0
u52,2013-04-04 17:36:47,8.0,"43.70723535,-72.28908265",2.0,2.0
u52,2013-04-05 15:02:55,6.0,"43.70731333333333,-72.288977",1.0,2.0
u52,2013-04-06 18:56:10,6.0,"43.70711195,-72.2887552",1.0,2.0
u52,2013-04-05 17:50:39,6.0,"43.70726283333333,-72.2891943",2.0,1.0
u52,2013-04-07 17:00:14,6.0,"43.707120483333334,-72.28906238333333",1.0,1.0
u52,2013-04-08 17:41:25,6.0,"43.7069932,-72.28924686666667",1.0,1.0
u52,2013-04-09 17:49:05,9.0,"43.70702141666666,-72.2891163",1.0,1.0
u52,2013-04-10 18:22:16,7.0,"43.707149566666665,-72.28889988333333",2.0,1.0
u52,2013-04-11 17:20:23,4.0,"43.7067482,-72.28869738333333",1.0,1.0
u52,2013-04-16 17:00:28,9.0,"43.70736665,-72.28907893333333",1.0,1.0
u52,2013-04-12 17:10:45,4.0,"43.707215033333334,-72.28899075",1.0,1.0
u52,2013-04-13 19:21:56,10.0,"43.70730386666666,-72.28898323333334",1.0,1.0
u52,2013-04-15 17:38:16,9.0,"43.707110916666664,-72.2889554",1.0,1.0
u52,2013-04-18 17:20:48,9.0,"43.70732821666667,-72.2888843",2.0,1.0
u52,2013-04-23 17:03:06,7.0,"43.70723795,-72.2891303",1.0,2.0
u52,2013-04-30 17:46:01,9.0,"43.706983533333336,-72.28911598333333",2.0,1.0
u52,2013-05-16 17:54:25,1.0,"43.707203316666664,-72.28909996666667",2.0,1.0
u53,2013-04-01 06:22:50,7.0,"43.01169329,-71.43624899",1.0,4.0
u53,2013-03-27 23:51:35,7.0,"43.70811876,-72.28377339",2.0,2.0
u53,2013-03-28 19:58:22,8.0,"43.70763263,-72.28367016",2.0,1.0
u53,2013-03-29 17:00:37,6.0,"43.7055685,-72.28308516",2.0,2.0
u53,2013-03-30 21:19:50,7.0,"43.70607996,-72.28326095",2.0,2.0
u53,2013-04-01 17:00:45,6.0,"43.70551291,-72.2829453",3.0,4.0
u53,2013-04-02 19:20:18,6.0,Unknown,3.0,3.0
u53,2013-04-03 17:00:40,6.0,"43.70550108,-72.28299966",2.0,2.0
u53,2013-04-04 20:09:35,8.0,"43.70570298,-72.28380439",1.0,2.0
u53,2013-04-07 18:43:07,7.0,"43.70562814,-72.28314742",2.0,2.0
u53,2013-04-05 18:05:07,5.0,"43.70652295,-72.28353758",3.0,2.0
u53,2013-04-08 17:21:38,5.0,"43.70559102,-72.283134",3.0,1.0
u53,2013-04-13 22:54:41,7.0,"43.70601049,-72.28324145",2.0,3.0
u53,2013-04-10 05:42:09,7.0,"43.70654535,-72.28726046",2.0,1.0
u53,2013-04-11 12:26:44,6.0,"43.70574233,-72.28292602",3.0,2.0
u53,2013-04-11 18:27:37,5.0,"43.70566,-72.28310143",3.0,2.0
u53,2013-04-12 17:50:09,0.0,"43.70553885,-72.28310724",4.0,1.0
u53,2013-04-19 02:03:54,6.0,"43.7078922,-72.2846612",3.0,1.0
u53,2013-04-24 21:35:17,7.0,"43.70574235,-72.28345072",2.0,2.0
u53,2013-04-29 17:00:37,1.0,"43.70548373,-72.28317973",4.0,2.0
u53,2013-04-25 17:00:37,6.0,"43.7054985,-72.28342604",3.0,3.0
u53,2013-04-26 17:01:02,6.0,"43.70551487,-72.28310072",3.0,3.0
u53,2013-05-03 18:15:25,6.0,"43.70534469,-72.28302556",3.0,3.0
u53,2013-05-14 19:46:50,11.0,"43.70627213,-72.28360055",4.0,4.0
u53,2013-05-06 18:04:50,5.0,"43.70561941,-72.28349203",3.0,1.0
u53,2013-05-10 19:33:37,5.0,"43.70543702,-72.28333228",3.0,1.0
u53,2013-05-13 17:37:56,19.0,"43.70524461,-72.28176559",4.0,3.0
u53,2013-05-15 18:03:31,15.0,"43.70356722,-72.28685775",4.0,4.0
u53,2013-05-17 18:00:17,7.0,"43.70547682,-72.28319797",2.0,3.0
u53,2013-05-20 17:31:10,1.0,"43.70530656,-72.28304653",4.0,1.0
u53,2013-05-27 18:30:47,7.0,"43.70549434,-72.28301503",2.0,1.0
u54,2013-03-28 17:01:16,5.0,"43.70413881,-72.29529625",3.0,2.0
u54,2013-03-30 08:27:32,6.0,"43.70508892,-72.29181124",2.0,1.0
u54,2013-03-31 18:11:15,4.0,"41.55404933,-73.03993472",3.0,4.0
u54,2013-04-05 17:18:54,5.0,"43.70607312,-72.28941569",3.0,2.0
u54,2013-04-10 01:34:20,5.0,"42.99131275,-89.56850017",3.0,2.0
u54,2013-04-11 18:39:46,8.0,Unknown,1.0,1.0
u54,2013-04-12 18:09:20,5.0,"43.70825863,-72.28467568",3.0,2.0
u54,2013-04-14 19:24:27,6.0,"43.70684315,-72.28727941",2.0,1.0
u54,2013-04-15 17:18:18,7.0,"43.70684315,-72.28727941",1.0,1.0
u54,2013-04-16 17:16:35,6.0,"43.70684315,-72.28727941",1.0,1.0
u54,2013-04-17 18:16:10,4.0,"43.70611494,-72.28821312",3.0,1.0
u54,2013-04-21 20:03:48,6.0,Unknown,2.0,1.0
u56,2013-04-08 17:18:23,8.0,"43.01433773,-72.34858847",3.0,1.0
u56,2013-04-08 00:41:55,11.0,"43.01433773,-72.34858847",2.0,1.0
u56,2013-04-09 18:28:25,8.0,"43.71653168,-72.30894632",2.0,1.0
u56,2013-04-17 18:37:42,9.0,"43.716875,-72.30895436",2.0,1.0
u56,2013-04-10 18:42:33,9.0,"43.71677665,-72.30926871",2.0,1.0
u56,2013-04-12 18:27:10,7.0,"43.71657251,-72.30919906",2.0,1.0
u56,2013-04-14 19:23:54,9.0,"43.71627839,-72.30889068",2.0,1.0
u56,2013-04-15 18:40:33,7.0,"43.71660508,-72.30929384",2.0,1.0
u56,2013-04-16 19:31:52,8.0,"43.71670486,-72.3094297",2.0,1.0
u56,2013-04-25 00:54:31,9.0,"43.71672365,-72.30903137",1.0,1.0
u56,2013-04-23 18:45:26,9.0,"43.71655956,-72.30945355",1.0,1.0
u56,2013-04-30 18:19:39,7.0,"43.71666435,-72.30919789",2.0,1.0
u56,2013-05-04 18:00:26,9.0,"43.71658244,-72.30905302",2.0,1.0
u56,2013-05-13 17:44:26,11.0,"43.70208989,-72.28979429",2.0,1.0
u56,2013-05-12 18:03:50,13.0,"43.71640652,-72.30895431",2.0,1.0
u56,2013-05-20 00:09:18,13.0,Unknown,2.0,1.0
u56,2013-05-21 18:29:00,12.0,"43.71651778,-72.30921291",2.0,1.0
u56,2013-05-22 17:51:15,9.0,"43.71678342,-72.30920877",3.0,1.0
u56,2013-05-24 17:36:37,9.0,"43.71639448,-72.30914987",2.0,1.0
u56,2013-05-29 17:08:58,11.0,"43.716389,-72.30925305",2.0,1.0
u56,2013-06-05 18:54:11,7.0,Unknown,3.0,1.0
u57,2013-03-30 18:02:23,5.0,"43.70716466,-72.28877446",2.0,1.0
u57,2013-03-27 18:01:23,9.0,"43.70283143,-72.28972714",1.0,1.0
u57,2013-03-28 18:00:16,7.0,"43.70695709,-72.2889774",2.0,1.0
u57,2013-03-29 17:13:22,9.0,"43.70719154,-72.28893742",2.0,1.0
u57,2013-03-31 17:06:09,7.0,"43.70699391,-72.28861928",2.0,1.0
u57,2013-04-02 17:17:31,7.0,"43.7070462,-72.28848992",1.0,1.0
u57,2013-04-01 17:00:27,8.0,"43.70703349,-72.28843848",1.0,1.0
u57,2013-04-03 17:01:39,7.0,"43.70726477,-72.28852991",2.0,1.0
u57,2013-04-04 17:44:48,7.0,"43.7070314,-72.28839927",1.0,1.0
u57,2013-04-05 17:00:29,7.0,"43.70707371,-72.28883426",2.0,1.0
u57,2013-04-07 00:08:42,5.0,Unknown,3.0,1.0
u57,2013-04-08 00:03:49,7.0,Unknown,3.0,2.0
u57,2013-04-08 17:25:53,5.0,"42.23578722,-83.33754082",3.0,1.0
u57,2013-04-09 18:21:53,9.0,"43.70719012,-72.2888733",1.0,2.0
u57,2013-04-10 17:17:18,8.0,"43.70725349,-72.28839747",1.0,1.0
u57,2013-04-11 17:13:06,8.0,"43.70712725,-72.28845074",2.0,1.0
u57,2013-04-13 06:04:12,9.0,"43.70706396,-72.28897457",2.0,1.0
u57,2013-04-13 17:20:22,7.0,"43.70705136,-72.28843485",2.0,1.0
u57,2013-04-14 17:00:31,9.0,"43.70716593,-72.28890086",2.0,1.0
u57,2013-04-15 17:26:23,8.0,"43.70723585,-72.28841302",3.0,1.0
u57,2013-04-16 18:21:40,8.0,"43.70717627,-72.28852962",2.0,1.0
u57,2013-04-17 19:27:51,6.0,"43.70729692,-72.2885815",4.0,1.0
u57,2013-04-18 17:31:11,10.0,"43.70692919,-72.28846759",1.0,1.0
u57,2013-04-20 18:49:06,5.0,"43.81122389,-72.15728455",2.0,1.0
u57,2013-04-21 17:27:21,5.0,"43.70716806,-72.28866449",2.0,1.0
u57,2013-04-23 19:05:01,8.0,"43.70701255,-72.28865971",1.0,1.0
u57,2013-04-22 17:26:17,8.0,"43.70721595,-72.28866405",2.0,1.0
u57,2013-04-24 17:38:25,5.0,"43.70712999,-72.28865702",1.0,1.0
u57,2013-04-27 20:12:00,6.0,"43.70488035,-72.29116269",2.0,1.0
u57,2013-04-29 23:32:50,6.0,"43.70713458,-72.2881041",2.0,1.0
u57,2013-04-30 17:26:21,5.0,"43.70722552,-72.28844694",3.0,2.0
u57,2013-05-01 17:33:09,6.0,"43.70710859,-72.2886006",3.0,1.0
u57,2013-05-02 17:38:28,8.0,"43.70711822,-72.28858793",2.0,1.0
u57,2013-05-05 17:49:26,6.0,"43.70709725,-72.28867937",2.0,1.0
u57,2013-05-14 17:34:49,10.0,"43.70711182,-72.28819371",2.0,1.0
u57,2013-05-09 17:33:29,10.0,"43.70706783,-72.2885488",1.0,1.0
u57,2013-05-13 17:32:12,12.0,"43.70473921,-72.28950019",1.0,1.0
u57,2013-05-15 17:56:10,9.0,"43.7071288,-72.28941802",2.0,1.0
u57,2013-05-07 17:31:42,7.0,"43.70689213,-72.28923384",2.0,1.0
u57,2013-05-06 18:04:47,10.0,"43.70701678,-72.2889594",1.0,1.0
u57,2013-05-10 17:31:27,11.0,"43.7070207,-72.28830805",2.0,1.0
u57,2013-05-08 17:32:05,8.0,"43.70699407,-72.28841365",2.0,1.0
u57,2013-05-04 19:12:53,6.0,"43.70705911,-72.28865321",2.0,1.0
u57,2013-05-12 18:01:06,9.0,"43.70708212,-72.28839628",2.0,1.0
u57,2013-05-16 18:34:38,11.0,"43.70696151,-72.28906057",1.0,1.0
u57,2013-05-19 18:19:58,9.0,"43.70673718,-72.28846184",2.0,1.0
u57,2013-05-17 17:43:11,12.0,"43.70719384,-72.28862744",3.0,1.0
u57,2013-05-18 19:40:42,5.0,"43.70703477,-72.28857214",3.0,1.0
u57,2013-05-20 17:46:54,9.0,"43.70304196,-72.28932574",3.0,1.0
u57,2013-05-21 17:38:04,9.0,"43.70668699,-72.28726705",2.0,1.0
u57,2013-05-22 17:32:56,9.0,"43.70721163,-72.28886462",2.0,1.0
u57,2013-05-23 17:31:22,10.0,"43.707001,-72.28873383",2.0,1.0
u57,2013-05-24 17:31:33,7.0,"43.70696068,-72.28886495",2.0,1.0
u57,2013-05-31 17:28:50,1.0,"43.7066534,-72.28722533",1.0,1.0
u57,2013-05-25 17:19:23,5.0,"43.70722646,-72.28884523",2.0,1.0
u57,2013-05-26 17:04:25,3.0,"43.70636826,-72.286902",2.0,1.0
u57,2013-05-28 17:04:38,3.0,"43.70708929,-72.28882886",4.0,1.0
u57,2013-06-03 18:16:28,7.0,"43.70710587,-72.28884407",2.0,1.0
u57,2013-06-04 18:56:03,6.0,"43.70713643,-72.28841499",2.0,1.0
u57,2013-06-01 19:09:42,2.0,"43.70712821,-72.2934383",1.0,1.0
u57,2013-06-02 18:52:59,17.0,"43.70723573,-72.28867028",1.0,1.0
u58,2013-04-02 19:03:37,8.0,"43.70639445,-72.28323712",1.0,1.0
u58,2013-03-27 18:01:04,7.0,"43.70627218,-72.28333302",1.0,1.0
u58,2013-03-28 17:17:24,8.0,"43.70617293,-72.28327461",1.0,1.0
u58,2013-03-30 17:01:56,8.0,"43.70612988,-72.28356362",2.0,1.0
u58,2013-04-03 17:46:03,7.0,"43.70600978,-72.28338065",1.0,1.0
u58,2013-04-04 21:16:47,6.0,"43.21727104,-71.51690358",3.0,1.0
u58,2013-04-05 17:14:26,7.0,"43.7060012,-72.28342579",1.0,1.0
u58,2013-04-06 18:12:24,9.0,"43.7061659,-72.28313333",3.0,1.0
u58,2013-04-07 17:01:02,8.0,"43.70625895,-72.28337644",3.0,1.0
u58,2013-04-08 17:06:20,8.0,"43.70599626,-72.28334711",1.0,1.0
u58,2013-04-09 17:00:33,7.0,"43.70609411,-72.28319345",1.0,1.0
u58,2013-04-10 18:45:57,9.0,"43.70890949,-72.2841238",1.0,1.0
u58,2013-04-17 17:04:22,7.0,"43.70622518,-72.28344042",1.0,1.0
u58,2013-04-12 17:23:49,7.0,"43.70618903,-72.28346668",1.0,1.0
u58,2013-04-11 17:04:09,6.0,"42.86228385,-71.33636761",3.0,1.0
u58,2013-04-13 17:19:19,9.0,"43.70632,-72.28343388",1.0,1.0
u58,2013-04-18 17:00:32,5.0,Unknown,3.0,1.0
u58,2013-04-14 21:04:16,8.0,"43.70620341,-72.28324609",1.0,1.0
u58,2013-04-15 15:43:23,8.0,"43.70614789,-72.28254586",1.0,1.0
u58,2013-04-15 17:02:53,8.0,"43.70614305,-72.28318355",1.0,1.0
u58,2013-04-16 20:39:49,7.0,"43.62901677,-72.34275418",4.0,1.0
u58,2013-04-19 19:01:40,4.0,Unknown,1.0,1.0
u58,2013-04-21 01:10:14,6.0,"43.70608079,-72.2835322",1.0,1.0
u58,2013-04-22 19:40:43,7.0,"43.70613719,-72.28278203",1.0,1.0
u58,2013-04-24 18:00:20,6.0,"43.70593948,-72.28355406",2.0,1.0
u58,2013-04-23 17:45:51,6.0,"43.70627936,-72.28313143",2.0,1.0
u58,2013-04-28 19:19:49,7.0,"43.70610441,-72.28297412",1.0,1.0
u58,2013-04-27 17:00:21,7.0,"43.70597848,-72.2832227",1.0,1.0
u58,2013-04-26 20:36:35,6.0,"43.70607141,-72.28335077",1.0,1.0
u58,2013-04-28 02:09:59,7.0,"43.70611602,-72.28317591",1.0,1.0
u58,2013-04-29 17:48:50,6.0,"43.70606283,-72.28298399",1.0,1.0
u58,2013-04-30 19:18:49,6.0,"43.70618385,-72.28323613",1.0,1.0
u58,2013-05-01 18:12:49,6.0,"43.70585176,-72.28246994",1.0,1.0
u58,2013-05-03 18:07:54,5.0,"43.70767327,-72.28320151",1.0,1.0
u58,2013-05-10 18:30:37,7.0,"43.70588745,-72.28336192",3.0,1.0
u58,2013-05-11 18:12:12,14.0,"43.70609508,-72.28335958",1.0,1.0
u58,2013-05-15 17:31:40,10.0,"43.70624549,-72.28318405",1.0,1.0
u58,2013-05-15 17:17:17,10.0,"43.70624549,-72.28318405",1.0,1.0
u58,2013-05-04 18:19:25,8.0,"43.70620149,-72.28355244",1.0,1.0
u58,2013-05-06 18:00:02,5.0,"43.70775556,-72.2838034",2.0,1.0
u58,2013-05-12 20:34:55,11.0,"43.70647378,-72.28294033",1.0,1.0
u58,2013-05-07 19:23:41,5.0,"43.70601095,-72.28337169",1.0,1.0
u58,2013-05-14 18:37:15,7.0,"43.70609946,-72.28325533",1.0,1.0
u58,2013-05-16 17:38:00,6.0,"43.70636044,-72.28306652",1.0,1.0
u58,2013-05-09 18:51:26,5.0,"43.70624133,-72.28352977",3.0,1.0
u58,2013-05-13 17:31:22,4.0,"43.70599042,-72.28304403",3.0,1.0
u58,2013-05-17 19:54:03,9.0,"43.70615341,-72.28335377",1.0,1.0
u58,2013-05-18 18:31:42,9.0,"43.7060472,-72.28349708",1.0,1.0
u58,2013-05-19 17:53:58,9.0,"43.7061924,-72.28343594",4.0,1.0
u58,2013-05-20 19:02:36,6.0,"43.70610364,-72.2832551",2.0,1.0
u58,2013-05-21 18:01:07,7.0,"43.70643881,-72.28337391",1.0,1.0
u58,2013-05-22 17:31:11,9.0,"43.70600359,-72.28320712",2.0,1.0
u58,2013-05-28 17:49:35,9.0,"43.70621114,-72.28339883",2.0,1.0
u58,2013-05-30 17:42:09,7.0,"43.7079224,-72.28383182",4.0,1.0
u58,2013-05-25 18:44:09,9.0,"43.70636966,-72.283314",1.0,1.0
u58,2013-05-27 17:17:27,7.0,"43.70623425,-72.28276296",1.0,1.0
u58,2013-05-29 17:50:36,5.0,"43.70618821,-72.28324607",1.0,1.0
u58,2013-06-01 18:03:42,7.0,"43.70608901,-72.28328485",1.0,1.0
u59,2013-04-01 23:51:00,5.0,"43.70351572,-72.28960285",2.0,2.0
u59,2013-03-27 03:44:54,8.0,"43.70600279420614,-72.28865772485733",2.0,1.0
u59,2013-03-29 16:53:52,6.0,"43.702606027945876,-72.2895226534456",2.0,2.0
u59,2013-03-27 16:17:34,5.0,"43.704553940333426,-72.28965441696346",2.0,2.0
u59,2013-03-29 18:07:31,6.0,"43.702606027945876,-72.2895226534456",2.0,2.0
u59,2013-03-28 18:03:23,4.0,"43.702606027945876,-72.2895226534456",3.0,2.0
u59,2013-03-30 23:38:57,10.0,"43.70693783,-72.28746398",1.0,2.0
u59,2013-03-31 07:28:27,10.0,"43.70295231,-72.29014782",1.0,2.0
u59,2013-03-30 19:31:15,8.0,Unknown,2.0,2.0
u59,2013-04-01 02:48:12,9.0,"43.7025121,-72.28898705",2.0,2.0
u59,2013-04-02 17:57:51,4.0,"43.70348925,-72.28865624",3.0,2.0
u59,2013-04-01 17:53:06,6.0,"43.70437719,-72.28801048",2.0,3.0
u59,2013-04-03 16:22:09,5.0,"43.7052441,-72.29056065",2.0,2.0
u59,2013-04-03 17:07:40,5.0,"43.70572549,-72.29076597",2.0,2.0
u59,2013-04-02 20:54:40,7.0,"43.70348925,-72.28865624",2.0,1.0
u59,2013-04-04 17:58:48,5.0,"43.7035497,-72.28791333",2.0,2.0
u59,2013-04-04 16:57:12,5.0,"43.70385188,-72.28719243",2.0,1.0
u59,2013-04-05 00:44:17,5.0,"43.705932260490954,-72.28973739780486",2.0,2.0
u59,2013-04-05 16:00:34,3.0,"43.705437518656254,-72.29089770466089",2.0,2.0
u59,2013-04-08 17:00:47,4.0,"43.705850495025516,-72.29117003269494",3.0,2.0
u59,2013-04-05 23:44:04,3.0,"43.70550360996276,-72.29067164473236",2.0,2.0
u59,2013-04-05 17:56:08,3.0,"43.70563575066626,-72.28763739578426",3.0,2.0
u59,2013-04-07 00:17:14,10.0,"43.70573427993804,-72.2908112872392",1.0,2.0
u59,2013-04-08 04:01:47,7.0,"43.703208435326815,-72.29068145155907",2.0,2.0
u59,2013-04-11 17:54:59,5.0,"43.703053118661046,-72.28771945461631",2.0,1.0
u59,2013-04-09 16:05:02,6.0,"43.70414901059121,-72.28755131363869",2.0,2.0
u59,2013-04-10 17:21:16,6.0,"43.70562917087227,-72.29097867384553",2.0,1.0
u59,2013-04-10 02:56:07,7.0,Unknown,2.0,2.0
u59,2013-04-11 16:56:47,5.0,"43.70402131229639,-72.28727504611015",2.0,1.0
u59,2013-04-12 17:52:44,6.0,"43.70402202475816,-72.28741058148444",3.0,2.0
u59,2013-04-12 03:55:21,5.0,Unknown,3.0,4.0
u59,2013-04-15 17:56:31,4.0,"43.70289662852883,-72.28997561149299",2.0,1.0
u59,2013-04-13 20:26:38,9.0,Unknown,1.0,1.0
u59,2013-04-13 03:37:59,6.0,"43.70286871679127,-72.2912011295557",2.0,3.0
u59,2013-04-16 00:17:43,4.0,Unknown,2.0,3.0
u59,2013-04-17 17:51:37,0.0,"43.70402395259589,-72.28720606304705",4.0,3.0
u59,2013-04-18 17:01:18,6.0,"43.70423106942326,-72.28727990761399",3.0,2.0
u59,2013-04-19 15:58:56,6.0,"43.703944282606244,-72.28723866865039",2.0,1.0
u59,2013-04-20 23:47:52,7.0,"43.702826388180256,-72.29127505794168",2.0,2.0
u59,2013-04-29 15:59:18,2.0,"43.704183753579855,-72.28855940513313",4.0,1.0
u59,2013-04-22 17:54:51,5.0,"43.70403212495148,-72.28753563947976",3.0,2.0
u59,2013-04-23 17:41:39,0.0,"43.7041941890493,-72.28825522586703",4.0,4.0
u59,2013-04-24 20:46:49,13.0,Unknown,1.0,1.0
u59,2013-04-25 19:40:17,4.0,"43.7066536070779,-72.28823712095618",2.0,1.0
u59,2013-04-30 17:00:39,0.0,Unknown,4.0,4.0
u59,2013-04-29 17:54:46,2.0,"43.704183753579855,-72.28855940513313",4.0,2.0
u59,2013-05-02 17:55:41,5.0,"43.703525606542826,-72.28842906653881",1.0,1.0
u59,2013-05-03 05:01:13,5.0,"43.70568541344255,-72.29091857559979",2.0,1.0
u59,2013-05-09 17:54:05,9.0,"43.7037179293111,-72.28826511651278",2.0,2.0
u59,2013-05-03 20:04:31,8.0,"43.705528462305665,-72.29130095802248",3.0,2.0
u59,2013-05-06 18:01:41,3.0,"43.70550696272403,-72.28745399974287",2.0,2.0
u59,2013-05-12 18:48:18,4.0,"29.90291280671954,-90.0272652413696",3.0,4.0
u59,2013-05-09 01:49:57,1.0,Unknown,3.0,2.0
u59,2013-05-07 16:57:58,5.0,"43.705429220572114,-72.29127271100879",3.0,2.0
u59,2013-05-11 17:33:52,5.0,"33.64048871677369,-84.43573283962905",3.0,4.0
u59,2013-05-15 18:03:08,12.0,"43.70381080079824,-72.28889644145966",1.0,1.0
u59,2013-05-18 00:03:59,2.0,"43.70531283784658,-72.28896860964596",2.0,2.0
u59,2013-05-19 19:34:50,10.0,"43.705568527802825,-72.29081480763853",1.0,1.0
u59,2013-05-18 21:06:54,10.0,"43.70494906324893,-72.29194141924381",1.0,1.0
u59,2013-05-21 18:52:58,2.0,Unknown,2.0,2.0
u59,2013-05-23 17:59:06,2.0,Unknown,2.0,2.0
u59,2013-05-27 19:08:59,10.0,"43.70550733990967,-72.2909749019891",1.0,1.0
u59,2013-05-24 17:56:37,8.0,Unknown,2.0,2.0
u59,2013-05-30 16:12:46,10.0,"43.705530599690974,-72.29089292697608",1.0,1.0
u59,2013-05-26 05:34:28,16.0,Unknown,1.0,1.0
u59,2013-05-30 00:42:48,1.0,Unknown,3.0,3.0
u59,2013-05-29 02:03:26,4.0,Unknown,2.0,2.0
u59,2013-06-01 04:04:04,9.0,"41.09053309075534,-73.45103331841528",1.0,1.0
u59,2013-06-06 00:06:14,15.0,"29.902795627713203,-90.02727152779698",1.0,1.0
u59,2013-06-02 21:30:45,19.0,"29.902878901921213,-90.02735710702837",1.0,1.0
u59,2013-06-02 06:00:37,1.0,"29.900103276595473,-90.0295245833695",3.0,3.0
u59,2013-06-04 23:18:02,13.0,"29.902872280217707,-90.02744721248746",1.0,1.0
u59,2013-06-07 23:46:41,5.0,"29.899868331849575,-90.02978006377816",2.0,3.0
