uid,resp_time,location,number
u00,2013-03-26 02:21:23,Unknown,5.0
u00,2013-03-26 22:51:41,"43.70759062,-72.28510298",1.0
u00,2013-03-26 20:13:18,"43.70697406,-72.28758978",1.0
u00,2013-04-03 21:16:37,"43.70708859,-72.28753397",3.0
u00,2013-03-27 23:09:03,"43.70863158,-72.2842741",4.0
u00,2013-03-28 02:25:20,"43.70517792,-72.28685304",3.0
u00,2013-03-29 16:03:43,"43.70546998,-72.28794136",4.0
u00,2013-03-29 05:14:08,"43.70674964,-72.2875834",4.0
u00,2013-03-29 06:00:01,"43.70674964,-72.2875834",4.0
u00,2013-03-30 06:07:28,"43.70664323,-72.28735129",4.0
u00,2013-03-31 06:11:24,"43.75941375,-72.32875076",2.0
u00,2013-04-01 07:41:16,"43.75907887,-72.32921107",2.0
u00,2013-04-04 03:36:56,"43.70708859,-72.28753397",3.0
u00,2013-04-03 04:57:43,"43.787638,-72.32241148",2.0
u00,2013-04-05 04:20:58,"43.70708859,-72.28753397",4.0
u00,2013-04-05 20:38:43,"43.70708859,-72.28753397",5.0
u00,2013-04-08 08:08:04,"43.78764103,-72.32252081",4.0
u00,2013-04-09 20:11:41,"43.65303742,-72.30996674",5.0
u00,2013-04-10 19:19:52,"43.705058,-72.28772623",4.0
u00,2013-04-11 20:00:32,"43.70414319,-72.28774882",3.0
u00,2013-04-10 20:57:49,"43.70320123,-72.28865299",4.0
u00,2013-04-12 21:39:27,"43.70444924,-72.28793809",3.0
u00,2013-04-17 20:27:50,"43.70875092,-72.28435213",4.0
u00,2013-04-19 06:00:23,"43.75872078,-72.32869187",3.0
u00,2013-04-21 07:54:23,"43.75917542,-72.32926548",2.0
u00,2013-04-23 07:30:51,"43.75927356,-72.32923496",3.0
u00,2013-05-07 00:31:32,"48.85374768,2.32779888",4.0
u00,2013-05-10 08:06:15,"43.75915207,-72.32893824",4.0
u00,2013-05-06 00:39:37,"48.85875992,2.36238333",3.0
u00,2013-05-11 17:20:36,"43.75928658,-72.32924066",4.0
u00,2013-05-13 15:04:54,"43.75940174,-72.32918372",3.0
u00,2013-05-14 15:06:57,"43.75883975,-72.32934752",4.0
u00,2013-05-12 17:06:39,"43.75935021,-72.32916566",2.0
u00,2013-05-21 16:34:55,"43.70625307,-72.28700801",1.0
u00,2013-05-28 02:00:24,"43.70659363,-72.28727549",2.0
u00,2013-05-25 06:10:31,"38.9057069,-77.03396292",2.0
u00,2013-05-27 03:39:02,"43.75912044,-72.3291579",2.0
u00,2013-05-29 02:35:14,"43.70434788,-72.28657033",2.0
u00,2013-05-30 02:10:54,Unknown,2.0
u00,2013-05-31 02:01:00,"43.70006541,-72.29016831",3.0
u00,2013-06-02 02:19:40,"43.73283379,-72.25842981",2.0
u00,2013-06-03 05:59:14,"43.75910573,-72.32818315",1.0
u00,2013-06-04 02:07:33,"43.70258236,-72.28403025",1.0
u00,2013-06-06 05:35:46,"43.66724891,-72.31884989",2.0
u01,2013-03-27 04:45:45,"43.70693516,-72.28748551",4.0
u01,2013-03-27 04:45:47,"43.70640008,-72.28886262",4.0
u01,2013-04-03 17:54:26,"43.70506577,-72.29201827",2.0
u01,2013-03-27 22:37:56,"43.70678246,-72.289184",2.0
u01,2013-03-29 06:20:14,"43.70696787,-72.28902663",4.0
u01,2013-03-30 06:00:14,"43.70698995,-72.28913573",3.0
u01,2013-03-31 06:39:32,"43.70680994,-72.28923207",4.0
u01,2013-04-05 04:08:18,"43.70674954,-72.28920665",4.0
u01,2013-04-07 07:52:38,"43.70670639,-72.28907917",3.0
u01,2013-04-06 04:37:49,"43.69935393,-72.29030653",4.0
u01,2013-04-06 04:37:22,"43.69935393,-72.29030653",4.0
u01,2013-04-08 06:30:04,"43.70644183,-72.2892299",4.0
u01,2013-04-10 20:25:43,"43.70678215,-72.28917973",3.0
u01,2013-04-16 06:00:21,"43.7067925,-72.28917303",4.0
u01,2013-04-12 20:28:19,"43.70684932,-72.28899775",2.0
u01,2013-04-17 06:00:07,"43.70680473,-72.28919958",4.0
u01,2013-04-18 07:22:48,"43.70687856,-72.28943709",4.0
u01,2013-04-19 06:48:21,"43.7064275,-72.28908974",4.0
u02,2013-03-30 10:42:30,"43.70709166,-72.29282882",3.0
u02,2013-03-27 02:00:43,"43.70722118,-72.29347434",3.0
u02,2013-03-29 06:03:56,"43.70704851,-72.29352529",4.0
u02,2013-04-01 06:07:56,"43.70712733,-72.29338199",3.0
u02,2013-04-08 07:16:14,"43.70620445,-72.29116858",4.0
u02,2013-04-05 04:15:57,"43.7070604,-72.29313622",3.0
u02,2013-04-07 06:11:04,"43.70695809,-72.29258525",3.0
u02,2013-04-09 06:30:38,"43.70719741,-72.29304273",2.0
u02,2013-04-10 20:16:32,"43.7069528,-72.2931724",3.0
u02,2013-04-12 20:05:40,"43.70847866,-72.28433145",3.0
u02,2013-04-11 20:00:13,"43.70791892,-72.28484015",4.0
u02,2013-04-13 20:09:47,"43.70725458,-72.29319166",2.0
u02,2013-04-18 06:03:04,"43.70709895,-72.29314257",3.0
u02,2013-04-14 20:22:36,"43.70306572,-72.29094266",2.0
u02,2013-04-16 06:00:13,"43.70685857,-72.29270076",2.0
u02,2013-04-21 06:07:01,"43.70730987,-72.29311925",3.0
u02,2013-04-22 06:18:16,"43.70637115,-72.28677143",3.0
u02,2013-04-23 06:13:01,"43.70597948,-72.28876093",2.0
u02,2013-05-06 06:32:02,"43.70733654,-72.29309241",3.0
u02,2013-05-25 06:05:27,"43.64550248,-72.31783898",1.0
u03,2013-03-31 23:50:39,"43.70531824,-72.28324444",1.0
u03,2013-03-27 18:47:55,"43.70540211,-72.28318209",2.0
u03,2013-03-27 18:47:57,"43.70525296,-72.28308162",1.0
u03,2013-03-28 00:09:22,"43.70529598,-72.28322475",3.0
u03,2013-03-31 23:50:34,"43.70530653,-72.2831011",2.0
u03,2013-03-31 23:50:45,"43.70535266,-72.28309587",2.0
u03,2013-03-31 23:50:42,"43.70535266,-72.28309587",1.0
u03,2013-04-01 07:58:25,"43.70531274,-72.28305168",1.0
u03,2013-04-07 18:12:12,"43.70528579,-72.28310255",2.0
u03,2013-04-05 17:29:51,"43.70532086,-72.2832369",1.0
u03,2013-04-16 06:20:26,"43.7053649,-72.28294338",1.0
u03,2013-04-09 17:05:28,"43.705293,-72.28306177",2.0
u03,2013-04-13 20:00:18,"43.70757708,-72.28323056",1.0
u03,2013-04-18 07:50:28,"43.70523965,-72.28314435",2.0
u03,2013-04-21 09:29:33,"43.70535349,-72.28311717",2.0
u03,2013-04-22 06:46:44,"43.70529561,-72.28303611",2.0
u03,2013-04-23 06:03:42,"43.70520444,-72.28312961",1.0
u03,2013-05-12 19:35:04,"43.70579533,-72.28356911",2.0
u03,2013-05-06 16:24:30,"43.70537463,-72.28318556",1.0
u03,2013-05-15 17:18:23,"43.70532924,-72.28318456",1.0
u04,2013-04-03 16:54:20,"43.70406845,-72.28722573",2.0
u04,2013-03-27 02:08:21,"43.70442851,-72.28676606",3.0
u04,2013-03-29 07:12:11,"43.70364698,-72.28605308",3.0
u04,2013-04-03 05:05:54,"43.70406845,-72.28722573",2.0
u04,2013-03-30 07:09:43,"43.70522558,-72.29116765",3.0
u04,2013-03-30 22:37:00,"43.70315377,-72.28626052",3.0
u04,2013-03-31 15:54:16,"43.70315377,-72.28626052",4.0
u04,2013-03-31 19:33:26,"43.70315377,-72.28626052",3.0
u04,2013-04-03 05:05:54,"43.70406845,-72.28722573",3.0
u04,2013-04-04 15:38:15,"43.70500049,-72.28555637",3.0
u04,2013-04-05 04:15:01,"43.70307665,-72.28927304",3.0
u04,2013-04-07 00:22:25,"43.70419632,-72.28592597",3.0
u04,2013-04-07 16:49:38,"43.70400146,-72.28561947",4.0
u04,2013-04-07 16:49:42,"43.70400146,-72.28561947",4.0
u04,2013-04-08 06:09:13,Unknown,3.0
u04,2013-04-11 20:02:55,"43.70417131,-72.28591047",3.0
u04,2013-04-12 20:44:05,"43.7041984,-72.28652356",3.0
u04,2013-04-13 20:12:01,Unknown,3.0
u04,2013-04-16 06:00:10,"43.70596983,-72.29501146",3.0
u04,2013-04-19 15:02:51,"43.70394475,-72.2863293",3.0
u04,2013-04-28 06:59:44,"43.70395298,-72.28591488",3.0
u04,2013-05-03 16:09:38,"43.7028707,-72.28951833",3.0
u04,2013-05-10 08:58:52,"43.70272466,-72.28964384",3.0
u04,2013-05-05 15:39:29,"43.70270522,-72.28685093",4.0
u04,2013-05-06 16:01:31,"43.70414453,-72.28604036",3.0
u04,2013-05-05 02:33:33,"42.48235825,-76.48771688",4.0
u04,2013-05-13 15:27:02,"43.70393102,-72.2857803",2.0
u05,2013-03-27 20:11:35,"43.70751491,-72.28694759",3.0
u05,2013-03-27 18:35:00,"43.70751491,-72.28694759",4.0
u05,2013-03-28 20:08:17,"43.70751491,-72.28694759",3.0
u05,2013-03-30 01:02:58,"43.70751491,-72.28694759",5.0
u05,2013-03-31 07:09:07,"42.69942036,-71.43609676",5.0
u05,2013-03-30 06:48:59,"43.70751491,-72.28694759",6.0
u07,2013-03-30 10:01:30,"43.7038505,-72.28368719",3.0
u07,2013-04-03 17:57:11,"43.70391766,-72.28483911",3.0
u07,2013-03-27 03:43:25,"43.70675332,-72.2868274",3.0
u07,2013-03-27 17:18:00,"43.7040066,-72.28391899",3.0
u07,2013-03-29 06:54:58,"43.70321138,-72.29012708",3.0
u07,2013-03-29 17:05:45,"43.70392608,-72.28391071",4.0
u07,2013-03-28 08:35:58,"43.70327981,-72.28393317",3.0
u07,2013-03-28 18:03:30,"43.70381904,-72.28413912",3.0
u07,2013-03-31 07:07:51,"43.70358547,-72.28382208",3.0
u07,2013-03-31 12:10:04,"43.7034298,-72.2850223",3.0
u07,2013-04-03 05:04:52,"43.70278287,-72.28564898",4.0
u07,2013-04-01 06:24:05,"43.70393335,-72.2837312",4.0
u07,2013-04-01 18:02:17,"43.70371391,-72.28343209",3.0
u07,2013-04-02 12:21:34,"43.70848921,-72.28671205",4.0
u07,2013-04-04 05:41:44,"43.70695956,-72.28589822",3.0
u07,2013-04-11 20:04:30,"43.70829698,-72.28430122",3.0
u07,2013-04-17 07:14:59,"43.70380132,-72.28395937",3.0
u07,2013-04-18 06:46:51,"43.70643727,-72.28702697",3.0
u07,2013-04-18 00:34:13,"43.70396269,-72.28384852",3.0
u07,2013-04-19 10:31:27,"43.70464073,-72.29441487",3.0
u07,2013-04-20 06:52:35,"43.70392925,-72.28380701",4.0
u07,2013-04-21 07:25:20,"43.70334071,-72.28326211",3.0
u07,2013-04-22 06:24:39,"43.70671038,-72.27728207",3.0
u07,2013-04-23 21:32:08,"43.70425769,-72.28391582",4.0
u08,2013-04-01 16:50:21,"43.70326445,-72.28627025",3.0
u08,2013-03-30 20:38:29,"43.70350954,-72.28608081",2.0
u08,2013-03-27 02:04:00,Unknown,3.0
u08,2013-03-27 03:15:53,Unknown,2.0
u08,2013-03-27 21:08:55,"43.70227295,-72.28989198",2.0
u08,2013-03-28 19:39:30,"43.70528743,-72.29155419",2.0
u08,2013-03-29 17:42:49,"43.70350954,-72.28608081",2.0
u08,2013-03-29 08:13:02,"43.70582719,-72.28937924",2.0
u08,2013-03-30 06:12:13,"43.70350954,-72.28608081",2.0
u08,2013-03-31 06:00:53,"43.70350954,-72.28608081",2.0
u08,2013-04-01 06:26:21,"43.70712705,-72.28700077",2.0
u08,2013-04-03 02:31:40,"43.70237031,-72.28787598",3.0
u08,2013-04-03 17:37:28,"43.70237031,-72.28787598",3.0
u08,2013-04-04 04:46:52,"43.7052264,-72.28719803",3.0
u08,2013-04-04 19:44:52,"43.70301411,-72.28619057",2.0
u08,2013-04-05 18:16:17,"43.70342734,-72.28638739",3.0
u08,2013-04-06 01:32:23,"43.70410077,-72.28719868",3.0
u08,2013-04-07 01:27:37,"43.04882397,-71.72452648",3.0
u08,2013-04-08 02:55:22,"43.70278047,-72.28749202",4.0
u08,2013-04-10 20:40:56,"43.70370174,-72.28680811",3.0
u08,2013-04-10 10:34:13,"43.70731779,-72.2868045",3.0
u08,2013-04-12 06:25:18,"43.70314121,-72.28659035",3.0
u08,2013-04-13 01:57:03,"43.70385469,-72.28643647",3.0
u08,2013-04-14 05:38:57,"43.70360138,-72.28652466",3.0
u08,2013-04-15 04:07:32,"43.70343873,-72.28651243",3.0
u08,2013-04-16 04:12:28,"43.70396504,-72.28927469",3.0
u08,2013-04-18 20:34:08,"43.70430223,-72.29046297",3.0
u08,2013-04-18 06:04:35,"43.70430223,-72.29046297",3.0
u08,2013-04-20 20:21:02,"43.70518194,-72.28800233",4.0
u08,2013-04-21 20:21:34,"43.70406215,-72.28755806",3.0
u08,2013-04-25 00:57:16,"43.70440204,-72.29052256",3.0
u08,2013-04-23 23:01:53,"43.70434734,-72.28679491",3.0
u08,2013-04-23 06:30:44,"43.7052687,-72.28811786",2.0
u08,2013-04-25 21:55:55,"43.70369581,-72.28686269",3.0
u08,2013-04-27 00:31:18,"43.70295661,-72.28995533",3.0
u08,2013-05-01 09:16:53,"43.70708811,-72.28767562",3.0
u08,2013-05-03 07:00:16,"43.70502255,-72.28804551",3.0
u08,2013-05-05 09:19:42,"43.7037094,-72.28660102",3.0
u08,2013-05-07 03:53:33,"43.7049437,-72.28880281",3.0
u08,2013-05-09 21:59:05,"43.70454326,-72.2895076",3.0
u08,2013-05-12 06:05:56,"43.70343934,-72.28739154",4.0
u08,2013-05-23 13:39:28,"43.70447785,-72.29155849",3.0
u08,2013-05-28 02:08:39,Unknown,1.0
u09,2013-03-28 07:03:03,"43.70735876,-72.28984988",3.0
u10,2013-03-31 07:02:41,"43.7026033,-72.28671544",3.0
u10,2013-03-27 23:46:48,"43.70559517,-72.28821559",2.0
u10,2013-03-30 02:07:50,"43.70644884,-72.28820168",3.0
u10,2013-03-30 06:25:08,"43.70644884,-72.28820168",3.0
u10,2013-04-01 06:26:47,"43.70241112,-72.28788985",4.0
u10,2013-04-03 04:18:52,Unknown,3.0
u10,2013-04-05 04:10:55,"43.70173422,-72.28775943",3.0
u10,2013-04-07 07:26:20,"43.70336268,-72.28777469",3.0
u10,2013-04-08 02:19:31,"43.70238375,-72.28772441",3.0
u10,2013-04-08 08:13:24,"43.70238375,-72.28772441",3.0
u10,2013-04-16 06:17:47,"43.7050225,-72.28939767",4.0
u10,2013-04-10 21:58:13,"43.70278942,-72.28658418",3.0
u10,2013-04-13 20:00:54,"43.70278942,-72.28658418",3.0
u10,2013-04-12 20:22:29,"43.70278942,-72.28658418",3.0
u10,2013-04-14 20:01:11,"43.70278942,-72.28658418",2.0
u10,2013-04-14 20:01:00,"43.70278942,-72.28658418",2.0
u10,2013-04-18 07:43:00,"43.7050225,-72.28939767",4.0
u10,2013-04-19 16:39:00,"43.7050225,-72.28939767",3.0
u10,2013-04-21 07:45:24,"43.70539179,-72.28841197",3.0
u10,2013-04-22 01:57:19,"43.70376741,-72.28830285",4.0
u10,2013-04-22 07:50:56,"43.70324408,-72.28961597",4.0
u10,2013-04-23 07:57:28,"43.70324408,-72.28961597",3.0
u10,2013-04-28 16:38:18,"43.70151131,-72.28813703",4.0
u10,2013-05-03 16:29:59,"43.70431466,-72.28543542",3.0
u10,2013-05-12 16:30:54,"43.70274793,-72.28753523",4.0
u10,2013-05-05 16:29:51,"43.70318292,-72.28786899",3.0
u10,2013-05-13 08:40:08,"43.70200305,-72.28757046",3.0
u10,2013-05-06 16:33:48,"43.70290684,-72.28530452",4.0
u10,2013-05-10 17:01:51,"43.70721373,-72.28551043",3.0
u10,2013-05-31 02:15:20,Unknown,2.0
u12,2013-03-28 00:26:11,"43.63759451,-72.24841422",2.0
u12,2013-03-29 06:16:16,"43.63750239,-72.24838839",3.0
u12,2013-03-31 06:09:07,"43.63735709,-72.24818692",1.0
u12,2013-04-01 02:04:40,"43.64714305,-72.18863182",1.0
u12,2013-04-01 15:07:36,"43.63758924,-72.24854285",1.0
u12,2013-04-04 04:00:34,"43.70231248,-72.28784577",3.0
u12,2013-04-07 06:08:58,Unknown,4.0
u12,2013-04-08 06:00:50,"37.08200819,-76.38337962",3.0
u12,2013-04-10 20:23:06,"43.63733001,-72.24831108",3.0
u12,2013-04-13 17:52:55,"43.63769981,-72.24843196",4.0
u12,2013-04-11 20:52:29,"43.63760479,-72.24817944",1.0
u12,2013-04-13 22:23:54,"43.63800068,-72.25275713",3.0
u12,2013-04-14 20:04:16,"43.63788781,-72.24855406",1.0
u12,2013-04-14 06:02:30,"43.63750659,-72.24820929",1.0
u12,2013-04-19 08:09:31,"43.63750473,-72.24859763",3.0
u12,2013-04-29 08:28:05,"43.6375209,-72.24825666",1.0
u12,2013-04-22 06:46:00,"43.63751615,-72.24827533",1.0
u12,2013-05-12 15:40:48,"43.63779157,-72.24841028",1.0
u14,2013-03-31 06:07:53,"43.70498786,-72.28672971",4.0
u14,2013-04-03 04:03:07,"43.70597053,-72.28839433",3.0
u14,2013-03-27 23:17:16,"43.70612113,-72.28723353",4.0
u14,2013-03-29 09:01:37,"43.70485903,-72.28640248",3.0
u14,2013-03-29 19:22:41,"43.70509271,-72.28680761",3.0
u14,2013-03-30 06:48:35,"43.70415142,-72.28835024",3.0
u14,2013-03-30 09:52:17,"43.70499355,-72.28677683",4.0
u14,2013-03-30 18:58:44,"43.70503113,-72.28694162",4.0
u14,2013-04-01 08:58:46,"43.70516844,-72.28680259",2.0
u14,2013-04-02 04:01:38,"43.7048674,-72.28716119",3.0
u14,2013-04-03 01:12:20,"43.70759133,-72.28860353",2.0
u14,2013-04-04 04:30:58,"43.70169949,-72.28842649",3.0
u14,2013-04-07 06:07:20,"43.70476614,-72.28673145",3.0
u14,2013-04-06 20:47:16,"43.70506289,-72.28675801",4.0
u14,2013-04-10 21:03:52,"43.70498939,-72.28699053",3.0
u14,2013-04-09 09:08:45,"43.70477259,-72.28698419",3.0
u14,2013-04-11 20:10:43,"43.70511041,-72.28702345",4.0
u14,2013-04-12 20:03:20,"43.70460577,-72.28671025",4.0
u14,2013-04-17 06:29:59,"43.70496368,-72.28727007",4.0
u14,2013-04-21 06:04:52,"43.70592312,-72.28765391",4.0
u14,2013-04-22 06:00:04,"43.70497161,-72.28670851",3.0
u14,2013-05-09 08:24:40,"43.70512664,-72.28785661",3.0
u14,2013-05-11 20:32:55,"43.70490336,-72.286727",4.0
u14,2013-05-12 18:02:41,"43.70592194,-72.28696999",3.0
u14,2013-05-06 07:12:25,"43.70635373,-72.28713582",3.0
u14,2013-05-29 02:13:38,Unknown,1.0
u15,2013-03-29 08:36:42,"43.70575397,-72.29579325",5.0
u15,2013-03-30 06:00:41,"43.70475624,-72.29065153",5.0
u15,2013-04-04 04:49:10,"43.70414117,-72.29034521",5.0
u15,2013-04-08 05:59:13,Unknown,4.0
u15,2013-04-08 04:29:23,"41.49583437,-71.45812765",4.0
u15,2013-04-09 06:14:04,Unknown,4.0
u15,2013-04-14 21:38:36,Unknown,4.0
u15,2013-04-16 06:33:13,"43.7052318,-72.29189415",5.0
u15,2013-04-22 06:06:38,Unknown,4.0
u15,2013-04-23 06:00:48,"43.70746352,-72.28565777",4.0
u16,2013-03-27 20:02:45,"43.70284853,-72.29016458",4.0
u16,2013-03-29 06:01:13,"43.70705237,-72.28884358",5.0
u16,2013-03-31 06:41:26,"43.70490618,-72.2903464",5.0
u16,2013-03-30 08:03:04,"43.70724486,-72.28721651",5.0
u16,2013-04-01 07:20:26,"43.70358976,-72.29054215",4.0
u16,2013-04-03 05:19:26,"43.70358976,-72.29054215",4.0
u16,2013-04-04 04:50:42,"43.70450379,-72.28884561",4.0
u16,2013-04-07 21:10:09,"43.70362252,-72.29130382",3.0
u16,2013-04-08 08:22:07,"43.70638642,-72.28846824",3.0
u16,2013-04-10 20:00:15,"43.70474513,-72.28856577",4.0
u16,2013-04-10 02:33:10,"43.71418086,-72.2968304",4.0
u16,2013-04-13 20:16:44,"43.70364199,-72.29076278",2.0
u16,2013-04-11 20:01:03,Unknown,4.0
u16,2013-04-12 20:30:40,"43.70364199,-72.29076278",4.0
u16,2013-04-14 20:19:27,"43.70348086,-72.29159422",2.0
u16,2013-04-17 06:00:53,"43.71269528,-72.28398406",4.0
u16,2013-04-18 02:36:27,"43.70692473,-72.28664094",2.0
u16,2013-04-18 20:43:20,"43.70378332,-72.29056908",3.0
u16,2013-04-19 06:02:23,"43.70590563,-72.28948565",3.0
u16,2013-04-21 06:42:34,"43.70371738,-72.29052339",3.0
u16,2013-04-23 06:01:02,"43.70366774,-72.29147122",1.0
u16,2013-04-28 06:10:06,"43.70375428,-72.29078493",2.0
u16,2013-04-27 04:35:31,"43.70383449,-72.29122954",2.0
u16,2013-05-01 21:20:08,Unknown,2.0
u16,2013-05-03 07:00:10,"43.70360319,-72.29109274",3.0
u16,2013-05-12 10:21:17,"43.70386158,-72.29032649",3.0
u16,2013-05-06 06:00:07,"43.70369577,-72.29064258",2.0
u16,2013-05-05 17:09:21,"43.70397531,-72.28989529",2.0
u16,2013-05-14 17:19:25,"43.70391463,-72.28988644",4.0
u16,2013-05-10 16:27:04,"43.70268316,-72.28781994",3.0
u16,2013-05-11 08:07:18,"43.70317722,-72.28939878",4.0
u16,2013-05-07 17:48:08,"43.70534496,-72.29049134",3.0
u16,2013-05-13 16:07:18,Unknown,1.0
u16,2013-05-18 19:13:44,Unknown,4.0
u16,2013-05-21 02:48:22,Unknown,3.0
u16,2013-05-29 02:00:39,"43.68753666,-72.29250241",1.0
u16,2013-05-24 06:22:51,"43.70390811,-72.29065789",3.0
u16,2013-05-26 02:06:34,"43.70364151,-72.29040973",3.0
u16,2013-05-27 03:53:18,"43.70370567,-72.28967439",2.0
u16,2013-05-30 02:29:19,"43.68753666,-72.29250241",1.0
u17,2013-03-29 06:01:28,"43.70465195,-72.29099209",3.0
u17,2013-03-27 22:05:16,"43.70652474,-72.28811653",1.0
u17,2013-03-30 06:37:17,"43.70454578,-72.29083895",3.0
u17,2013-04-01 06:26:16,"43.70470793,-72.29118335",1.0
u17,2013-04-09 05:54:29,"43.70512967,-72.28920458",4.0
u17,2013-04-09 05:54:26,"43.70512967,-72.28920458",4.0
u17,2013-04-16 23:51:36,"43.70495522,-72.29090614",3.0
u17,2013-04-11 09:12:04,"43.70380893,-72.28772947",2.0
u17,2013-04-11 20:55:37,"43.70380893,-72.28772947",3.0
u17,2013-04-13 19:32:25,"43.70459704,-72.29138802",4.0
u17,2013-04-14 21:53:29,"43.70459704,-72.29138802",2.0
u17,2013-04-16 06:01:13,"43.70495522,-72.29090614",4.0
u17,2013-04-18 07:56:41,"43.70432313,-72.29132532",2.0
u17,2013-04-19 02:36:45,"43.70237732,-72.28914013",3.0
u17,2013-04-19 16:44:18,"43.70421868,-72.29109236",3.0
u17,2013-04-21 08:48:46,Unknown,3.0
u17,2013-04-20 19:46:59,Unknown,3.0
u17,2013-04-21 22:10:32,Unknown,4.0
u17,2013-04-22 06:12:14,"43.70462714,-72.28876934",4.0
u17,2013-04-23 06:05:48,Unknown,2.0
u17,2013-04-28 06:05:29,"43.70366438,-72.2901632",3.0
u17,2013-04-29 04:34:08,Unknown,2.0
u17,2013-05-11 08:13:33,Unknown,2.0
u17,2013-05-06 08:43:00,"43.70238747,-72.28949237",1.0
u17,2013-05-05 06:43:32,"43.70443163,-72.29097302",2.0
u17,2013-05-15 01:49:29,"43.70673393,-72.28776049",1.0
u17,2013-05-13 09:04:03,"43.70440021,-72.29112204",1.0
u17,2013-05-14 08:33:53,"43.7047545,-72.28932815",1.0
u17,2013-05-24 12:06:39,Unknown,3.0
u17,2013-05-26 00:26:34,Unknown,1.0
u17,2013-05-27 03:13:08,Unknown,1.0
u18,2013-03-27 16:52:43,"43.70687522,-72.28935409",3.0
u18,2013-03-28 17:59:03,"43.70725878,-72.28908602999999",3.0
u18,2013-03-29 07:07:41,"43.70732982,-72.28913201",3.0
u18,2013-03-30 08:07:09,"43.70753673,-72.28928834",2.0
u18,2013-03-31 06:15:39,"43.70715631,-72.28913382",2.0
u18,2013-04-05 18:13:40,"43.70605791,-72.28694024",3.0
u18,2013-04-05 18:13:33,"43.70605791,-72.28694024",1.0
u18,2013-04-06 04:09:51,"43.7070722,-72.28918173",2.0
u18,2013-04-08 07:25:23,"43.70736049,-72.28920014",1.0
u18,2013-04-08 04:11:41,"43.70730177,-72.28915579",3.0
u18,2013-04-10 20:36:03,"43.70155456,-72.28823683",3.0
u18,2013-04-11 20:02:14,"43.70730854,-72.287476",2.0
u18,2013-04-11 20:08:17,"43.70730854,-72.287476",2.0
u18,2013-04-17 07:13:08,"43.70498286,-72.28791117",3.0
u18,2013-04-12 21:02:25,"43.70728713,-72.28820549",1.0
u18,2013-04-19 03:25:47,"43.70264346,-72.28707",2.0
u18,2013-04-21 06:17:38,"43.70724964,-72.28892471",2.0
u18,2013-04-21 16:06:44,"43.70734979,-72.28910436",1.0
u18,2013-04-22 07:43:30,"43.70610767,-72.28849979",1.0
u18,2013-04-23 07:40:26,"43.70728871,-72.28933649",1.0
u18,2013-05-03 16:18:18,"43.70739317,-72.28896594",1.0
u18,2013-05-28 02:52:32,"43.70735666,-72.2890518",1.0
u19,2013-03-30 06:08:49,"43.70288904,-72.28988903",1.0
u19,2013-03-27 06:51:45,"43.70690704,-72.28632015",2.0
u19,2013-03-29 08:15:27,"43.69950084,-72.29157244",2.0
u19,2013-04-01 08:33:00,Unknown,3.0
u19,2013-04-04 04:08:22,"43.69789429,-72.31446361",3.0
u19,2013-04-03 05:05:31,"43.70106694,-72.2864999",1.0
u19,2013-04-05 01:44:01,"43.7030279,-72.28948573",4.0
u19,2013-04-06 04:12:49,"43.70676365,-72.28546175",3.0
u19,2013-04-08 06:25:08,"43.7067029,-72.28540419",2.0
u19,2013-04-10 20:05:13,"43.70647041,-72.28787574",3.0
u19,2013-04-12 20:20:00,"43.70651205,-72.28555058",3.0
u19,2013-04-11 20:00:04,"43.70300231,-72.28918281",4.0
u19,2013-04-13 20:00:39,"43.70310945,-72.29051358",4.0
u19,2013-04-14 04:16:46,"43.70285468,-72.29111293",4.0
u19,2013-04-14 20:30:22,"43.70285468,-72.29111293",5.0
u19,2013-04-16 06:16:28,"43.70154751,-72.29133289",4.0
u19,2013-04-17 07:33:09,"43.7027651,-72.2899934",4.0
u19,2013-04-18 06:00:50,"43.69378323,-72.29014069",4.0
u19,2013-04-19 06:04:49,"43.70734975,-72.28629956",4.0
u19,2013-04-21 06:28:55,"43.7067391,-72.28556913",5.0
u19,2013-04-22 07:00:34,"43.7067805,-72.28550931",5.0
u19,2013-04-23 06:00:53,"43.70676468,-72.28542565",4.0
u19,2013-04-26 07:15:58,"43.70445438,-72.28941379",5.0
u19,2013-05-01 09:28:10,"43.70101204,-72.28677708",3.0
u19,2013-05-03 07:04:45,"43.7071838,-72.28865575",3.0
u19,2013-05-12 08:58:24,"43.70701211,-72.28611727",5.0
u19,2013-05-10 20:32:24,"43.70680418,-72.28601166",3.0
u19,2013-05-06 07:29:57,"43.70706627,-72.28596306",5.0
u19,2013-05-10 07:01:28,"43.70300642,-72.28981807",2.0
u19,2013-05-05 07:42:43,"43.70691192,-72.28587513",3.0
u19,2013-05-11 06:28:07,"43.70702534,-72.28577028",4.0
u19,2013-05-14 08:14:04,"43.70650157,-72.28532126",3.0
u19,2013-05-17 07:25:53,"43.70714135,-72.28594665",4.0
u19,2013-05-21 09:12:26,"43.70712264,-72.28701115",3.0
u19,2013-05-22 08:10:48,"43.7040776,-72.29042456",4.0
u19,2013-05-24 06:34:18,"43.70722775,-72.28725812",3.0
u19,2013-05-25 08:22:04,"43.70744109,-72.28667853",3.0
u19,2013-05-26 09:52:47,"43.70709334,-72.28524117",3.0
u19,2013-05-31 07:12:49,"43.70696465,-72.28583899",6.0
u20,2013-04-03 07:55:30,"43.70432872,-72.28591216",2.0
u20,2013-03-27 23:02:28,Unknown,3.0
u20,2013-03-29 06:00:25,Unknown,3.0
u20,2013-03-29 05:55:31,Unknown,3.0
u20,2013-04-04 19:04:41,"43.70552246,-72.28315169",3.0
u20,2013-04-08 06:22:57,"43.7053909,-72.2831404",1.0
u20,2013-04-11 21:04:46,"43.70644022,-72.28264149",2.0
u22,2013-04-02 18:22:16,"43.70407922,-72.29020632",2.0
u22,2013-03-30 00:21:24,"43.7086476,-72.28468996",3.0
u22,2013-03-30 04:41:20,"43.70424862,-72.29040642",3.0
u22,2013-04-04 04:21:51,"43.70594306,-72.28855419",1.0
u22,2013-04-04 01:14:49,"43.70594306,-72.28855419",3.0
u22,2013-03-27 07:35:32,"43.70665178,-72.28678516",2.0
u22,2013-03-28 07:20:21,"43.70256935,-72.28790785",3.0
u22,2013-03-28 03:06:40,"43.70286901,-72.28809997",2.0
u22,2013-03-29 01:29:01,"43.70399272,-72.29051569",3.0
u22,2013-03-29 06:57:59,"43.70399272,-72.29051569",3.0
u22,2013-03-29 19:04:15,"43.70414927,-72.29076226",3.0
u22,2013-03-31 10:15:22,"43.70411722,-72.29047127",3.0
u22,2013-04-01 08:45:51,"43.70397877,-72.29023959",1.0
u22,2013-04-03 04:35:13,"43.70419679,-72.29044657",2.0
u22,2013-04-06 20:00:13,"43.70405335,-72.29024681",3.0
u22,2013-04-07 06:29:28,"43.70434883,-72.29055101",3.0
u22,2013-04-05 04:34:37,"43.70426694,-72.29029645",1.0
u22,2013-04-08 06:22:26,"43.70295171,-72.28573905",3.0
u22,2013-04-16 07:00:26,"43.70389866,-72.29006061",3.0
u22,2013-04-09 23:56:58,"43.70418536,-72.29015097",2.0
u22,2013-04-11 20:24:16,"43.70464858,-72.29198064",3.0
u22,2013-04-11 07:54:19,"43.70412073,-72.29025745",3.0
u22,2013-04-13 20:06:22,"43.70323331,-72.29018729",3.0
u22,2013-04-14 21:44:08,"43.70408869,-72.29048838",4.0
u22,2013-04-19 08:04:03,"43.70426635,-72.29067159",3.0
u22,2013-04-21 06:20:57,"43.70424172,-72.29101498",3.0
u22,2013-04-22 06:00:03,"43.70418092,-72.29045018",1.0
u22,2013-05-09 08:36:23,"43.70433388,-72.29020625",1.0
u22,2013-05-12 08:11:33,"43.70412851,-72.29030418",2.0
u23,2013-03-30 17:15:28,"43.70543514,-72.2831621",1.0
u23,2013-04-01 02:39:32,"43.70560877,-72.2829117",1.0
u23,2013-04-03 17:35:15,"43.70553167,-72.28322691",2.0
u23,2013-03-27 23:51:47,"43.70561004,-72.28332987",1.0
u23,2013-03-28 18:22:15,"43.70545859,-72.28327112",2.0
u23,2013-03-29 06:00:12,"43.70542162,-72.28306587",1.0
u23,2013-03-29 17:21:09,"43.70562674,-72.28323386",1.0
u23,2013-04-04 04:46:49,"43.70510657,-72.28314592",1.0
u23,2013-03-30 00:29:59,"43.70697315,-72.28677802",1.0
u23,2013-03-31 06:35:16,"43.70543416,-72.28315549",1.0
u23,2013-03-30 06:04:07,"43.70552841,-72.28316626",1.0
u23,2013-03-31 17:12:16,"43.70546909,-72.28312334",1.0
u23,2013-04-01 06:00:13,"43.70560877,-72.2829117",1.0
u23,2013-04-03 00:43:47,"43.70543892,-72.28338924",2.0
u23,2013-04-03 04:07:01,"43.70584231,-72.28305972",1.0
u23,2013-04-07 04:16:03,"43.70563195,-72.28339769",1.0
u23,2013-04-05 04:50:08,"43.70538733,-72.28323434",1.0
u23,2013-04-06 01:10:46,"43.70565145,-72.28330752",1.0
u23,2013-04-08 02:53:53,"43.70539334,-72.28311345",2.0
u23,2013-04-08 06:02:22,"43.70553735,-72.28329059",1.0
u23,2013-04-10 02:36:07,"43.7056173,-72.2833203",1.0
u23,2013-04-10 20:31:23,"43.7056173,-72.2833203",1.0
u23,2013-04-11 20:02:31,"43.70528667,-72.28338562",1.0
u23,2013-04-12 20:01:27,"43.7054476,-72.28326768",1.0
u23,2013-04-13 20:54:50,"43.70260706,-72.28790197",1.0
u23,2013-04-14 19:59:57,"43.7050473,-72.28277244",1.0
u23,2013-04-17 06:13:22,"43.70524941,-72.28302207",1.0
u23,2013-04-18 07:50:07,"43.70543897,-72.28317522",1.0
u23,2013-04-19 06:00:16,"43.70536425,-72.28308904",1.0
u23,2013-04-22 06:01:20,"43.70531979,-72.28326262",1.0
u23,2013-04-23 05:59:57,"43.70542313,-72.28315593",1.0
u23,2013-04-28 06:18:07,"43.70551445,-72.28307203",1.0
u24,2013-03-31 06:42:18,"43.70524858,-72.29046327",4.0
u24,2013-03-29 06:52:53,"43.67055143,-72.31802098",4.0
u24,2013-03-29 09:12:25,"43.70633345,-72.29084334",4.0
u24,2013-03-28 01:07:50,"43.70590151,-72.29089607",4.0
u24,2013-03-29 18:00:57,"43.70633345,-72.29084334",3.0
u24,2013-03-30 19:31:59,"43.70617004,-72.29083553",4.0
u24,2013-03-31 10:56:06,"43.70524858,-72.29046327",6.0
u24,2013-03-30 09:39:22,"43.70588361,-72.29057766",3.0
u24,2013-04-02 21:12:13,"43.70677201,-72.29138349",3.0
u24,2013-04-01 08:47:21,"43.70631987,-72.29102945",5.0
u24,2013-04-02 01:30:52,"43.70550136,-72.29129217",3.0
u24,2013-04-03 21:35:17,"43.70609599,-72.28861366",4.0
u24,2013-04-04 19:40:47,"43.70613594,-72.29081044",5.0
u24,2013-04-04 04:48:38,"43.70609599,-72.28861366",4.0
u24,2013-04-06 20:02:40,"43.70620136,-72.29091932",5.0
u24,2013-04-05 04:20:02,"43.70659181,-72.2906454",4.0
u24,2013-04-07 09:40:05,"43.70379372,-72.29020154",4.0
u24,2013-04-08 08:37:08,"43.70628881,-72.29056354",4.0
u24,2013-04-12 20:52:25,"43.706227,-72.29104106",4.0
u24,2013-04-12 08:14:31,Unknown,4.0
u24,2013-04-14 20:35:39,"43.70617355,-72.29100552",4.0
u24,2013-04-11 20:02:28,"43.70595458,-72.2905622",4.0
u24,2013-04-13 20:58:34,"43.70619094,-72.29054811",5.0
u24,2013-04-18 02:01:48,Unknown,4.0
u24,2013-04-19 08:27:07,"43.7062649,-72.29090775",4.0
u25,2013-03-29 05:44:08,"43.70909673,-72.28432992",4.0
u25,2013-03-29 06:35:18,"43.70909673,-72.28432992",4.0
u25,2013-04-01 05:27:54,"43.44153531,-72.06255875",5.0
u25,2013-03-30 07:05:24,"43.70076509,-72.2869313",3.0
u25,2013-04-01 04:11:23,"42.00881745,-71.3042994",3.0
u25,2013-04-03 05:20:03,"43.70433167,-72.28846521",3.0
u25,2013-04-04 05:40:27,"43.70115034,-72.2859029",3.0
u25,2013-04-05 18:55:58,Unknown,4.0
u25,2013-04-08 05:52:47,Unknown,2.0
u25,2013-04-08 05:53:07,Unknown,2.0
u25,2013-04-11 20:01:34,Unknown,3.0
u25,2013-04-16 07:04:36,"43.70609873,-72.28690685",2.0
u25,2013-04-18 07:04:25,"43.7004869,-72.28717433",3.0
u25,2013-04-21 07:11:15,Unknown,2.0
u27,2013-03-29 06:59:28,"43.70274374,-72.28756665",3.0
u27,2013-03-28 20:37:19,"43.70655446,-72.28713909",1.0
u27,2013-03-29 19:03:42,"43.70754161,-72.28527106",2.0
u27,2013-03-31 09:20:05,"43.70245107,-72.28768138",3.0
u27,2013-04-01 09:32:38,"43.70389316,-72.28575202",1.0
u27,2013-04-03 04:00:23,"43.70388196,-72.28583882",3.0
u27,2013-04-08 06:04:23,"43.70405156,-72.28599069",1.0
u27,2013-04-15 10:19:59,Unknown,2.0
u27,2013-04-16 06:20:17,"43.70415002,-72.2857329",2.0
u27,2013-04-17 09:18:13,"43.70400104,-72.28585139",3.0
u27,2013-04-18 07:40:41,"43.70424431,-72.28559775",3.0
u27,2013-04-19 06:30:23,"43.70375531,-72.28604079",2.0
u27,2013-04-21 07:06:21,"43.70378808,-72.28567117",2.0
u27,2013-04-28 06:00:17,"43.70552478,-72.28974476",2.0
u27,2013-05-03 09:56:10,"43.70456912,-72.28710171",3.0
u27,2013-06-01 03:02:26,"43.70375608,-72.28703624",1.0
u30,2013-03-31 08:47:45,"42.94097068,-72.52796872",5.0
u30,2013-03-29 06:30:31,"43.70440077,-72.28257231",4.0
u30,2013-03-29 23:35:18,"43.70240618,-72.28732915",4.0
u30,2013-03-31 19:21:05,"42.94097068,-72.52796872",3.0
u30,2013-04-06 22:01:57,"43.70294473,-72.28772261",5.0
u30,2013-04-06 22:01:55,"43.70294473,-72.28772261",4.0
u30,2013-04-08 20:11:09,Unknown,2.0
u30,2013-04-16 06:02:22,"43.70432058,-72.28833341",3.0
u30,2013-04-13 21:39:19,"43.69971813,-72.29088714",5.0
u30,2013-04-11 20:04:02,"43.70279814,-72.28714674",5.0
u30,2013-04-14 20:51:05,"40.7742808,-73.96073797",2.0
u30,2013-04-18 07:53:50,"43.70237328,-72.28670467",4.0
u30,2013-04-19 16:55:33,"43.70254488,-72.28677668",3.0
u30,2013-04-20 22:09:21,"41.23064284,-73.0728831",4.0
u30,2013-04-22 07:48:51,"41.23064284,-73.0728831",2.0
u30,2013-04-21 06:03:14,"41.23064284,-73.0728831",4.0
u30,2013-04-25 04:01:59,"41.23064284,-73.0728831",5.0
u31,2013-03-29 06:06:16,"43.62582222,-72.32170345",3.0
u31,2013-03-28 01:45:43,"43.68033949,-72.29342364",1.0
u31,2013-04-01 15:04:09,"43.68058811,-72.29382608",3.0
u31,2013-04-07 06:00:45,"43.68058975,-72.29341535",2.0
u31,2013-04-08 06:02:37,"43.70251778,-72.28878459",1.0
u31,2013-04-10 20:05:40,"43.70752443,-72.28535807",1.0
u31,2013-04-12 20:12:33,"43.68182466,-72.29459983",1.0
u31,2013-04-17 06:04:00,"43.70683607,-72.28698903",1.0
u31,2013-04-18 06:15:12,"43.68306447,-72.29439954",1.0
u32,2013-03-30 09:48:16,Unknown,5.0
u32,2013-03-31 07:05:45,"43.64827459,-72.24550815",3.0
u32,2013-04-03 18:04:30,"43.70371584,-72.2909896",4.0
u32,2013-04-01 07:29:20,"42.43957501,-71.25060403",4.0
u32,2013-04-02 07:54:17,"43.70574271,-72.28946233",3.0
u32,2013-04-08 19:12:56,"43.70832897,-72.28441037",3.0
u32,2013-04-05 09:26:04,"43.70584223,-72.29075364",4.0
u32,2013-04-06 04:06:11,"43.70612576,-72.29094097",5.0
u32,2013-04-07 09:08:41,"43.70515516,-72.28939444",5.0
u32,2013-04-17 06:50:07,"43.70285908,-72.29002745",4.0
u32,2013-04-10 20:52:31,"43.70827877,-72.28438588",4.0
u32,2013-04-11 20:03:37,"43.70433336,-72.29107034",5.0
u32,2013-04-10 07:57:41,"43.70340811,-72.29061712",4.0
u32,2013-04-12 17:41:56,"43.71906267,-72.27262809",4.0
u32,2013-04-13 21:53:00,"43.71713165,-72.27145544",4.0
u32,2013-04-14 20:50:22,"43.71713165,-72.27145544",5.0
u32,2013-04-18 11:09:32,Unknown,5.0
u32,2013-04-19 09:16:49,"43.70300607,-72.29026873",4.0
u32,2013-04-22 09:17:07,"43.7031993,-72.2904444",3.0
u32,2013-05-03 07:38:24,"43.70211393,-72.28994529",5.0
u32,2013-05-06 06:00:46,"43.70425459,-72.29094939",3.0
u32,2013-05-10 18:50:28,"43.719082,-72.2724696",4.0
u32,2013-05-09 07:35:55,"43.7089232,-72.28415444",4.0
u32,2013-05-05 17:27:33,"43.70420319,-72.28854729",6.0
u32,2013-05-13 00:08:18,"43.7037874,-72.29006945",6.0
u32,2013-05-20 21:00:09,Unknown,4.0
u32,2013-05-28 19:35:22,"43.70450738,-72.29025958",4.0
u32,2013-05-27 06:29:09,"43.65273307,-72.24424084",4.0
u33,2013-03-31 07:15:00,"43.7037725,-72.29602645",4.0
u33,2013-03-30 08:41:20,"43.70377911,-72.28961632",3.0
u33,2013-03-29 06:01:20,"43.70167351,-72.28833149",4.0
u33,2013-04-01 06:02:55,"43.70581992,-72.28789232",4.0
u33,2013-04-01 18:10:48,"43.70412701,-72.29543193",5.0
u33,2013-04-03 04:12:28,"43.70375564,-72.296021",4.0
u33,2013-04-05 04:08:00,"43.70185971,-72.2876715",3.0
u33,2013-04-04 05:48:03,"43.70403059,-72.29608355",3.0
u33,2013-04-07 06:02:46,"43.70467136,-72.29424691",4.0
u33,2013-04-08 06:00:59,"43.70582114,-72.28794392",3.0
u33,2013-04-09 01:12:01,"43.70568599,-72.28783925",3.0
u33,2013-04-10 20:02:16,"43.70332015,-72.29598121",4.0
u33,2013-04-11 20:01:53,"43.70341924,-72.29629875",4.0
u33,2013-04-12 20:00:13,"43.70368617,-72.29580241",4.0
u33,2013-04-13 21:55:10,"43.70351337,-72.29604785",4.0
u33,2013-04-17 07:01:15,"43.70326794,-72.29043467",5.0
u33,2013-04-14 20:14:47,"43.70362837,-72.29609942",2.0
u33,2013-04-18 06:00:17,"43.70351032,-72.29612362",4.0
u33,2013-04-19 06:23:37,"43.70746347,-72.28509434",5.0
u33,2013-04-22 06:20:35,"43.70410502,-72.29484537",3.0
u33,2013-04-30 07:21:26,"43.70501854,-72.29249544",3.0
u33,2013-04-26 18:03:43,"43.7037887,-72.29615197",4.0
u33,2013-05-03 04:33:51,"43.701888339999996,-72.28851972",5.0
u33,2013-05-11 07:08:51,"43.70096638,-72.28858467",5.0
u33,2013-05-14 09:11:59,"43.70368448,-72.29611307",5.0
u33,2013-05-09 06:05:18,Unknown,5.0
u33,2013-05-05 06:00:07,"43.70583433,-72.28880318",4.0
u33,2013-05-10 06:10:37,Unknown,4.0
u33,2013-05-13 13:14:28,"43.70242394,-72.2919064",6.0
u33,2013-06-01 02:46:55,"43.70483061,-72.29437769",2.0
u33,2013-05-25 06:37:07,"43.70336841,-72.29649498",4.0
u33,2013-05-30 02:22:15,Unknown,3.0
u34,2013-03-29 08:31:59,"43.706922,-72.28620799",3.0
u34,2013-04-03 04:53:12,"43.70794976,-72.28483945",4.0
u34,2013-04-04 05:22:07,"43.70834285,-72.28515483",4.0
u34,2013-04-05 05:42:03,"43.7072904,-72.28579172",4.0
u34,2013-04-06 05:49:44,"43.69979349,-72.28945872",4.0
u35,2013-04-04 04:05:35,"43.64103289,-72.24899344",2.0
u35,2013-03-29 04:21:18,"43.70551161,-72.28318058",2.0
u35,2013-03-29 08:56:58,"43.70568371,-72.28335447",2.0
u35,2013-04-03 04:53:16,"43.69342141,-72.27623288",3.0
u35,2013-03-30 06:09:02,"43.70540779,-72.28341488",2.0
u35,2013-03-31 08:00:36,"43.70556869,-72.28311254",2.0
u35,2013-04-01 07:58:02,"43.70537348,-72.2834109",1.0
u35,2013-04-06 04:26:51,"43.70826852,-72.28473529",1.0
u35,2013-04-08 06:04:21,"43.53959054,-72.38995452",3.0
u35,2013-04-08 05:53:15,"43.53959054,-72.38995452",2.0
u35,2013-04-08 05:53:24,"43.53959054,-72.38995452",2.0
u35,2013-04-10 20:09:59,"43.70410839,-72.29042107",3.0
u35,2013-04-11 20:03:57,"43.7032067,-72.29080808",3.0
u35,2013-04-12 20:52:10,"43.7032067,-72.29080808",3.0
u35,2013-04-14 23:19:14,"43.7053364,-72.28315167",2.0
u35,2013-04-18 07:10:33,"43.7077701,-72.28363396",4.0
u35,2013-04-19 06:49:12,"43.7053473,-72.28304112",3.0
u35,2013-04-22 00:00:21,"43.70554288,-72.28320827",2.0
u35,2013-04-28 00:08:44,"43.70553437,-72.28348632",2.0
u35,2013-05-03 08:34:28,"43.70537226,-72.28333742",3.0
u35,2013-05-11 06:25:15,"43.70206724,-72.28924417",2.0
u35,2013-05-10 09:13:25,"43.65861498,-72.24869697",2.0
u36,2013-03-30 06:21:15,"43.7069831,-72.28711031",3.0
u36,2013-03-31 06:48:50,Unknown,2.0
u36,2013-04-01 06:02:33,Unknown,3.0
u36,2013-04-03 04:05:24,"43.65180986,-72.30990188",2.0
u36,2013-04-04 05:23:39,"43.70856017,-72.28174284",2.0
u36,2013-04-05 04:32:58,"43.70672504,-72.2870343",2.0
u36,2013-04-08 06:17:19,"43.70650173,-72.28705275",2.0
u36,2013-04-06 06:10:48,"43.70663368,-72.28708155",2.0
u36,2013-04-07 06:01:54,"43.70654951,-72.28722688",2.0
u36,2013-04-09 06:13:25,"43.70676793,-72.2870234",2.0
u36,2013-04-13 20:38:50,"43.70691067,-72.28670488",2.0
u36,2013-04-10 20:06:46,"43.70650577,-72.28713836",2.0
u36,2013-04-11 20:08:56,"43.65196548,-72.3102879",2.0
u36,2013-04-12 22:08:31,"43.70667952,-72.2873341",2.0
u36,2013-04-14 02:32:31,"43.70691067,-72.28670488",2.0
u36,2013-04-14 20:37:44,"43.70655032,-72.28707265",2.0
u36,2013-04-15 23:18:15,"43.70655534,-72.28702434",2.0
u36,2013-04-17 06:11:55,"43.7065966,-72.28746486",2.0
u36,2013-04-18 07:36:51,"43.65177507,-72.31008393",2.0
u36,2013-04-21 19:13:57,"37.94400248,-121.72342483",4.0
u36,2013-05-03 07:04:01,"43.708084649999996,-72.28344417",2.0
u36,2013-05-12 06:51:17,"43.70664892,-72.28671625",2.0
u36,2013-05-06 06:10:20,"43.6516745,-72.31006304",2.0
u36,2013-05-10 07:39:14,"43.70698351,-72.28592491",2.0
u36,2013-05-09 08:00:49,"43.70655827,-72.28689597",2.0
u36,2013-05-11 08:26:14,"43.70603522,-72.28341178",2.0
u36,2013-05-14 09:02:24,"43.65151083,-72.31049935",2.0
u36,2013-05-24 07:08:28,"43.70331517,-72.2903492",2.0
u36,2013-05-25 08:20:09,"43.70652774,-72.28696301",2.0
u36,2013-05-27 02:02:27,"43.70694171,-72.28700511",2.0
u36,2013-05-28 04:00:18,"43.70798191,-72.28389574",2.0
u36,2013-05-29 02:17:06,"43.70676478,-72.28709385",2.0
u39,2013-04-10 03:45:46,"43.70657715,-72.28645985",1.0
u39,2013-04-10 03:45:48,Unknown,1.0
u39,2013-04-10 04:24:46,Unknown,1.0
u39,2013-04-10 04:24:44,"43.70657715,-72.28645985",1.0
u39,2013-04-17 06:33:32,"43.65176968,-72.30989016",1.0
u39,2013-04-17 06:34:11,"43.65176968,-72.30989016",1.0
u39,2013-04-13 06:05:15,"43.65161386,-72.31003509",1.0
u39,2013-04-17 06:34:13,"43.65176968,-72.30989016",1.0
u39,2013-04-16 04:21:11,"43.7008617,-72.28950786",1.0
u39,2013-04-16 04:21:12,"43.7008617,-72.28950786",1.0
u39,2013-04-24 18:52:40,"43.65167079,-72.31001806",1.0
u41,2013-04-01 08:50:51,"43.70394481,-72.28581948",2.0
u41,2013-03-31 06:07:58,"43.70397289,-72.28593403",2.0
u41,2013-03-29 06:01:34,Unknown,4.0
u41,2013-04-11 20:09:26,"43.70389958,-72.28580745",3.0
u41,2013-04-13 20:12:00,"43.70393265,-72.28608222",4.0
u41,2013-04-14 21:25:54,"43.70428777,-72.28778708",4.0
u41,2013-04-28 06:00:21,"43.7053667,-72.28824005",5.0
u42,2013-04-02 12:10:05,"43.6942702,-72.27887471",2.0
u42,2013-04-02 12:10:03,"43.70755244,-72.28629937",2.0
u42,2013-04-03 04:52:40,"43.62834565,-72.3223213",3.0
u42,2013-04-04 04:14:55,"43.70714459,-72.28293882",3.0
u42,2013-04-06 04:26:50,"43.70819283,-72.28502758",3.0
u42,2013-04-19 10:52:31,"43.65846416,-72.24872049",3.0
u42,2013-04-22 06:44:46,"43.65857427,-72.24864027",3.0
u42,2013-04-23 07:19:50,"43.62825468,-72.32243547",2.0
u42,2013-05-13 19:40:26,"43.66270982,-72.25494813",1.0
u42,2013-05-13 19:40:39,"43.66270982,-72.25494813",1.0
u42,2013-05-06 08:54:21,"43.65858208,-72.24870122",3.0
u42,2013-05-05 06:01:20,"43.65863,-72.24877757",3.0
u42,2013-05-14 17:41:48,"43.66117959,-72.25346471",3.0
u42,2013-05-14 17:42:43,"43.66117959,-72.25346471",3.0
u42,2013-06-01 02:00:13,"43.70377618,-72.28228327",2.0
u43,2013-04-03 22:05:43,"43.70566059,-72.29130704",4.0
u43,2013-04-04 04:01:16,"43.70619631,-72.28823087",4.0
u43,2013-04-03 08:25:21,"43.7056535,-72.29132724",3.0
u43,2013-04-01 22:41:47,"43.70661883,-72.28760805",3.0
u43,2013-04-03 04:02:42,"43.7056535,-72.29132724",3.0
u43,2013-04-02 18:01:09,"43.70546977,-72.29153142",3.0
u43,2013-04-03 16:59:08,"43.70566059,-72.29130704",4.0
u43,2013-04-03 08:25:09,"43.7056535,-72.29132724",3.0
u43,2013-04-04 20:51:58,"43.70619631,-72.28823087",3.0
u43,2013-04-05 01:48:07,"43.70549429,-72.29181405",3.0
u43,2013-04-05 04:00:17,"43.70263734,-72.29102803",3.0
u43,2013-04-05 18:43:59,"43.70572255,-72.29124291",3.0
u43,2013-04-06 04:23:20,"43.50783677,-72.13449058",3.0
u43,2013-04-07 06:03:15,"42.36112482,-71.07113958",2.0
u43,2013-04-07 18:47:09,"42.36112482,-71.07113958",2.0
u43,2013-04-08 23:24:30,"43.70560342,-72.29137243",2.0
u43,2013-04-06 21:59:50,"43.50783677,-72.13449058",2.0
u43,2013-04-08 06:00:56,"43.70599853,-72.29087445",2.0
u43,2013-04-09 21:52:36,"43.70566653,-72.29162127",4.0
u43,2013-04-10 19:52:17,"43.70355489,-72.28875143",3.0
u43,2013-04-10 20:08:24,"43.70355489,-72.28875143",3.0
u43,2013-04-11 20:02:30,"43.70349928,-72.29089432",3.0
u43,2013-04-18 20:35:33,"43.70557117,-72.29109324",3.0
u43,2013-04-12 01:47:02,"43.70234665,-72.28813935",3.0
u43,2013-04-12 18:00:52,"43.70234665,-72.28813935",3.0
u43,2013-04-12 20:22:22,"43.70234665,-72.28813935",3.0
u43,2013-04-13 20:33:31,"43.70462998,-72.28974619",4.0
u43,2013-04-14 19:53:53,"43.70500487,-72.2905778",2.0
u43,2013-04-14 20:53:05,"43.70500487,-72.2905778",2.0
u43,2013-04-16 06:10:16,Unknown,3.0
u43,2013-04-15 21:56:49,Unknown,3.0
u43,2013-04-17 07:31:49,"43.70567734,-72.29183525",3.0
u43,2013-04-17 23:22:47,"43.70523224,-72.29210557",4.0
u43,2013-04-18 06:00:39,"43.70565768,-72.29148478",4.0
u43,2013-04-19 06:17:15,"43.70564535,-72.29122186",3.0
u43,2013-04-22 06:32:34,Unknown,3.0
u43,2013-04-22 02:18:35,"44.26783796,-69.80648763",4.0
u43,2013-04-23 06:00:19,"43.70451755,-72.28952021",3.0
u43,2013-04-28 07:36:44,"42.37524231,-71.1246049",4.0
u43,2013-05-03 17:27:11,"43.70571777,-72.29145544",4.0
u43,2013-05-09 06:24:18,"43.70569392,-72.290703",3.0
u43,2013-05-13 06:00:28,"43.70614429,-72.2869262",3.0
u43,2013-05-25 06:01:35,Unknown,4.0
u43,2013-05-29 02:31:58,"43.70553515,-72.29157025",4.0
u44,2013-04-03 02:11:03,"43.70687995,-72.28684036",2.0
u44,2013-04-02 22:14:05,"43.70687995,-72.28684036",3.0
u44,2013-04-03 04:07:49,"43.69228995,-72.26681751",2.0
u44,2013-04-04 04:44:20,"43.69220757,-72.26687248",2.0
u44,2013-04-04 16:14:24,"43.69207668,-72.26667703",2.0
u44,2013-04-05 02:21:43,"43.70647656,-72.28646693",2.0
u44,2013-04-05 04:31:10,"43.70653963,-72.28694217",2.0
u44,2013-04-07 06:42:20,"43.69252995,-72.26679213",2.0
u44,2013-04-07 01:59:50,"43.69204284,-72.26686288",2.0
u44,2013-04-08 06:06:31,"43.69245308,-72.26713397",2.0
u44,2013-04-09 07:03:49,"43.69230772,-72.26689566",2.0
u44,2013-04-10 21:42:37,"43.70905522,-72.28367829",2.0
u44,2013-04-11 17:04:13,"43.69231687,-72.26692115",2.0
u44,2013-04-13 16:49:51,"43.69215012,-72.26703486",3.0
u44,2013-04-12 21:15:10,"43.69213022,-72.27010971",2.0
u44,2013-04-11 20:59:08,"43.70752065,-72.28669805",2.0
u44,2013-04-15 08:29:07,"43.69250898,-72.26687713",1.0
u44,2013-04-16 06:53:09,"43.70711018,-72.28582147",1.0
u44,2013-04-16 16:28:40,"43.69226815,-72.26702755",2.0
u44,2013-04-17 06:09:13,"43.69206524,-72.26693223",2.0
u44,2013-04-19 16:59:20,"43.69231923,-72.26700025",2.0
u44,2013-04-20 16:33:32,"43.69222142,-72.26706862",4.0
u44,2013-04-21 08:46:20,"43.69234545,-72.26685624",2.0
u44,2013-04-29 15:12:41,"43.69198838,-72.26681867",2.0
u44,2013-04-23 06:23:22,"43.70957133,-72.28436521",2.0
u44,2013-04-22 20:17:41,"43.70957133,-72.28436521",2.0
u44,2013-04-25 00:29:33,"43.69935873,-72.28135033",2.0
u44,2013-04-23 17:43:04,"43.69227118,-72.26710539",2.0
u44,2013-04-25 16:29:44,"43.69221585,-72.26709452",2.0
u44,2013-04-27 17:10:59,Unknown,2.0
u44,2013-04-26 16:27:05,"43.69232314,-72.26697319",2.0
u44,2013-04-28 22:12:35,"43.69230343,-72.26698234",2.0
u44,2013-04-30 15:28:54,"43.69205554,-72.2671205",3.0
u44,2013-05-01 15:04:23,"43.69241334,-72.26678771",2.0
u44,2013-05-02 16:27:03,"43.69204957,-72.26697347",2.0
u44,2013-05-03 15:33:54,"43.69218699,-72.26710181",2.0
u44,2013-05-08 16:27:16,"43.69230186,-72.26682816",2.0
u44,2013-05-07 18:24:17,"43.69255276,-72.26704092",2.0
u44,2013-05-04 17:11:22,"43.69208378,-72.26703755",3.0
u44,2013-05-06 20:10:54,"43.70691341,-72.28711558",2.0
u44,2013-05-05 17:46:00,"43.69238395,-72.26701546",1.0
u44,2013-05-09 17:39:34,"43.69230186,-72.26682816",2.0
u44,2013-05-16 17:49:24,"43.69229577,-72.26673522",2.0
u44,2013-05-12 04:30:08,Unknown,2.0
u44,2013-05-12 17:05:53,"43.69220954,-72.26702639",1.0
u44,2013-05-10 17:02:22,"43.69241681,-72.26706585",2.0
u44,2013-05-13 17:11:13,"43.69206484,-72.26700327",2.0
u44,2013-05-14 17:31:42,"43.69225,-72.26698519",2.0
u44,2013-05-15 16:49:12,"43.69219289,-72.26671048",2.0
u44,2013-05-18 17:40:38,"43.6922613,-72.26687932",2.0
u44,2013-05-17 17:44:42,"43.69229406,-72.26664182",2.0
u44,2013-05-19 19:36:14,"43.69142104,-72.26941669",3.0
u44,2013-05-20 16:44:45,"43.69230186,-72.26692699",2.0
u44,2013-05-22 17:41:45,"43.69230566,-72.26694933",3.0
u44,2013-05-23 17:13:33,"43.69213441,-72.26712004",2.0
u44,2013-05-24 17:20:43,"43.69222786,-72.26719913",4.0
u44,2013-05-25 17:44:03,"43.69476866,-72.27943547",2.0
u44,2013-05-27 17:28:40,"43.69341383,-72.2733575",2.0
u45,2013-04-02 10:42:51,"43.70714984,-72.2865919",3.0
u45,2013-04-03 08:22:12,"43.70797577,-72.28494445",4.0
u45,2013-04-02 10:42:51,"43.70714984,-72.2865919",3.0
u45,2013-04-04 04:11:01,"43.70913025,-72.28483736",3.0
u45,2013-04-05 05:02:01,"43.70789644,-72.28491183",3.0
u45,2013-04-06 05:02:08,"43.70816382,-72.2852289",3.0
u45,2013-04-11 20:45:36,"43.70704773,-72.28579557",3.0
u45,2013-04-12 21:56:17,"43.70795674,-72.2850216",2.0
u45,2013-04-14 21:55:10,"43.70819668,-72.28503784",2.0
u45,2013-04-16 08:08:46,"43.65868105,-72.24849809",3.0
u45,2013-04-16 08:13:46,"43.65868105,-72.24849809",3.0
u45,2013-04-18 07:06:19,"43.71743737,-72.3069841",2.0
u45,2013-04-22 06:00:04,"43.706812,-72.28671513",3.0
u45,2013-05-11 09:24:30,"43.71766644,-72.30678104",3.0
u45,2013-05-06 06:14:42,Unknown,3.0
u46,2013-04-01 00:20:38,"43.70640514,-72.28820773",4.0
u46,2013-04-04 04:00:39,"43.70675529,-72.28728531",4.0
u46,2013-04-01 06:02:54,"43.70106678,-72.28949426",4.0
u46,2013-04-01 18:35:20,"43.70105311,-72.28963051",3.0
u46,2013-04-02 09:45:50,"43.7044068,-72.28971584",4.0
u46,2013-04-03 04:05:12,"43.70502483,-72.28874105",4.0
u46,2013-04-04 02:21:02,"43.70675529,-72.28728531",4.0
u46,2013-04-05 04:22:51,"43.70589093,-72.28772656",3.0
u46,2013-04-05 04:22:59,"43.70589093,-72.28772656",4.0
u46,2013-04-07 06:12:03,"43.70589876,-72.28814521",3.0
u46,2013-04-13 20:14:15,Unknown,4.0
u46,2013-04-10 20:00:41,"43.70418508,-72.2961775",4.0
u46,2013-04-12 20:02:13,"43.70450188,-72.2971835",4.0
u46,2013-04-15 16:34:42,"43.70520754,-72.29021202",4.0
u46,2013-04-18 19:32:29,"43.70418499,-72.29773208",4.0
u46,2013-04-19 06:07:35,"43.70242371,-72.29305417",5.0
u46,2013-05-10 09:29:40,"43.70465108,-72.29535043",2.0
u47,2013-03-29 09:08:04,Unknown,3.0
u47,2013-03-30 20:10:38,Unknown,3.0
u47,2013-04-04 04:41:31,Unknown,2.0
u47,2013-04-05 04:57:24,"43.70679119601846,-72.28743245825171",4.0
u47,2013-04-13 20:49:12,"43.68140639271587,-72.32202088460326",3.0
u47,2013-04-18 07:42:53,"43.68151468690485,-72.32208207249641",2.0
u47,2013-04-14 20:49:43,"43.68140509352088,-72.32197218574584",3.0
u47,2013-04-15 20:27:17,"43.68150102440268,-72.32201526872814",3.0
u47,2013-04-21 07:36:44,"43.68150525726378,-72.32196740806103",2.0
u47,2013-04-22 06:25:07,"43.70653114747256,-72.28706650435925",2.0
u47,2013-05-03 09:17:40,Unknown,3.0
u47,2013-05-12 06:00:11,Unknown,4.0
u47,2013-05-24 06:02:53,"43.7070740852505,-72.28581625968218",2.0
u47,2013-05-25 06:04:15,"43.68153224699199,-72.32217259705067",4.0
u47,2013-05-27 02:02:34,"43.706551347859204,-72.28690414689481",3.0
u47,2013-05-28 02:00:44,"43.70288774371147,-72.29048950597644",5.0
u47,2013-05-29 02:00:06,"43.681430825963616,-72.32192139141262",6.0
u49,2013-03-31 06:52:15,"43.70705776482245,-72.29079078809796",4.0
u49,2013-03-29 06:00:55,"43.70716131206944,-72.29069298796604",2.0
u49,2013-03-28 22:48:39,"43.70660906218045,-72.28850320131149",3.0
u49,2013-03-29 22:04:50,"43.70267879651378,-72.29108858322432",2.0
u49,2013-03-30 06:12:58,"43.70714923611114,-72.2907766105146",3.0
u49,2013-04-01 06:33:47,"43.70709124872432,-72.29070399484226",4.0
u49,2013-04-03 22:09:57,"43.703158651028865,-72.2870008394822",3.0
u49,2013-04-04 04:01:28,"43.707160898813775,-72.29070505330372",3.0
u49,2013-04-04 22:04:06,"43.707100069217596,-72.29064611462705",4.0
u49,2013-04-05 04:10:49,"43.70602807141132,-72.28961758062928",3.0
u49,2013-04-06 02:08:07,"43.47757182567488,-72.10256690864196",4.0
u49,2013-04-08 07:44:57,"43.707128974835264,-72.29069696738179",3.0
u49,2013-04-10 20:00:36,"43.70321966184834,-72.2876130893634",3.0
u49,2013-04-11 20:00:16,"43.707152921972195,-72.28990023480135",3.0
u49,2013-04-12 20:28:53,Unknown,3.0
u49,2013-04-13 20:00:44,"43.707040367006044,-72.29090060653363",3.0
u49,2013-04-14 20:02:30,"43.706990801600554,-72.29083031513625",5.0
u49,2013-04-18 04:40:35,"43.70143796257927,-72.28840592331314",3.0
u49,2013-04-23 06:00:26,"43.70328375766367,-72.29034840992854",4.0
u49,2013-05-10 07:53:42,"43.70710055266189,-72.29069788063012",4.0
u49,2013-05-09 07:51:02,Unknown,3.0
u49,2013-05-13 02:53:33,"43.64085192959396,-72.2207083033798",4.0
u49,2013-05-07 06:03:27,"43.705985547631826,-72.2890841770398",4.0
u49,2013-05-05 06:02:30,"43.70311076889067,-72.29034101735787",4.0
u49,2013-05-04 21:04:31,"43.707145329987014,-72.29043743098563",4.0
u49,2013-05-11 06:00:43,"42.29421807481455,-71.30431207650626",3.0
u49,2013-05-18 06:34:03,"43.7071803391446,-72.29073719551904",4.0
u49,2013-05-24 06:26:58,"43.70536949189704,-72.2894110901644",3.0
u49,2013-05-30 02:05:47,"43.70722431435143,-72.29087450123586",4.0
u49,2013-05-25 06:03:22,"43.70718961158385,-72.29064125113423",4.0
u49,2013-05-27 02:19:01,"43.70482673868034,-72.29528006827621",3.0
u49,2013-05-27 00:59:04,"43.70730262660705,-72.29076807376563",4.0
u49,2013-05-31 07:52:50,"43.707175423533876,-72.29072460503018",3.0
u50,2013-03-31 06:13:06,"43.7081182,-72.28358526",1.0
u50,2013-03-29 21:38:39,"43.70717042,-72.28652835",2.0
u50,2013-04-01 10:27:19,"43.70568092,-72.28295897",1.0
u50,2013-04-05 05:41:15,"43.70666919,-72.28713494",1.0
u50,2013-04-07 06:31:46,"43.70683169,-72.28705001",1.0
u50,2013-04-11 20:10:07,"43.70657402,-72.28709846",2.0
u50,2013-04-10 21:49:24,"43.70553455,-72.28285265",2.0
u51,2013-03-29 06:14:29,"43.69935689,-72.29051287",3.0
u51,2013-03-30 07:10:39,"43.68294283,-72.28488609",3.0
u51,2013-03-31 08:58:55,"43.65187205,-72.30975063",2.0
u51,2013-04-01 06:27:17,"43.70551734,-72.28335444",2.0
u51,2013-04-03 05:07:33,"43.68788979,-72.29233141",3.0
u51,2013-04-05 04:17:53,"43.69498059,-72.29014274",2.0
u51,2013-04-07 07:07:55,"43.67761453,-72.1007708",2.0
u51,2013-04-08 07:14:37,"43.70057731,-72.28955261",1.0
u51,2013-04-07 05:27:37,"43.67761453,-72.1007708",2.0
u51,2013-04-10 20:10:03,"43.70660044,-72.28702986",1.0
u51,2013-04-11 20:20:20,"43.70644132,-72.28719247",1.0
u51,2013-04-12 20:49:07,"43.70664201,-72.28687051",1.0
u51,2013-04-16 06:26:21,Unknown,1.0
u51,2013-04-15 23:26:55,"43.7065978,-72.28709206",1.0
u51,2013-04-17 07:29:19,"43.70763358,-72.28826433",2.0
u51,2013-04-19 09:07:50,"43.70192126,-72.28925157",2.0
u51,2013-04-21 22:41:09,"43.70647457,-72.28694116",1.0
u51,2013-04-22 06:50:49,"43.70639016,-72.28683325",3.0
u51,2013-04-23 07:06:59,"43.70640485,-72.28685946",2.0
u51,2013-05-03 08:16:31,"43.70276553,-72.28905969",2.0
u51,2013-05-10 17:54:48,"43.70867293,-72.28167835",1.0
u51,2013-05-06 10:45:30,"43.70983685,-72.28318346",2.0
u51,2013-05-14 07:29:02,"43.69545444,-72.2897973",2.0
u51,2013-05-05 23:55:38,"42.03807185,-72.61743268",2.0
u51,2013-05-12 07:22:30,"43.70644675,-72.2867901",1.0
u51,2013-05-13 00:22:01,"43.70854618,-72.28326996",1.0
u51,2013-05-25 07:41:14,"43.6285899,-72.32269504",1.0
u51,2013-05-27 02:48:24,"43.69384957,-72.28397489",1.0
u51,2013-05-30 03:16:14,"43.70738663,-72.28550615",1.0
u51,2013-06-01 02:39:22,"43.70419424,-72.28832947",2.0
u51,2013-06-03 17:32:54,"43.65737758,-72.24507738",1.0
u51,2013-06-02 21:27:32,"43.70660417,-72.28703816",3.0
u51,2013-06-05 02:37:49,"43.69719798,-72.28066952",1.0
u52,2013-03-31 06:26:53,"43.7070176,-72.28908631666667",3.0
u52,2013-03-30 10:29:41,"43.7071139,-72.2889671",3.0
u52,2013-04-03 04:30:48,"43.7069401,-72.28877828333333",3.0
u52,2013-04-01 06:18:07,"43.707209383333335,-72.28884528333333",3.0
u52,2013-04-04 04:32:36,"43.706527333333334,-72.28934398333334",2.0
u52,2013-04-05 15:03:16,"43.70728103333333,-72.28899271666667",3.0
u52,2013-04-06 04:58:15,"43.702451116666666,-72.28956378333334",3.0
u52,2013-04-07 06:17:05,"43.707121433333334,-72.28947938333333",2.0
u52,2013-04-06 18:56:18,"43.70713576666667,-72.28891061666667",2.0
u52,2013-04-10 20:08:55,"43.7030312,-72.28956423333334",2.0
u52,2013-04-12 20:04:46,"43.70737126666667,-72.28852878333333",3.0
u52,2013-04-11 20:00:25,"43.7072184,-72.28903266666667",2.0
u52,2013-04-13 20:07:34,"43.70717081666667,-72.28903926666666",2.0
u53,2013-04-01 06:22:49,"43.01145504,-71.43604216",3.0
u53,2013-03-29 09:58:40,"43.70545141,-72.28303045",2.0
u53,2013-03-27 23:51:35,"43.70802035,-72.28348765",2.0
u53,2013-03-29 21:32:49,"43.70789343,-72.28376628",3.0
u53,2013-03-28 19:58:55,"43.70813907,-72.28399749",4.0
u53,2013-04-03 05:19:20,Unknown,2.0
u53,2013-03-30 06:01:27,"43.70550267,-72.2831871",3.0
u53,2013-04-01 06:22:52,"43.63632448,-72.28880593",3.0
u53,2013-04-01 06:22:49,"43.40062634,-72.01627429",4.0
u53,2013-04-01 11:34:35,"43.70548962,-72.28310369",3.0
u53,2013-04-04 04:45:52,"43.70703943,-72.2869256",3.0
u53,2013-04-06 03:05:05,"43.70652295,-72.28353758",3.0
u53,2013-04-05 02:23:50,"43.70567171,-72.28315625",4.0
u53,2013-04-07 06:47:38,"43.70548027,-72.28293906",3.0
u53,2013-04-07 04:21:46,Unknown,3.0
u53,2013-04-08 17:19:12,"43.66454128,-72.24716229",2.0
u53,2013-04-13 22:54:41,"43.7062465,-72.28310904",3.0
u53,2013-04-11 21:00:36,"43.70546486,-72.28308025",4.0
u53,2013-04-13 08:11:17,"43.70524211,-72.28287642",3.0
u53,2013-04-16 07:10:29,"43.70553921,-72.28302343",2.0
u53,2013-04-19 06:38:40,"43.70552167,-72.2830477",3.0
u53,2013-04-22 13:03:19,"43.70533036,-72.28315461",2.0
u53,2013-04-23 06:12:08,"43.70544746,-72.28320389",2.0
u53,2013-05-03 10:39:39,"43.70547626,-72.28309158",3.0
u53,2013-05-12 08:32:31,"43.70536903,-72.28326056",3.0
u53,2013-05-09 06:05:09,"43.70675386,-72.28641585",2.0
u53,2013-05-10 06:05:57,"43.70550636,-72.2830905",3.0
u53,2013-05-11 08:11:07,"43.65051289,-72.31035182",3.0
u53,2013-05-13 06:15:18,"43.70568311,-72.28321676",3.0
u53,2013-05-29 02:57:07,"43.70556611,-72.28299394",3.0
u53,2013-05-31 03:40:39,"43.70539723,-72.28309558",4.0
u54,2013-04-01 20:22:15,"41.55404933,-73.03993472",6.0
u54,2013-04-03 04:00:31,"43.70393297,-72.29575493",3.0
u54,2013-04-06 04:11:01,"43.70304486,-72.29041049",2.0
u54,2013-04-05 05:00:58,"43.70280446,-72.29102992",3.0
u54,2013-04-07 21:04:59,"44.0287685,-72.1012526",3.0
u54,2013-04-11 20:32:13,Unknown,2.0
u54,2013-04-14 20:47:06,"43.70684315,-72.28727941",2.0
u54,2013-04-17 06:05:10,"43.70620298,-72.28867813",3.0
u54,2013-04-18 06:00:11,"43.70415015,-72.29367693",3.0
u54,2013-04-21 06:32:47,"43.70285976,-72.28598337",2.0
u54,2013-04-29 17:48:58,Unknown,1.0
u56,2013-04-08 22:41:34,"43.01433773,-72.34858847",2.0
u56,2013-04-10 18:48:54,"43.7167643,-72.3092846",3.0
u56,2013-04-13 21:13:17,"43.01440941,-72.34824962",2.0
u56,2013-04-14 21:48:57,"43.71634031,-72.30888868",2.0
u56,2013-04-16 07:05:07,"43.71671598,-72.3090822",2.0
u56,2013-04-18 07:40:23,"43.71646992,-72.30896549",2.0
u56,2013-05-03 17:08:24,"43.71663661,-72.30912731",3.0
u56,2013-05-09 17:19:19,"43.71641225,-72.30929063",4.0
u56,2013-05-14 08:23:47,"43.7165207,-72.30909122",3.0
u56,2013-05-13 08:19:53,"43.71665523,-72.30904318",2.0
u56,2013-05-20 00:10:03,Unknown,4.0
u56,2013-06-04 02:12:42,"43.71654905,-72.30960914",1.0
u57,2013-03-27 20:03:09,"43.7028781,-72.29009704",4.0
u57,2013-03-29 06:01:45,"43.70693132,-72.28888253",5.0
u57,2013-03-30 06:15:34,"43.70742863,-72.28842649",4.0
u57,2013-03-31 06:01:24,"43.70316428,-72.28958366",5.0
u57,2013-04-01 06:57:10,"43.70707976,-72.28926095",4.0
u57,2013-04-03 04:01:23,"43.70323119,-72.28881724",4.0
u57,2013-04-04 05:03:22,"43.72349899,-72.28934052",5.0
u57,2013-04-05 04:01:29,"43.70303294,-72.29061235",5.0
u57,2013-04-06 04:58:54,"43.07856719,-71.47247614",4.0
u57,2013-04-10 20:15:02,"43.70688139,-72.28866023",4.0
u57,2013-04-12 05:04:29,"43.70715199,-72.2885498",4.0
u57,2013-04-12 20:01:20,"43.70702788,-72.28909157",4.0
u57,2013-04-13 20:40:57,"43.70698043,-72.2887427",5.0
u57,2013-04-16 22:24:57,"43.70724046,-72.28885725",4.0
u57,2013-04-14 20:06:35,"43.7037867,-72.28943352",5.0
u57,2013-04-17 06:17:02,"43.70712411,-72.28877067",4.0
u57,2013-04-20 23:24:07,"43.81237747,-72.18886948",5.0
u57,2013-04-21 06:13:31,"43.7071141,-72.28895246",4.0
u57,2013-04-22 07:31:45,"43.70635188,-72.2869814",5.0
u57,2013-04-28 06:03:06,"43.70726931,-72.28898657",4.0
u57,2013-04-30 10:29:33,"43.70262136,-72.29084874",4.0
u57,2013-05-03 07:27:07,"43.70692093,-72.2882277",5.0
u57,2013-05-10 06:01:46,"43.70696809,-72.28884744",5.0
u57,2013-05-05 06:04:02,"43.70702291,-72.28833102",4.0
u57,2013-05-06 16:56:54,"43.70700711,-72.28832348",5.0
u57,2013-05-14 06:00:43,"43.70707271,-72.28864822",4.0
u57,2013-05-11 07:07:13,"43.70542513,-72.289677",5.0
u57,2013-05-12 06:03:03,"43.70705639,-72.28908191",5.0
u57,2013-05-24 06:00:14,"43.70570937,-72.29025871",5.0
u57,2013-05-25 06:10:30,"43.65234606,-72.31917207",5.0
u57,2013-06-01 02:56:51,"43.70718501,-72.28886216",3.0
u57,2013-05-26 02:04:53,"43.70485676,-72.28807261",6.0
u57,2013-05-27 02:02:37,"43.70412608,-72.28996465",4.0
u57,2013-05-29 03:23:10,Unknown,4.0
u57,2013-05-28 02:00:13,"43.70502248,-72.28958197",4.0
u57,2013-06-03 03:21:42,"43.70642722,-72.29108366",4.0
u58,2013-03-27 23:54:46,"43.70611586,-72.28345541",1.0
u58,2013-03-29 07:36:23,"43.70738403,-72.28764595",2.0
u58,2013-03-31 06:05:58,"43.70850694,-72.28242346",1.0
u58,2013-04-03 04:32:58,"43.70622215,-72.28330781",3.0
u58,2013-04-04 04:08:31,"43.70745402,-72.28325715",3.0
u58,2013-04-05 05:03:28,"43.70660035,-72.28709394",2.0
u58,2013-04-06 04:10:22,"43.70610012,-72.28338585",2.0
u58,2013-04-07 06:26:04,"43.70583037,-72.28328387",3.0
u58,2013-04-08 07:14:56,"43.70606612,-72.2831362",2.0
u58,2013-04-10 20:49:33,"43.70736617,-72.28585735",2.0
u58,2013-04-17 07:29:35,"43.70607334,-72.28289277",3.0
u58,2013-04-11 20:25:45,"42.36179445,-71.0801419",3.0
u58,2013-04-12 20:08:45,"43.70710444,-72.28311046",2.0
u58,2013-04-13 20:30:30,"43.70632,-72.28343388",1.0
u58,2013-04-14 21:04:08,"43.70620341,-72.28324609",1.0
u58,2013-04-16 06:19:38,"43.70839358,-72.2822233",2.0
u58,2013-04-18 04:12:17,"43.70645524,-72.28313281",3.0
u58,2013-04-18 06:00:12,"43.70645524,-72.28313281",3.0
u58,2013-04-19 06:00:10,"43.70613747,-72.28341241",3.0
u58,2013-04-21 04:35:00,"43.70614787,-72.2833544",2.0
u58,2013-04-21 16:51:38,"43.7061593,-72.2835932",2.0
u58,2013-04-22 01:53:15,"43.70626803,-72.2833694",2.0
u58,2013-04-22 06:16:26,"43.70625615,-72.28323149",2.0
u58,2013-04-23 06:04:50,"43.70623102,-72.28310164",2.0
u58,2013-04-28 08:44:55,"43.70591621,-72.28494616",1.0
u58,2013-04-26 07:06:20,"43.70616071,-72.28328686",3.0
u58,2013-05-03 09:40:32,"43.7062086,-72.28353341",2.0
u58,2013-05-10 06:00:14,"43.70621972,-72.28341278",3.0
u58,2013-05-11 07:02:33,"43.70317016,-72.28645937",1.0
u58,2013-05-12 09:23:41,"43.70647378,-72.28294033",1.0
u58,2013-05-06 06:20:14,"43.70673131,-72.28330986",1.0
u58,2013-05-09 10:58:55,"43.7062678,-72.28294227",3.0
u58,2013-05-05 10:14:02,"43.70616309,-72.28327894",1.0
u58,2013-05-13 03:45:21,"43.70647378,-72.28294033",2.0
u58,2013-05-13 08:02:23,"43.70599042,-72.28304403",1.0
u58,2013-05-14 09:45:22,"43.7059648,-72.2834485",2.0
u58,2013-06-01 03:40:58,"43.70239827,-72.28972347",2.0
u58,2013-05-25 09:25:20,"43.70627269,-72.28321965",1.0
u58,2013-05-26 03:32:27,"43.70539408,-72.28305743",2.0
u58,2013-05-27 02:44:56,"43.70618726,-72.28339225",1.0
u58,2013-05-29 02:03:41,"43.70527295,-72.28304277",2.0
u58,2013-05-28 22:17:33,"43.70622433,-72.28334234",2.0
u58,2013-05-30 02:49:07,"43.70565376,-72.28328564",1.0
u59,2013-04-01 07:45:06,"43.7025121,-72.28898705",4.0
u59,2013-03-27 03:45:43,"43.70600279420614,-72.28865772485733",4.0
u59,2013-03-29 00:39:20,"43.702606027945876,-72.2895226534456",5.0
u59,2013-03-27 16:17:34,"43.70436740107834,-72.28962558321655",4.0
u59,2013-03-28 16:34:47,"43.702606027945876,-72.2895226534456",5.0
u59,2013-03-29 07:25:21,"43.702606027945876,-72.2895226534456",4.0
u59,2013-03-29 19:40:14,"43.702606027945876,-72.2895226534456",4.0
u59,2013-03-31 09:37:43,"43.70295231,-72.29014782",4.0
u59,2013-04-01 17:53:06,"43.704395,-72.28801132",4.0
u59,2013-03-30 23:38:57,"43.70673427,-72.28779417",5.0
u59,2013-03-31 07:27:47,"43.70295231,-72.29014782",5.0
u59,2013-03-30 06:03:54,"43.705576616339386,-72.29041096754372",4.0
u59,2013-03-31 21:46:16,"43.70563006,-72.29085119",4.0
u59,2013-04-01 15:14:02,"43.7025121,-72.28898705",4.0
u59,2013-04-03 05:58:19,"43.7052441,-72.29056065",4.0
u59,2013-04-02 16:49:40,"43.70566922,-72.29087336",4.0
u59,2013-04-03 04:01:32,"43.70763698,-72.2908901",4.0
u59,2013-04-04 16:56:59,"43.70385188,-72.28719243",5.0
u59,2013-04-04 04:09:55,"43.70492743,-72.2901242",5.0
u59,2013-04-08 06:00:40,"43.7060222402215,-72.29019781574607",4.0
u59,2013-04-05 04:01:53,"43.70497429277748,-72.29044700972736",5.0
u59,2013-04-05 00:44:22,"43.705932260490954,-72.28973739780486",5.0
u59,2013-04-05 02:04:37,"43.70590191800147,-72.28983261622488",5.0
u59,2013-04-05 16:00:47,"43.705437518656254,-72.29089770466089",4.0
u59,2013-04-05 23:43:43,"43.70539468713105,-72.29043569415808",4.0
u59,2013-04-07 00:17:45,"43.70573427993804,-72.2908112872392",5.0
u59,2013-04-07 12:44:14,Unknown,4.0
u59,2013-04-07 06:02:13,"43.703158563002944,-72.29066770523787",4.0
u59,2013-04-08 04:01:51,"43.703208435326815,-72.29068145155907",4.0
u59,2013-04-09 08:09:30,"43.705809926614165,-72.29142350144684",4.0
u59,2013-04-16 06:00:14,"43.70289050973952,-72.2909696213901",4.0
u59,2013-04-10 20:01:29,"43.702894197776914,-72.29080315679312",4.0
u59,2013-04-10 02:56:08,Unknown,4.0
u59,2013-04-17 06:03:16,"43.70563139207661,-72.29079762473702",4.0
u59,2013-04-11 20:02:47,"43.701694663614035,-72.2882104665041",4.0
u59,2013-04-12 20:06:38,"43.70402202475816,-72.28741058148444",4.0
u59,2013-04-13 20:25:57,Unknown,5.0
u59,2013-04-13 01:05:20,"43.70522507932037,-72.29081598110497",4.0
u59,2013-04-14 00:09:24,"43.70568109676242,-72.29072663001716",5.0
u59,2013-04-14 20:05:54,"43.70137925259769,-72.28947512805462",4.0
u59,2013-04-14 20:05:55,"43.70137925259769,-72.28947512805462",4.0
u59,2013-04-16 00:18:26,Unknown,4.0
u59,2013-04-18 06:00:31,Unknown,4.0
u59,2013-04-19 06:00:19,Unknown,5.0
u59,2013-04-21 09:45:53,"43.70550541207194,-72.2784256003797",4.0
u59,2013-04-22 06:00:49,"43.70345394127071,-72.29087851010263",4.0
u59,2013-04-23 06:03:21,Unknown,4.0
u59,2013-04-22 17:57:41,"43.705973415635526,-72.28723850101233",4.0
u59,2013-04-24 20:47:05,Unknown,4.0
u59,2013-04-28 06:14:34,"43.704226040281355,-72.29057994671166",5.0
u59,2013-04-25 19:40:26,"43.7066536070779,-72.28823712095618",4.0
u59,2013-04-27 22:08:21,Unknown,5.0
u59,2013-04-30 19:03:54,"43.70579710230231,-72.29083056561649",5.0
u59,2013-04-28 21:11:39,"43.705516937188804,-72.29096400551498",4.0
u59,2013-04-29 08:15:21,"43.706689733080566,-72.28658253327012",5.0
u59,2013-04-29 15:59:03,"43.70427260175347,-72.28899610228837",5.0
u59,2013-05-02 16:03:26,"43.70563415810466,-72.2912774886936",5.0
u59,2013-05-03 15:42:03,"43.705528462305665,-72.29130095802248",4.0
u59,2013-05-16 15:43:28,"43.70553600601852,-72.29107699356973",5.0
u59,2013-05-05 06:20:05,"43.70178573299199,-72.28840081952512",4.0
u59,2013-05-13 07:26:43,"29.90313538815826,-90.02738610841334",3.0
u59,2013-05-08 17:37:30,Unknown,4.0
u59,2013-05-07 16:57:42,"43.705429220572114,-72.29127271100879",4.0
u59,2013-05-10 08:01:24,Unknown,4.0
u59,2013-05-11 17:35:19,"33.64079515915364,-84.43565824069083",4.0
u59,2013-05-18 21:06:42,"43.70494906324893,-72.29194141924381",5.0
u59,2013-05-19 19:34:38,"43.705568527802825,-72.29081480763853",5.0
u59,2013-05-21 18:56:15,Unknown,4.0
u59,2013-05-22 18:58:38,"43.705720701254904,-72.29104246012866",4.0
u59,2013-05-30 16:12:28,"43.705530599690974,-72.29089292697608",5.0
u59,2013-05-25 20:38:16,Unknown,4.0
u59,2013-05-29 20:08:25,Unknown,4.0
u59,2013-05-27 19:09:20,"43.70550733990967,-72.2909749019891",4.0
u59,2013-05-29 02:00:36,Unknown,4.0
u59,2013-05-26 19:17:44,"43.705819859169424,-72.29087230749428",4.0
u59,2013-06-06 00:05:53,"29.902892354875803,-90.02732827328146",3.0
u59,2013-06-02 06:00:24,"29.900103276595473,-90.0295245833695",4.0
u59,2013-06-04 23:18:09,"29.902872280217707,-90.02744721248746",3.0
u59,2013-06-07 23:46:31,"29.899868331849575,-90.02978006377816",3.0
